corrida,qualidade,secao,sequencia,sequenciatotal,acoatual,al_min,c_min,c_max,n_min,s_min,corridasciclo,panela,vidapanela,temperaturaliquidus,temperaturaobjetivada,sugestaomodelolegado,temperaturasaidafp,tempociclo,temperaturamediareal
132228,F4A5E,300,5.0,8.0,V,0.01,0.35,0.37,0.01,0.045,6.0,7.0,32.0,1482.0,1532.0,1658.2442626953125,1659.0,1593.0,1537.0
132227,F4A5E,300,4.0,8.0,V,0.01,0.35,0.37,0.01,0.045,5.0,2.0,16.0,1482.0,1532.0,1658.7271728515625,1659.0,1364.0,1528.0
132226,F4A5E,300,3.0,8.0,V,0.01,0.35,0.37,0.01,0.045,4.0,4.0,50.0,1482.0,1532.0,1657.5343017578125,1659.0,954.0,1533.0
132225,F4A5E,300,2.0,8.0,V,0.01,0.35,0.37,0.01,0.045,5.0,14.0,38.0,1482.0,1532.0,1649.1761474609375,1652.0,1212.0,1546.0
132224,F4A5E,300,1.0,8.0,V,0.01,0.35,0.37,0.01,0.045,5.0,15.0,35.0,1482.0,1532.0,1661.008544921875,1664.0,1214.0,1534.0
132223,B7DF0,300,6.0,6.0,X,0.015,0.38,0.42,0.0,0.02,5.0,7.0,31.0,1486.0,1531.0,1645.6964111328125,1660.0,1220.0,1527.0
132222,28B54,300,5.0,6.0,B,0.01,0.32,0.35,0.0,0.015,4.0,2.0,15.0,1490.0,1535.0,1657.075439453125,1660.0,981.0,1546.0
132221,28B54,300,4.0,6.0,B,0.01,0.32,0.35,0.0,0.015,3.0,4.0,49.0,1490.0,1535.0,1653.8619384765625,1659.0,571.0,1545.0
132220,28B54,300,3.0,6.0,B,0.01,0.32,0.35,0.0,0.015,4.0,14.0,37.0,1490.0,1535.0,1656.2296142578125,1654.0,921.0,1531.0
132219,28B54,300,2.0,6.0,B,0.01,0.32,0.35,0.0,0.015,4.0,15.0,34.0,1490.0,1535.0,1656.8990478515625,1660.0,923.0,1532.0
132218,28B54,300,1.0,6.0,B,0.01,0.32,0.35,0.0,0.015,4.0,7.0,30.0,1490.0,1535.0,1676.5006103515625,1674.0,930.0,1540.0
132217,EB957,300,8.0,8.0,X,0.015,0.53,0.56,0.0,0.01,3.0,2.0,14.0,1486.0,1536.0,1663.450439453125,1665.0,703.0,1531.0
132216,EB957,300,7.0,8.0,X,0.015,0.53,0.56,0.0,0.01,2.0,4.0,48.0,1486.0,1536.0,1660.876708984375,1662.0,297.0,1542.0
132215,EB957,300,6.0,8.0,X,0.015,0.53,0.56,0.0,0.01,3.0,14.0,36.0,1486.0,1536.0,1658.3883056640625,1655.0,642.0,1545.0
132214,EB957,300,5.0,8.0,X,0.015,0.53,0.56,0.0,0.01,3.0,15.0,33.0,1486.0,1536.0,1661.8917236328125,1661.0,639.0,1544.0
132213,EB957,300,4.0,8.0,X,0.015,0.53,0.56,0.0,0.01,3.0,7.0,29.0,1486.0,1536.0,1666.6748046875,1667.0,630.0,1532.0
132212,EEE12,300,3.0,8.0,X,0.0,0.69,0.72,0.0,0.02,2.0,2.0,13.0,1475.0,1510.0,1637.3656005859375,1646.0,400.0,1519.0
132211,EEE12,300,2.0,8.0,X,0.0,0.69,0.72,0.0,0.02,1.0,4.0,47.0,1475.0,1510.0,1642.986572265625,1646.0,0.0,1522.0
132210,2737C,300,1.0,8.0,X,0.005,0.45,0.49,0.0,0.015,2.0,14.0,35.0,1480.0,1520.0,1645.331298828125,1646.0,341.0,1528.0
132209,3B7FC,300,6.0,6.0,X,0.005,0.46,0.5,0.0,0.015,2.0,15.0,32.0,1480.0,1525.0,1627.6376953125,1652.0,236.0,1533.0
132208,3B7FC,300,5.0,6.0,X,0.005,0.46,0.5,0.0,0.015,2.0,7.0,28.0,1480.0,1525.0,1633.618896484375,1633.0,234.0,1531.0
132207,A2DFA,300,4.0,6.0,X,0.005,0.43,0.5,0.0,0.0,1.0,2.0,12.0,1480.0,1525.0,1640.490234375,1637.0,0.0,1541.0
132206,A2DFA,300,3.0,6.0,X,0.005,0.43,0.5,0.0,0.0,1.0,14.0,34.0,1480.0,1525.0,1645.14990234375,1644.0,0.0,1533.0
132205,A2DFA,300,2.0,6.0,X,0.005,0.43,0.5,0.0,0.0,1.0,15.0,31.0,1480.0,1525.0,1646.4815673828125,1652.0,0.0,1542.0
132204,A2DFA,300,1.0,6.0,X,0.005,0.43,0.5,0.0,0.0,1.0,7.0,27.0,1480.0,1525.0,1670.95849609375,1673.0,0.0,1533.0
132203,4D097,300,9.0,9.0,X,0.015,0.51,0.55,0.0,0.01,11.0,2.0,11.0,1487.0,1527.0,1647.7042236328125,1649.0,2870.0,1534.0
132202,4D097,300,8.0,9.0,X,0.015,0.51,0.55,0.0,0.01,26.0,4.0,46.0,1487.0,1527.0,1642.4110107421875,1652.0,7232.0,1532.0
132201,4D097,300,7.0,9.0,X,0.015,0.51,0.55,0.0,0.01,27.0,14.0,33.0,1487.0,1527.0,1648.97119140625,1659.0,7458.0,1537.0
132200,4D097,300,6.0,10.0,X,0.015,0.51,0.55,0.0,0.01,26.0,15.0,30.0,1487.0,1527.0,1642.8408203125,1655.0,7189.0,1525.0
132199,4D097,300,5.0,10.0,X,0.015,0.51,0.55,0.0,0.01,26.0,7.0,26.0,1487.0,1527.0,1641.7730712890625,1649.0,7239.0,1530.0
132198,4D097,300,4.0,10.0,X,0.015,0.51,0.55,0.0,0.01,10.0,2.0,10.0,1487.0,1527.0,1644.949462890625,1649.0,2593.0,1524.0
132197,4D097,300,3.0,10.0,X,0.015,0.51,0.55,0.0,0.01,25.0,4.0,45.0,1487.0,1527.0,0.0,1649.0,6964.0,1533.0
132196,4D097,300,2.0,10.0,X,0.015,0.51,0.55,0.0,0.01,26.0,14.0,32.0,1487.0,1527.0,0.0,1643.0,7181.0,1538.0
132195,4D097,300,1.0,10.0,X,0.015,0.51,0.55,0.0,0.01,25.0,15.0,29.0,1487.0,1527.0,1655.5401611328125,1657.0,6902.0,1532.0
132194,FC47C,300,9.0,9.0,X,0.015,0.45,0.48,0.0,0.01,25.0,7.0,25.0,1480.0,1525.0,1644.7342529296875,1646.0,6951.0,1530.0
132193,FC47C,300,8.0,9.0,X,0.015,0.45,0.48,0.0,0.01,9.0,2.0,9.0,1480.0,1525.0,1643.6441650390625,1641.0,2307.0,1531.0
132192,FC47C,300,7.0,9.0,X,0.015,0.45,0.48,0.0,0.01,24.0,4.0,44.0,1480.0,1525.0,1642.8790283203125,1645.0,6673.0,1542.0
132191,FC47C,300,6.0,9.0,X,0.015,0.45,0.48,0.0,0.01,25.0,14.0,31.0,1480.0,1525.0,1643.2740478515625,1645.0,6891.0,1535.0
132190,FC47C,300,5.0,9.0,X,0.015,0.45,0.48,0.0,0.01,24.0,15.0,28.0,1480.0,1525.0,1637.599365234375,1647.0,6628.0,1537.0
132189,FC47C,300,4.0,9.0,X,0.015,0.45,0.48,0.0,0.01,24.0,7.0,24.0,1480.0,1525.0,1643.749267578125,1647.0,6679.0,1526.0
132188,FC47C,300,3.0,9.0,X,0.015,0.45,0.48,0.0,0.01,8.0,2.0,8.0,1480.0,1525.0,1645.141845703125,1642.0,2034.0,1521.0
132187,FC47C,300,2.0,9.0,X,0.015,0.45,0.48,0.0,0.01,23.0,4.0,43.0,1480.0,1525.0,1635.9378662109375,1640.0,6405.0,1540.0
132186,FC47C,300,1.0,9.0,X,0.015,0.45,0.48,0.0,0.01,24.0,14.0,30.0,1480.0,1525.0,1655.5147705078125,1643.0,6633.0,1526.0
132185,28B54,300,2.0,2.0,B,0.01,0.32,0.35,0.0,0.015,23.0,15.0,27.0,1490.0,1535.0,1652.6533203125,1653.0,6335.0,1542.0
132184,FC47C,300,3.0,11.0,X,0.015,0.45,0.48,0.0,0.01,23.0,7.0,23.0,1480.0,1525.0,1634.4957275390625,,6364.0,1540.0
132183,FC47C,300,2.0,11.0,X,0.015,0.45,0.48,0.0,0.01,7.0,2.0,7.0,1480.0,1525.0,1644.335693359375,1646.0,1717.0,1533.0
132182,FC47C,300,1.0,11.0,X,0.015,0.45,0.48,0.0,0.01,22.0,4.0,42.0,1480.0,1525.0,1662.062744140625,1659.0,6092.0,1540.0
132181,2D42F,300,8.0,8.0,B,0.005,0.36,0.39,0.0,0.01,23.0,14.0,29.0,1492.0,1547.0,1676.830078125,1677.0,6316.0,1544.0
132180,2D42F,300,7.0,8.0,B,0.005,0.36,0.39,0.0,0.01,22.0,15.0,26.0,1492.0,1547.0,1676.333984375,1681.0,6043.0,1548.0
132179,2D42F,300,6.0,8.0,B,0.005,0.36,0.39,0.0,0.01,22.0,7.0,22.0,1492.0,1547.0,1676.3463134765625,1675.0,6082.0,1539.0
132178,2D42F,300,5.0,8.0,B,0.005,0.36,0.39,0.0,0.01,6.0,2.0,6.0,1492.0,1547.0,1674.922119140625,1678.0,1435.0,1547.0
132177,2D42F,300,4.0,8.0,B,0.005,0.36,0.39,0.0,0.01,21.0,4.0,41.0,1492.0,1547.0,1670.4776611328125,1680.0,5808.0,1547.0
132176,2D42F,300,3.0,8.0,B,0.005,0.36,0.39,0.0,0.01,22.0,14.0,28.0,1492.0,1547.0,1675.0472412109375,1673.0,6026.0,1557.0
132175,2D42F,300,2.0,8.0,B,0.005,0.36,0.39,0.0,0.01,21.0,15.0,25.0,1492.0,1547.0,1670.16845703125,1675.0,5744.0,1552.0
132174,2D42F,300,1.0,8.0,B,0.005,0.36,0.39,0.0,0.01,21.0,7.0,21.0,1492.0,1547.0,1699.3990478515625,1699.0,5791.0,1549.0
132173,7FEAB,300,6.0,6.0,X,0.02,0.2,0.22,0.009,0.02,5.0,2.0,5.0,1506.0,1546.0,1670.525390625,1681.0,1145.0,1559.0
132172,7FEAB,300,5.0,6.0,X,0.02,0.2,0.22,0.009,0.02,20.0,4.0,40.0,1506.0,1546.0,1667.2032470703125,1676.0,5517.0,1568.0
132171,7FEAB,300,4.0,6.0,X,0.02,0.2,0.22,0.009,0.02,21.0,14.0,27.0,1506.0,1546.0,1662.9677734375,1672.0,5734.0,1561.0
132170,7FEAB,300,3.0,6.0,X,0.02,0.2,0.22,0.009,0.02,20.0,15.0,24.0,1506.0,1546.0,1662.4808349609375,1681.0,5466.0,1558.0
132169,7FEAB,300,2.0,6.0,X,0.02,0.2,0.22,0.009,0.02,20.0,7.0,20.0,1506.0,1546.0,1658.5294189453125,1668.0,5512.0,1545.0
132168,603D2,300,1.0,6.0,X,0.01,0.26,0.29,0.009,0.02,4.0,2.0,4.0,1496.0,1536.0,1672.9666748046875,1672.0,863.0,1547.0
132167,D63DF,300,7.0,7.0,V,0.005,0.37,0.4,0.01,0.03,19.0,4.0,39.0,1480.0,1525.0,1636.0235595703125,1645.0,5237.0,1533.0
132166,D63DF,300,6.0,7.0,V,0.005,0.37,0.4,0.01,0.03,20.0,14.0,26.0,1480.0,1525.0,1635.7728271484375,1654.0,5440.0,1528.0
132165,258E9,300,5.0,7.0,X,0.01,0.32,0.35,0.0,0.0,19.0,15.0,23.0,1488.0,1528.0,1636.1611328125,1650.0,5162.0,1534.0
132164,258E9,300,4.0,7.0,X,0.01,0.32,0.35,0.0,0.0,19.0,7.0,19.0,1488.0,1528.0,1638.0667724609375,1649.0,5196.0,1531.0
132163,EF256,300,3.0,7.0,B,0.015,0.56,0.64,0.0,0.0,3.0,2.0,3.0,1481.0,1526.0,1646.2303466796875,1671.0,545.0,1528.0
132162,EF256,300,2.0,7.0,B,0.015,0.56,0.64,0.0,0.0,18.0,4.0,38.0,1481.0,1526.0,1649.945556640625,1647.0,4909.0,1523.0
132161,E7641,300,1.0,7.0,X,0.015,0.58,0.62,0.0,0.0,19.0,14.0,25.0,1480.0,1520.0,1642.58642578125,1644.0,5124.0,1523.0
132160,B7DF0,300,3.0,3.0,X,0.015,0.38,0.42,0.0,0.02,18.0,15.0,22.0,1486.0,1531.0,1651.177490234375,1662.0,4827.0,1539.0
132159,2556F,300,6.0,7.0,X,0.01,0.48,0.53,0.008,0.0,2.0,2.0,2.0,1486.0,1516.0,1640.750244140625,1641.0,284.0,1523.0
132158,2556F,300,5.0,7.0,X,0.01,0.48,0.53,0.008,0.0,18.0,7.0,18.0,1486.0,1516.0,1635.160400390625,1650.0,4821.0,1532.0
132157,E0B89,300,4.0,7.0,X,0.02,0.25,0.27,0.01,0.01,17.0,4.0,37.0,1501.0,1546.0,1673.5174560546875,1678.0,4592.0,1543.0
132156,4B82B,300,3.0,7.0,X,0.02,0.3,0.33,0.006,0.02,18.0,14.0,24.0,1495.0,1540.0,1652.5093994140625,1655.0,4814.0,1553.0
132155,4B82B,300,2.0,7.0,X,0.02,0.3,0.33,0.006,0.02,17.0,15.0,21.0,1495.0,1540.0,1649.51904296875,1668.0,4539.0,1546.0
132154,4B82B,300,1.0,7.0,X,0.02,0.3,0.33,0.006,0.02,1.0,2.0,1.0,1495.0,1540.0,1699.478271484375,1701.0,0.0,1549.0
132153,D398B,300,6.0,6.0,X,0.02,0.19,0.22,0.009,0.02,17.0,7.0,17.0,1506.0,1551.0,1673.158203125,1677.0,4453.0,1553.0
132152,D398B,300,5.0,6.0,X,0.02,0.19,0.22,0.009,0.02,16.0,4.0,36.0,1506.0,1551.0,1664.350830078125,1671.0,4209.0,1558.0
132151,D398B,300,4.0,6.0,X,0.02,0.19,0.22,0.009,0.02,17.0,14.0,23.0,1506.0,1551.0,1668.8592529296875,1664.0,4422.0,1570.0
132150,D398B,300,3.0,6.0,X,0.02,0.19,0.22,0.009,0.02,16.0,15.0,20.0,1506.0,1551.0,1666.1282958984375,1673.0,4146.0,1558.0
132149,D398B,300,2.0,6.0,X,0.02,0.19,0.22,0.009,0.02,16.0,7.0,16.0,1506.0,1551.0,1668.204345703125,1670.0,4183.0,1571.0
132148,D398B,300,1.0,6.0,X,0.02,0.19,0.22,0.009,0.02,15.0,4.0,35.0,1506.0,1551.0,1687.879638671875,1699.0,3962.0,1562.0
132147,25632,300,2.0,2.0,X,0.01,0.96,1.02,0.008,0.0,16.0,14.0,22.0,1460.0,1485.0,1602.138427734375,1611.0,4190.0,1492.0
132146,25632,300,1.0,2.0,X,0.01,0.96,1.02,0.008,0.0,15.0,15.0,19.0,1460.0,1485.0,1616.643798828125,1624.0,3921.0,1491.0
132145,7BE94,300,7.0,7.0,X,0.02,0.15,0.17,0.008,0.02,15.0,7.0,15.0,1509.0,1554.0,1665.075927734375,1679.0,3964.0,1556.0
132144,CA2FD,300,6.0,7.0,X,0.02,0.15,0.17,0.009,0.02,14.0,4.0,34.0,1507.0,1552.0,1666.5736083984375,1670.0,3744.0,1557.0
132143,CA2FD,300,5.0,7.0,X,0.02,0.15,0.17,0.009,0.02,15.0,14.0,21.0,1507.0,1552.0,1674.7086181640625,1678.0,3967.0,1553.0
132142,CA2FD,300,4.0,7.0,X,0.02,0.15,0.17,0.009,0.02,11.0,5.0,59.0,1507.0,1552.0,1667.134765625,1672.0,2963.0,1560.0
132141,CA2FD,300,3.0,7.0,X,0.02,0.15,0.17,0.009,0.02,14.0,15.0,18.0,1507.0,1552.0,1666.80029296875,1671.0,3653.0,1555.0
132140,CA2FD,300,2.0,7.0,X,0.02,0.15,0.17,0.009,0.02,14.0,7.0,14.0,1507.0,1552.0,1673.5452880859375,1669.0,3694.0,1554.0
132139,CE16F,300,1.0,7.0,X,0.02,0.15,0.17,0.008,0.02,13.0,4.0,33.0,1507.0,1552.0,1689.212890625,1685.0,3461.0,1561.0
132138,F7AB5,300,7.0,7.0,X,0.015,0.42,0.44,0.0,0.02,14.0,14.0,20.0,1481.0,1526.0,1643.9185791015625,1647.0,3604.0,1530.0
132137,F7AB5,300,6.0,7.0,X,0.015,0.42,0.44,0.0,0.02,13.0,15.0,17.0,1481.0,1526.0,1643.2020263671875,1645.0,3336.0,1531.0
132136,57414,300,5.0,7.0,X,0.01,0.38,0.43,0.0,0.02,10.0,5.0,58.0,1486.0,1526.0,1649.1480712890625,1650.0,2546.0,1542.0
132135,57414,300,4.0,7.0,X,0.01,0.38,0.43,0.0,0.02,13.0,7.0,13.0,1486.0,1526.0,1642.399658203125,1645.0,3340.0,1531.0
132134,7BECD,300,3.0,7.0,X,0.01,0.38,0.43,0.0,0.0,12.0,4.0,32.0,1485.0,1525.0,1636.9163818359375,1646.0,3124.0,1532.0
132133,7BECD,300,2.0,7.0,X,0.01,0.38,0.43,0.0,0.0,13.0,14.0,19.0,1485.0,1525.0,1634.3599853515625,1655.0,3346.0,1540.0
132132,7BECD,300,1.0,7.0,X,0.01,0.38,0.43,0.0,0.0,12.0,15.0,16.0,1485.0,1525.0,1657.033447265625,1655.0,3079.0,1529.0
132131,F10E0,300,8.0,8.0,X,0.02,0.15,0.18,0.008,0.0,9.0,5.0,57.0,1511.0,1552.0,1661.400390625,1681.0,2286.0,1561.0
132130,F10E0,300,7.0,8.0,X,0.02,0.15,0.18,0.008,0.0,12.0,7.0,12.0,1511.0,1552.0,1664.307861328125,1665.0,3077.0,1550.0
132129,87A17,300,6.0,8.0,X,0.022,0.2,0.22,0.0,0.02,11.0,4.0,31.0,1505.0,1535.0,1656.1123046875,1663.0,2864.0,1545.0
132128,87A17,300,5.0,8.0,X,0.022,0.2,0.22,0.0,0.02,12.0,14.0,18.0,1505.0,1535.0,1657.564208984375,1647.0,3086.0,1548.0
132127,77C04,300,4.0,8.0,X,0.02,0.17,0.22,0.01,0.01,11.0,15.0,15.0,1502.0,1547.0,1672.8502197265625,1674.0,2825.0,1555.0
132126,77C04,300,3.0,8.0,X,0.02,0.17,0.22,0.01,0.01,8.0,5.0,56.0,1502.0,1547.0,1674.2020263671875,1675.0,2031.0,1556.0
132125,77C04,300,2.0,8.0,X,0.02,0.17,0.22,0.01,0.01,11.0,7.0,11.0,1502.0,1547.0,1672.8177490234375,1679.0,2820.0,1551.0
132124,E109B,300,1.0,8.0,X,0.02,0.2,0.22,0.0,0.02,10.0,4.0,30.0,1502.0,1542.0,1677.08251953125,1674.0,2603.0,1547.0
132123,90F69,300,5.0,5.0,V,0.015,0.28,0.31,0.0,0.0,11.0,14.0,17.0,1496.0,1551.0,1674.4010009765625,1673.0,2827.0,1554.0
132122,90F69,300,4.0,5.0,V,0.015,0.28,0.31,0.0,0.0,10.0,15.0,14.0,1496.0,1551.0,1673.7392578125,1680.0,2562.0,1547.0
132121,90F69,300,3.0,5.0,V,0.015,0.28,0.31,0.0,0.0,7.0,5.0,55.0,1496.0,1551.0,1672.9234619140625,1668.0,1770.0,1560.0
132120,90F69,300,2.0,5.0,V,0.015,0.28,0.31,0.0,0.0,10.0,7.0,10.0,1496.0,1551.0,1666.1756591796875,1676.0,2541.0,1543.0
132119,1D3E9,300,1.0,5.0,X,0.005,0.51,0.54,0.0,0.008,9.0,4.0,29.0,1484.0,1529.0,1663.299072265625,1673.0,2314.0,1529.0
132118,C8E9A,300,4.0,4.0,X,0.02,0.19,0.22,0.009,0.0,10.0,14.0,16.0,1505.0,1545.0,1664.514892578125,1672.0,2537.0,1558.0
132117,FEDC9,300,3.0,4.0,X,0.02,0.17,0.19,0.01,0.01,9.0,15.0,13.0,1506.0,1551.0,1676.3748779296875,1678.0,2267.0,1560.0
132116,8E733,300,2.0,4.0,X,0.02,0.17,0.2,0.01,0.02,6.0,5.0,54.0,1506.0,1546.0,1663.58349609375,1666.0,1470.0,1564.0
132115,8E733,300,1.0,4.0,X,0.02,0.17,0.2,0.01,0.02,9.0,7.0,9.0,1506.0,1546.0,1685.2918701171875,1684.0,2263.0,1553.0
132114,248B5,300,6.0,6.0,X,0.02,0.21,0.23,0.009,0.02,8.0,4.0,28.0,1506.0,1551.0,1670.063720703125,1667.0,2043.0,1547.0
132113,248B5,300,5.0,6.0,X,0.02,0.21,0.23,0.009,0.02,9.0,14.0,15.0,1506.0,1551.0,1669.902587890625,1676.0,2249.0,1554.0
132112,248B5,300,4.0,6.0,X,0.02,0.21,0.23,0.009,0.02,8.0,15.0,12.0,1506.0,1551.0,1670.9954833984375,1662.0,1988.0,1543.0
132111,248B5,300,3.0,6.0,X,0.02,0.21,0.23,0.009,0.02,5.0,5.0,53.0,1506.0,1551.0,1669.658203125,1666.0,1199.0,1546.0
132110,27480,300,2.0,6.0,X,0.02,0.21,0.23,0.009,0.02,8.0,7.0,8.0,1506.0,1551.0,1670.0433349609375,1667.0,1980.0,1553.0
132109,27480,300,1.0,6.0,X,0.02,0.21,0.23,0.009,0.02,7.0,4.0,27.0,1506.0,1551.0,1695.406982421875,1692.0,1767.0,1557.0
132108,889AE,300,4.0,4.0,B,0.02,0.16,0.18,0.012,0.01,8.0,14.0,14.0,1507.0,1532.0,1636.78369140625,1654.0,1993.0,1554.0
132107,889AE,300,3.0,4.0,B,0.02,0.16,0.18,0.012,0.01,7.0,15.0,11.0,1507.0,1532.0,1639.59228515625,1645.0,1721.0,1543.0
132106,889AE,300,2.0,4.0,B,0.02,0.16,0.18,0.012,0.01,4.0,5.0,52.0,1507.0,1532.0,1640.1270751953125,1643.0,924.0,1547.0
132105,889AE,300,1.0,4.0,B,0.02,0.16,0.18,0.012,0.01,7.0,7.0,7.0,1507.0,1532.0,1673.8011474609375,1678.0,1701.0,1547.0
132104,9A58C,300,7.0,7.0,X,0.0,0.37,0.45,0.008,0.08,6.0,4.0,26.0,1480.0,1525.0,1635.1529541015625,1650.0,1484.0,1539.0
132103,9A58C,300,6.0,7.0,X,0.0,0.37,0.45,0.008,0.08,7.0,14.0,13.0,1480.0,1525.0,1634.57080078125,1646.0,1706.0,1540.0
132102,9A58C,300,5.0,7.0,X,0.0,0.37,0.45,0.008,0.08,6.0,15.0,10.0,1480.0,1525.0,1629.4910888671875,1646.0,1442.0,1525.0
132101,47D7D,300,4.0,7.0,X,0.0,0.37,0.41,0.011,0.08,3.0,5.0,51.0,1480.0,1525.0,1637.746826171875,1652.0,643.0,1527.0
132100,47D7D,300,3.0,7.0,X,0.0,0.37,0.41,0.011,0.08,6.0,7.0,6.0,1480.0,1525.0,1637.787109375,1650.0,1375.0,1528.0
132099,47D7D,300,2.0,7.0,X,0.0,0.37,0.41,0.011,0.08,6.0,14.0,12.0,1480.0,1525.0,1633.1268310546875,1649.0,1428.0,1532.0
132098,47D7D,300,1.0,7.0,X,0.0,0.37,0.41,0.011,0.08,5.0,4.0,25.0,1480.0,1525.0,1655.965087890625,1645.0,1095.0,1532.0
132097,27A7C,300,7.0,7.0,X,0.02,0.43,0.47,0.0,0.015,5.0,15.0,9.0,1480.0,1515.0,1638.965087890625,1637.0,1092.0,1532.0
132096,FC47C,300,6.0,7.0,X,0.015,0.45,0.48,0.0,0.01,2.0,5.0,50.0,1480.0,1525.0,1642.4793701171875,1631.0,292.0,1529.0
132095,FC47C,300,5.0,7.0,X,0.015,0.45,0.48,0.0,0.01,5.0,7.0,5.0,1480.0,1525.0,1645.2452392578125,1642.0,1072.0,1530.0
132094,FC47C,300,4.0,7.0,X,0.015,0.45,0.48,0.0,0.01,5.0,14.0,11.0,1480.0,1525.0,1641.7939453125,1642.0,1128.0,1537.0
132093,FC47C,300,3.0,7.0,X,0.015,0.45,0.48,0.0,0.01,4.0,4.0,24.0,1480.0,1525.0,1639.7899169921875,1643.0,792.0,1534.0
132092,FC47C,300,2.0,7.0,X,0.015,0.45,0.48,0.0,0.01,4.0,15.0,8.0,1480.0,1525.0,1642.6416015625,1646.0,798.0,1521.0
132091,FC47C,300,1.0,7.0,X,0.015,0.45,0.48,0.0,0.01,1.0,5.0,49.0,1480.0,1525.0,1672.2708740234375,1674.0,0.0,1523.0
132090,4A0F0,300,6.0,6.0,X,0.0,0.39,0.42,0.0,0.03,4.0,7.0,4.0,1488.0,1528.0,1638.144287109375,1653.0,785.0,1542.0
132089,4A0F0,300,5.0,6.0,X,0.0,0.39,0.42,0.0,0.03,4.0,14.0,10.0,1488.0,1528.0,1637.9864501953125,1640.0,842.0,1538.0
132088,4A0F0,300,4.0,6.0,X,0.0,0.39,0.42,0.0,0.03,3.0,4.0,23.0,1488.0,1528.0,1642.290283203125,1644.0,505.0,1532.0
132087,4A0F0,300,3.0,6.0,X,0.0,0.39,0.42,0.0,0.03,3.0,15.0,7.0,1488.0,1528.0,1642.3682861328125,1643.0,513.0,1533.0
132086,4A0F0,300,2.0,6.0,X,0.0,0.39,0.42,0.0,0.03,3.0,7.0,3.0,1488.0,1528.0,1644.149169921875,1649.0,535.0,1531.0
132085,4A0F0,300,1.0,6.0,X,0.0,0.39,0.42,0.0,0.03,3.0,14.0,9.0,1488.0,1528.0,1657.3603515625,1659.0,590.0,1530.0
132084,CB239,300,8.0,8.0,V,0.0,0.69,0.73,0.012,0.06,2.0,4.0,22.0,1474.0,1499.0,1621.4666748046875,1623.0,261.0,1507.0
132083,CB239,300,7.0,8.0,V,0.0,0.69,0.73,0.012,0.06,2.0,15.0,6.0,1474.0,1499.0,1617.7041015625,1619.0,252.0,1509.0
132082,CB239,300,6.0,8.0,V,0.0,0.69,0.73,0.012,0.06,2.0,7.0,2.0,1474.0,1499.0,1621.5234375,1628.0,292.0,1505.0
132081,CB239,300,5.0,8.0,V,0.0,0.69,0.73,0.012,0.06,2.0,14.0,8.0,1474.0,1499.0,1617.520751953125,1619.0,347.0,1501.0
132080,CB239,300,4.0,8.0,V,0.0,0.69,0.73,0.012,0.06,1.0,4.0,21.0,1474.0,1499.0,1636.6220703125,1650.0,0.0,1504.0
132079,CB239,300,3.0,8.0,V,0.0,0.69,0.73,0.012,0.06,1.0,15.0,5.0,1474.0,1499.0,1636.1402587890625,1644.0,0.0,1506.0
132078,CB239,300,2.0,8.0,V,0.0,0.69,0.73,0.012,0.06,1.0,7.0,1.0,1474.0,1499.0,1642.1185302734375,1644.0,0.0,1511.0
132077,CB239,300,1.0,8.0,V,0.0,0.69,0.73,0.012,0.06,1.0,14.0,7.0,1474.0,1499.0,1652.5018310546875,1642.0,0.0,1509.0
132076,4A0F0,300,3.0,3.0,X,0.0,0.39,0.42,0.0,0.03,20.0,5.0,48.0,1488.0,1528.0,1645.4599609375,1644.0,5576.0,1532.0
132075,4A0F0,300,2.0,3.0,X,0.0,0.39,0.42,0.0,0.03,4.0,15.0,4.0,1488.0,1528.0,1644.0955810546875,1651.0,864.0,1534.0
132074,4A0F0,300,1.0,9.0,X,0.0,0.39,0.42,0.0,0.03,10.0,2.0,38.0,1488.0,1528.0,1651.531982421875,1662.0,3050.0,1537.0
132073,DCC51,300,4.0,4.0,V,0.01,0.29,0.32,0.012,0.03,20.0,4.0,20.0,1486.0,1536.0,1664.148193359375,1663.0,5473.0,1536.0
132072,D63DF,300,3.0,4.0,V,0.005,0.37,0.4,0.01,0.03,6.0,14.0,6.0,1480.0,1525.0,1636.0439453125,1644.0,1552.0,1520.0
132071,D63DF,300,2.0,4.0,V,0.005,0.37,0.4,0.01,0.03,19.0,5.0,47.0,1480.0,1525.0,1636.398681640625,1637.0,5302.0,1527.0
132070,D63DF,300,1.0,4.0,V,0.005,0.37,0.4,0.01,0.03,3.0,15.0,3.0,1480.0,1525.0,1669.7364501953125,1677.0,593.0,1529.0
132069,D63DF,300,3.0,7.0,V,0.005,0.37,0.4,0.01,0.03,9.0,2.0,37.0,1480.0,1525.0,1628.2750244140625,1637.0,2746.0,1525.0
132068,D63DF,300,2.0,7.0,V,0.005,0.37,0.4,0.01,0.03,19.0,4.0,19.0,1480.0,1525.0,1634.1544189453125,1640.0,5162.0,1524.0
132067,D63DF,300,1.0,7.0,V,0.005,0.37,0.4,0.01,0.03,5.0,14.0,5.0,1480.0,1525.0,1655.9779052734375,1659.0,1238.0,1520.0
132066,D63DF,300,7.0,7.0,V,0.005,0.37,0.4,0.01,0.03,18.0,5.0,46.0,1480.0,1525.0,1635.539794921875,1644.0,4987.0,1531.0
132065,D63DF,300,6.0,7.0,V,0.005,0.37,0.4,0.01,0.03,2.0,15.0,2.0,1480.0,1525.0,1640.17822265625,1643.0,281.0,1527.0
132064,D63DF,300,5.0,7.0,V,0.005,0.37,0.4,0.01,0.03,8.0,2.0,36.0,1480.0,1525.0,1640.128173828125,1637.0,2466.0,1517.0
132063,D63DF,300,4.0,7.0,V,0.005,0.37,0.4,0.01,0.03,18.0,4.0,18.0,1480.0,1525.0,1630.72412109375,1634.0,4880.0,1535.0
132062,D63DF,300,3.0,7.0,V,0.005,0.37,0.4,0.01,0.03,4.0,14.0,4.0,1480.0,1525.0,1630.7166748046875,1643.0,954.0,1528.0
132061,108A8,300,2.0,7.0,X,0.02,0.27,0.29,0.009,0.015,17.0,5.0,45.0,1501.0,1546.0,1663.9638671875,1682.0,4699.0,1542.0
132060,108A8,300,1.0,7.0,X,0.02,0.27,0.29,0.009,0.015,1.0,15.0,1.0,1501.0,1546.0,1712.7515869140625,1703.0,0.0,1539.0
132059,7FEAB,300,6.0,6.0,X,0.02,0.2,0.22,0.009,0.02,17.0,4.0,17.0,1506.0,1546.0,1657.42724609375,1671.0,4662.0,1560.0
132058,7FEAB,300,5.0,6.0,X,0.02,0.2,0.22,0.009,0.02,3.0,14.0,3.0,1506.0,1546.0,1675.743408203125,1673.0,722.0,1556.0
132057,7FEAB,300,4.0,6.0,X,0.02,0.2,0.22,0.009,0.02,16.0,5.0,44.0,1506.0,1546.0,1657.8577880859375,1677.0,4472.0,1558.0
132056,7FEAB,300,3.0,6.0,X,0.02,0.2,0.22,0.009,0.02,7.0,2.0,35.0,1506.0,1546.0,1660.909912109375,1666.0,2003.0,1553.0
132055,7FEAB,300,2.0,6.0,X,0.02,0.2,0.22,0.009,0.02,16.0,4.0,16.0,1506.0,1546.0,1667.766845703125,1679.0,4420.0,1550.0
132054,E0E22,300,1.0,6.0,X,0.02,0.19,0.21,0.009,0.02,15.0,16.0,58.0,1505.0,1550.0,1683.857666015625,1691.0,4240.0,1550.0
132053,60329,300,4.0,4.0,X,0.015,0.25,0.27,0.01,0.0,2.0,14.0,2.0,1501.0,1536.0,1657.9580078125,1681.0,442.0,1542.0
132052,60329,300,5.0,6.0,X,0.015,0.25,0.27,0.01,0.0,15.0,5.0,43.0,1501.0,1536.0,1654.9417724609375,1655.0,4022.0,1549.0
132051,60329,300,4.0,6.0,X,0.015,0.25,0.27,0.01,0.0,6.0,2.0,34.0,1501.0,1536.0,1654.611328125,1652.0,1561.0,1542.0
132050,60329,300,3.0,6.0,X,0.015,0.25,0.27,0.01,0.0,15.0,4.0,15.0,1501.0,1536.0,1649.02197265625,1656.0,3977.0,1543.0
132049,E0B89,300,2.0,6.0,X,0.02,0.25,0.27,0.01,0.01,14.0,16.0,57.0,1501.0,1546.0,1663.696044921875,1670.0,3791.0,1555.0
132048,E0B89,300,1.0,6.0,X,0.02,0.25,0.27,0.01,0.01,1.0,14.0,1.0,1501.0,1546.0,1713.22119140625,1718.0,0.0,1559.0
132047,BF6EC,300,7.0,7.0,X,0.015,0.19,0.23,0.009,0.0,14.0,5.0,42.0,1504.0,1549.0,1666.23193359375,1684.0,3752.0,1559.0
132046,BF6EC,300,6.0,7.0,X,0.015,0.19,0.23,0.009,0.0,5.0,2.0,33.0,1504.0,1549.0,1670.2271728515625,1671.0,1289.0,1556.0
132045,BF6EC,300,5.0,7.0,X,0.015,0.19,0.23,0.009,0.0,14.0,4.0,14.0,1504.0,1549.0,1669.8470458984375,1673.0,3712.0,1558.0
132044,BF6EC,300,4.0,7.0,X,0.015,0.19,0.23,0.009,0.0,13.0,16.0,56.0,1504.0,1549.0,1668.658203125,1669.0,3532.0,1542.0
132043,77C04,300,3.0,7.0,X,0.02,0.17,0.22,0.01,0.01,13.0,5.0,41.0,1502.0,1547.0,1675.8115234375,1681.0,3539.0,1543.0
132042,C2394,300,2.0,7.0,X,0.02,0.17,0.22,0.01,0.01,9.0,17.0,62.0,1502.0,1537.0,1658.5908203125,1660.0,2536.0,1542.0
132041,C2394,300,1.0,7.0,X,0.02,0.17,0.22,0.01,0.01,4.0,2.0,32.0,1502.0,1537.0,1672.9979248046875,1676.0,957.0,1546.0
132040,734B0,300,6.0,6.0,X,0.01,0.4,0.43,0.0,0.02,13.0,4.0,13.0,1486.0,1526.0,1639.0069580078125,1648.0,3375.0,1534.0
132039,734B0,300,5.0,6.0,X,0.01,0.4,0.43,0.0,0.02,12.0,16.0,55.0,1486.0,1526.0,1643.58642578125,1646.0,3187.0,1529.0
132038,734B0,300,4.0,6.0,X,0.01,0.4,0.43,0.0,0.02,12.0,5.0,40.0,1486.0,1526.0,1643.8258056640625,1646.0,3194.0,1530.0
132037,E483A,300,3.0,6.0,X,0.02,0.21,0.23,0.009,0.025,8.0,17.0,61.0,1500.0,1540.0,1661.604248046875,1665.0,2206.0,1545.0
132036,27480,300,2.0,6.0,X,0.02,0.21,0.23,0.009,0.02,3.0,2.0,31.0,1506.0,1551.0,1677.333740234375,1674.0,672.0,1549.0
132035,27480,300,1.0,6.0,X,0.02,0.21,0.23,0.009,0.02,12.0,4.0,12.0,1506.0,1551.0,1693.3397216796875,1691.0,3093.0,1538.0
132034,5692D,300,6.0,6.0,X,0.015,0.39,0.41,0.0,0.01,11.0,16.0,54.0,1486.0,1521.0,1637.7259521484375,1644.0,2913.0,1537.0
132033,8C895,300,5.0,6.0,X,0.0,0.4,0.42,0.0,0.0,11.0,5.0,39.0,1485.0,1530.0,1651.805419921875,1654.0,2927.0,1532.0
132032,7BECD,300,4.0,6.0,X,0.01,0.38,0.43,0.0,0.0,7.0,17.0,60.0,1485.0,1525.0,1637.213134765625,1649.0,1927.0,1535.0
132031,7BECD,300,3.0,6.0,X,0.01,0.38,0.43,0.0,0.0,2.0,2.0,30.0,1485.0,1525.0,1640.7142333984375,1653.0,400.0,1536.0
132030,1E183,300,2.0,6.0,X,0.01,0.38,0.43,0.0,0.02,11.0,4.0,11.0,1486.0,1526.0,1644.36572265625,1655.0,2824.0,1522.0
132029,1E183,300,1.0,6.0,X,0.01,0.38,0.43,0.0,0.02,10.0,16.0,53.0,1486.0,1526.0,1659.39599609375,1675.0,2614.0,1530.0
132028,D4F14,300,6.0,6.0,X,0.005,0.41,0.43,0.0,0.02,10.0,5.0,38.0,1487.0,1522.0,1638.7452392578125,1657.0,2573.0,1527.0
132027,80160,300,5.0,6.0,X,0.015,0.4,0.45,0.0,0.02,6.0,17.0,59.0,1487.0,1522.0,1643.13720703125,1648.0,1556.0,1523.0
132026,80160,300,4.0,6.0,X,0.015,0.4,0.45,0.0,0.02,1.0,2.0,29.0,1487.0,1522.0,1654.453125,1669.0,0.0,1543.0
132025,80160,300,3.0,6.0,X,0.015,0.4,0.45,0.0,0.02,10.0,4.0,10.0,1487.0,1522.0,1635.009765625,1652.0,2412.0,1532.0
132024,80160,300,2.0,6.0,X,0.015,0.4,0.45,0.0,0.02,9.0,16.0,52.0,1487.0,1522.0,1648.65771484375,1650.0,2089.0,1548.0
132023,E109B,300,1.0,6.0,X,0.02,0.2,0.22,0.0,0.02,9.0,5.0,37.0,1502.0,1542.0,1676.8671875,1667.0,2098.0,1551.0
132022,7BECD,300,7.0,7.0,X,0.01,0.38,0.43,0.0,0.0,5.0,17.0,58.0,1485.0,1525.0,1645.165283203125,1651.0,1092.0,1525.0
132021,7BECD,300,6.0,7.0,X,0.01,0.38,0.43,0.0,0.0,9.0,4.0,9.0,1485.0,1525.0,1636.5224609375,1646.0,2038.0,1535.0
132020,7BECD,300,5.0,7.0,X,0.01,0.38,0.43,0.0,0.0,9.0,2.0,28.0,1485.0,1525.0,1635.9930419921875,1647.0,2037.0,1533.0
132019,7BECD,300,4.0,7.0,X,0.01,0.38,0.43,0.0,0.0,8.0,16.0,51.0,1485.0,1525.0,1643.4769287109375,1648.0,1797.0,1536.0
132018,7BECD,300,3.0,7.0,X,0.01,0.38,0.43,0.0,0.0,8.0,5.0,36.0,1485.0,1525.0,1634.6998291015625,1646.0,1806.0,1527.0
132017,7BECD,300,2.0,7.0,X,0.01,0.38,0.43,0.0,0.0,4.0,17.0,57.0,1485.0,1525.0,1633.5322265625,1649.0,813.0,1528.0
132016,7BECD,300,1.0,7.0,X,0.01,0.38,0.43,0.0,0.0,8.0,4.0,8.0,1485.0,1525.0,1654.4261474609375,1656.0,1762.0,1525.0
132015,A7B3C,300,5.0,5.0,X,0.025,0.2,0.23,0.01,0.01,8.0,2.0,27.0,1504.0,1549.0,1663.987060546875,1668.0,1758.0,1560.0
132014,A7B3C,300,4.0,5.0,X,0.025,0.2,0.23,0.01,0.01,7.0,16.0,50.0,1504.0,1549.0,1668.1234130859375,1673.0,1524.0,1553.0
132013,9C4F0,300,3.0,5.0,X,0.015,0.19,0.23,0.01,0.0,7.0,5.0,35.0,1504.0,1544.0,1661.7098388671875,1663.0,1536.0,1549.0
132012,9C4F0,300,2.0,5.0,X,0.015,0.19,0.23,0.01,0.0,3.0,17.0,56.0,1504.0,1544.0,1662.912353515625,1667.0,540.0,1550.0
132011,9C4F0,300,1.0,5.0,X,0.015,0.19,0.23,0.01,0.0,7.0,4.0,7.0,1504.0,1544.0,1676.9798583984375,1691.0,1488.0,1547.0
132010,4F121,300,5.0,5.0,X,0.01,0.38,0.43,0.0,0.0,7.0,2.0,26.0,1480.0,1520.0,1641.3583984375,1644.0,1491.0,1524.0
132009,4F121,300,4.0,5.0,X,0.01,0.38,0.43,0.0,0.0,6.0,16.0,49.0,1480.0,1520.0,1641.3587646484375,1632.0,1255.0,1519.0
132008,4F121,300,3.0,5.0,X,0.01,0.38,0.43,0.0,0.0,6.0,5.0,34.0,1480.0,1520.0,1640.131591796875,1648.0,1269.0,1527.0
132007,AA222,300,2.0,5.0,X,0.018,0.19,0.22,0.0,0.025,2.0,17.0,55.0,1502.0,1552.0,1676.9666748046875,1681.0,276.0,1544.0
132006,1697B,300,1.0,5.0,X,0.02,0.18,0.22,0.009,0.015,6.0,4.0,6.0,1501.0,1536.0,1672.0269775390625,1662.0,1230.0,1545.0
132005,3575C,300,4.0,4.0,X,0.015,0.19,0.22,0.005,0.03,6.0,2.0,25.0,1500.0,1540.0,1655.9737548828125,1666.0,1226.0,1536.0
132004,A0C37,300,3.0,4.0,X,0.02,0.15,0.17,0.006,0.02,5.0,16.0,48.0,1504.0,1544.0,1665.41357421875,1672.0,985.0,1549.0
132003,48809,300,2.0,4.0,X,0.02,0.16,0.18,0.01,0.01,5.0,5.0,33.0,1503.0,1543.0,1657.486328125,1672.0,993.0,1553.0
132002,48809,300,1.0,4.0,X,0.02,0.16,0.18,0.01,0.01,1.0,17.0,54.0,1503.0,1543.0,1696.87939453125,1700.0,0.0,1561.0
132001,81DA6,300,10.0,10.0,X,0.01,0.43,0.47,0.009,0.015,5.0,4.0,5.0,1480.0,1525.0,1634.50927734375,1644.0,948.0,1521.0
132000,3B7FC,300,9.0,10.0,X,0.005,0.46,0.5,0.0,0.015,5.0,2.0,24.0,1480.0,1525.0,1635.6182861328125,1641.0,950.0,1524.0
131999,3B7FC,300,8.0,10.0,X,0.005,0.46,0.5,0.0,0.015,4.0,16.0,47.0,1480.0,1525.0,1633.706298828125,1631.0,714.0,1522.0
131998,3B7FC,300,7.0,10.0,X,0.005,0.46,0.5,0.0,0.015,4.0,5.0,32.0,1480.0,1525.0,1634.275390625,1632.0,718.0,1529.0
131997,3B7FC,300,6.0,10.0,X,0.005,0.46,0.5,0.0,0.015,4.0,4.0,4.0,1480.0,1525.0,1626.894775390625,1637.0,718.0,1527.0
131996,3B7FC,300,5.0,10.0,X,0.005,0.46,0.5,0.0,0.015,4.0,2.0,23.0,1480.0,1525.0,1634.43212890625,1636.0,719.0,1524.0
131995,3B7FC,300,4.0,10.0,X,0.005,0.46,0.5,0.0,0.015,3.0,16.0,46.0,1480.0,1525.0,1634.9642333984375,1630.0,470.0,1535.0
131994,A2DFA,300,3.0,10.0,X,0.005,0.43,0.5,0.0,0.0,3.0,5.0,31.0,1480.0,1525.0,1625.2347412109375,1626.0,467.0,1531.0
131993,40FD4,300,2.0,10.0,X,0.01,0.6,0.65,0.0,0.02,3.0,4.0,3.0,1480.0,1525.0,1633.8287353515625,1666.0,473.0,1536.0
131992,40FD4,300,1.0,10.0,X,0.01,0.6,0.65,0.0,0.02,3.0,2.0,22.0,1480.0,1525.0,1659.0284423828125,1664.0,475.0,1526.0
131991,FE1F9,300,8.0,8.0,B,0.005,0.33,0.35,0.0,0.015,2.0,16.0,45.0,1491.0,1531.0,1642.7152099609375,1645.0,238.0,1531.0
131990,FE1F9,300,7.0,8.0,B,0.005,0.33,0.35,0.0,0.015,2.0,5.0,30.0,1491.0,1531.0,1645.38427734375,1642.0,245.0,1533.0
131989,FB416,300,6.0,8.0,V,0.01,0.44,0.46,0.012,0.025,2.0,4.0,2.0,1473.0,1518.0,1636.3953857421875,1666.0,252.0,1534.0
131988,E1B6A,300,5.0,8.0,X,0.02,0.18,0.2,0.0,0.015,2.0,2.0,21.0,1501.0,1546.0,1657.5843505859375,1664.0,244.0,1557.0
131987,E1B6A,300,4.0,8.0,X,0.02,0.18,0.2,0.0,0.015,1.0,16.0,44.0,1501.0,1546.0,1679.44189453125,1681.0,0.0,1543.0
131986,16F90,300,3.0,8.0,B,0.02,0.36,0.38,0.0,0.02,1.0,5.0,29.0,1490.0,1535.0,1666.6341552734375,1684.0,0.0,1546.0
131985,16F90,300,2.0,8.0,B,0.02,0.36,0.38,0.0,0.02,1.0,4.0,1.0,1490.0,1535.0,1672.7978515625,1683.0,0.0,1548.0
131984,D2F4A,300,1.0,8.0,V,0.01,0.36,0.38,0.012,0.02,1.0,2.0,20.0,1481.0,1536.0,1698.0809326171875,1703.0,0.0,1547.0
131983,A2DFA,300,10.0,10.0,X,0.005,0.43,0.5,0.0,0.0,11.0,8.0,60.0,1480.0,1525.0,1628.6981201171875,1636.0,3084.0,1529.0
131982,A2DFA,300,9.0,10.0,X,0.005,0.43,0.5,0.0,0.0,6.0,5.0,28.0,1480.0,1525.0,1636.9061279296875,1634.0,1494.0,1527.0
131981,A2DFA,300,8.0,10.0,X,0.005,0.43,0.5,0.0,0.0,12.0,17.0,53.0,1480.0,1525.0,1641.81591796875,1641.0,3298.0,1532.0
131980,A2DFA,300,7.0,10.0,X,0.005,0.43,0.5,0.0,0.0,12.0,16.0,43.0,1480.0,1525.0,1628.378173828125,1634.0,3339.0,1531.0
131979,A2DFA,300,6.0,10.0,X,0.005,0.43,0.5,0.0,0.0,12.0,2.0,19.0,1480.0,1525.0,1625.3895263671875,1641.0,3346.0,1531.0
131978,27A7C,300,5.0,10.0,X,0.02,0.43,0.47,0.0,0.015,10.0,8.0,59.0,1480.0,1515.0,1626.587890625,1638.0,2809.0,1516.0
131977,27A7C,300,4.0,10.0,X,0.02,0.43,0.47,0.0,0.015,5.0,5.0,27.0,1480.0,1515.0,1626.15087890625,1635.0,1226.0,1517.0
131976,11307,300,3.0,10.0,X,0.01,0.45,0.5,0.0,0.02,11.0,17.0,52.0,1480.0,1520.0,1627.5921630859375,1642.0,3021.0,1524.0
131975,87C74,300,2.0,10.0,X,0.02,0.45,0.5,0.0,0.02,11.0,16.0,42.0,1480.0,1525.0,1641.7547607421875,1642.0,3053.0,1531.0
131974,87C74,300,1.0,10.0,X,0.02,0.45,0.5,0.0,0.02,11.0,2.0,18.0,1480.0,1525.0,1651.8341064453125,1661.0,3062.0,1525.0
131973,B131E,300,9.0,9.0,X,0.02,0.46,0.49,0.005,0.02,9.0,8.0,58.0,1483.0,1518.0,1627.6029052734375,1644.0,2517.0,1531.0
131972,B131E,300,8.0,9.0,X,0.02,0.46,0.49,0.005,0.02,4.0,5.0,26.0,1483.0,1518.0,1632.49609375,1636.0,917.0,1527.0
131971,B131E,300,7.0,9.0,X,0.02,0.46,0.49,0.005,0.02,10.0,17.0,51.0,1483.0,1518.0,1626.02001953125,1634.0,2709.0,1531.0
131970,EEE12,300,6.0,9.0,X,0.0,0.69,0.72,0.0,0.02,10.0,16.0,41.0,1475.0,1510.0,1639.2274169921875,1637.0,2738.0,1520.0
131969,EEE12,300,5.0,9.0,X,0.0,0.69,0.72,0.0,0.02,10.0,2.0,17.0,1475.0,1510.0,1634.2301025390625,1635.0,2737.0,1506.0
131968,EEE12,300,4.0,9.0,X,0.0,0.69,0.72,0.0,0.02,8.0,8.0,57.0,1475.0,1510.0,1634.0322265625,1633.0,2202.0,1507.0
131967,15370,300,1.0,9.0,X,0.01,0.45,0.48,0.0,0.02,3.0,5.0,25.0,1480.0,1525.0,1653.2364501953125,1664.0,602.0,1538.0
131966,FC47C,300,10.0,10.0,X,0.015,0.45,0.48,0.0,0.01,9.0,17.0,50.0,1480.0,1525.0,1644.075439453125,1652.0,2373.0,1540.0
131965,FC47C,300,9.0,10.0,X,0.015,0.45,0.48,0.0,0.01,9.0,16.0,40.0,1480.0,1525.0,1642.0938720703125,1643.0,2411.0,1527.0
131964,FC47C,300,8.0,10.0,X,0.015,0.45,0.48,0.0,0.01,9.0,2.0,16.0,1480.0,1525.0,1643.218994140625,1643.0,2414.0,1516.0
131963,FC47C,300,7.0,10.0,X,0.015,0.45,0.48,0.0,0.01,7.0,8.0,56.0,1480.0,1525.0,1637.38671875,1646.0,1880.0,1530.0
131962,FC47C,300,6.0,10.0,X,0.015,0.45,0.48,0.0,0.01,2.0,5.0,24.0,1480.0,1525.0,1636.9434814453125,1634.0,287.0,1526.0
131961,FC47C,300,5.0,10.0,X,0.015,0.45,0.48,0.0,0.01,8.0,17.0,49.0,1480.0,1525.0,1644.2598876953125,1643.0,2093.0,1514.0
131960,FC47C,300,4.0,10.0,X,0.015,0.45,0.48,0.0,0.01,8.0,16.0,39.0,1480.0,1525.0,1644.0009765625,1643.0,2131.0,1521.0
131959,FC47C,300,3.0,10.0,X,0.015,0.45,0.48,0.0,0.01,8.0,2.0,15.0,1480.0,1525.0,1643.4588623046875,1643.0,2135.0,1520.0
131958,FC47C,300,2.0,10.0,X,0.015,0.45,0.48,0.0,0.01,6.0,8.0,55.0,1480.0,1525.0,1641.8919677734375,1647.0,1603.0,1521.0
131957,FC47C,300,1.0,10.0,X,0.015,0.45,0.48,0.0,0.01,1.0,5.0,23.0,1480.0,1525.0,1668.001220703125,1669.0,0.0,1535.0
131956,E0B89,300,4.0,4.0,X,0.02,0.25,0.27,0.01,0.01,7.0,17.0,48.0,1501.0,1546.0,1671.9718017578125,1673.0,1636.0,1550.0
131955,E0B89,300,3.0,4.0,X,0.02,0.25,0.27,0.01,0.01,7.0,16.0,38.0,1501.0,1546.0,1670.00927734375,1667.0,1659.0,1551.0
131954,E0B89,300,2.0,4.0,X,0.02,0.25,0.27,0.01,0.01,7.0,2.0,14.0,1501.0,1546.0,1670.9512939453125,1672.0,1647.0,1549.0
131953,5146B,300,1.0,4.0,X,0.005,0.45,0.48,0.0,0.0,5.0,8.0,54.0,1481.0,1526.0,1671.375732421875,1669.0,1107.0,1531.0
131952,1E6E6,300,7.0,7.0,X,0.025,0.19,0.23,0.01,0.015,6.0,5.0,22.0,1505.0,1545.0,0.0,1680.0,1332.0,1555.0
131951,1E6E6,300,6.0,7.0,X,0.025,0.19,0.23,0.01,0.015,6.0,17.0,47.0,1505.0,1545.0,0.0,1670.0,1323.0,1552.0
131950,1E6E6,300,5.0,7.0,X,0.025,0.19,0.23,0.01,0.015,6.0,16.0,37.0,1505.0,1545.0,1660.8018798828125,1664.0,1366.0,1539.0
131949,1E6E6,300,4.0,7.0,X,0.025,0.19,0.23,0.01,0.015,6.0,2.0,13.0,1505.0,1545.0,1662.69970703125,1659.0,1368.0,1546.0
131948,1E6E6,300,3.0,7.0,X,0.025,0.19,0.23,0.01,0.015,4.0,8.0,53.0,1505.0,1545.0,1657.7303466796875,1666.0,835.0,1551.0
131947,1E6E6,300,2.0,7.0,X,0.025,0.19,0.23,0.01,0.015,5.0,5.0,21.0,1505.0,1545.0,1663.5682373046875,1666.0,1050.0,1552.0
131946,1E6E6,300,1.0,7.0,X,0.025,0.19,0.23,0.01,0.015,5.0,17.0,46.0,1505.0,1545.0,1678.45458984375,1676.0,1038.0,1541.0
131945,F7AB5,300,6.0,6.0,X,0.015,0.42,0.44,0.0,0.02,5.0,16.0,36.0,1481.0,1526.0,1646.043701171875,1649.0,1074.0,1530.0
131944,F7AB5,300,5.0,6.0,X,0.015,0.42,0.44,0.0,0.02,5.0,2.0,12.0,1481.0,1526.0,1644.071533203125,1635.0,1063.0,1535.0
131943,57414,300,4.0,6.0,X,0.01,0.38,0.43,0.0,0.02,3.0,8.0,52.0,1486.0,1526.0,1647.5328369140625,1651.0,524.0,1535.0
131942,1E183,300,3.0,6.0,X,0.01,0.38,0.43,0.0,0.02,4.0,5.0,20.0,1486.0,1526.0,1638.3223876953125,1653.0,732.0,1537.0
131941,1E183,300,2.0,6.0,X,0.01,0.38,0.43,0.0,0.02,4.0,17.0,45.0,1486.0,1526.0,1642.5069580078125,1646.0,730.0,1542.0
131940,05ED3,300,1.0,6.0,X,0.01,0.25,0.28,0.009,0.02,4.0,16.0,35.0,1498.0,1538.0,1673.341796875,1677.0,774.0,1544.0
131939,91896,300,7.0,7.0,X,0.023,0.17,0.19,0.009,0.02,4.0,2.0,11.0,1502.0,1542.0,1656.703125,1668.0,785.0,1544.0
131938,FA128,300,6.0,7.0,X,0.02,0.18,0.21,0.009,0.02,2.0,8.0,51.0,1504.0,1544.0,1668.0162353515625,1670.0,255.0,1546.0
131937,FA128,300,5.0,7.0,X,0.02,0.18,0.21,0.009,0.02,3.0,5.0,19.0,1504.0,1544.0,1667.118896484375,1668.0,479.0,1555.0
131936,77C04,300,4.0,7.0,X,0.02,0.17,0.22,0.01,0.01,3.0,17.0,44.0,1502.0,1547.0,1674.881591796875,1677.0,480.0,1546.0
131935,77C04,300,3.0,7.0,X,0.02,0.17,0.22,0.01,0.01,3.0,16.0,34.0,1502.0,1547.0,1674.8740234375,1676.0,521.0,1560.0
131934,77C04,300,2.0,7.0,X,0.02,0.17,0.22,0.01,0.01,3.0,2.0,10.0,1502.0,1547.0,1675.834716796875,1674.0,530.0,1541.0
131933,77C04,300,1.0,7.0,X,0.02,0.17,0.22,0.01,0.01,1.0,8.0,50.0,1502.0,1547.0,1715.125244140625,1716.0,0.0,1550.0
131932,CA2FD,300,8.0,8.0,X,0.02,0.15,0.17,0.009,0.02,2.0,5.0,18.0,1507.0,1552.0,1665.0072021484375,1667.0,221.0,1557.0
131931,CA2FD,300,7.0,8.0,X,0.02,0.15,0.17,0.009,0.02,2.0,17.0,43.0,1507.0,1552.0,1664.69140625,1674.0,218.0,1561.0
131930,CA2FD,300,6.0,8.0,X,0.02,0.15,0.17,0.009,0.02,2.0,16.0,33.0,1507.0,1552.0,1663.428955078125,1674.0,254.0,1571.0
131929,CA2FD,300,5.0,8.0,X,0.02,0.15,0.17,0.009,0.02,2.0,2.0,9.0,1507.0,1552.0,1671.2559814453125,1670.0,263.0,1561.0
131928,CA2FD,300,4.0,8.0,X,0.02,0.15,0.17,0.009,0.02,1.0,5.0,17.0,1507.0,1552.0,1682.593994140625,1688.0,0.0,1572.0
131927,CA2FD,300,3.0,8.0,X,0.02,0.15,0.17,0.009,0.02,1.0,17.0,42.0,1507.0,1552.0,1678.54052734375,1689.0,0.0,1555.0
131926,CA2FD,300,2.0,8.0,X,0.02,0.15,0.17,0.009,0.02,1.0,16.0,32.0,1507.0,1552.0,1682.7041015625,1684.0,0.0,1559.0
131925,AB910,300,1.0,8.0,X,0.02,0.4,0.45,0.0,0.02,1.0,2.0,8.0,1483.0,1528.0,1684.497314453125,1687.0,0.0,1529.0
131924,889AE,300,4.0,4.0,B,0.02,0.16,0.18,0.012,0.01,27.0,8.0,49.0,1507.0,1532.0,1641.90478515625,1648.0,7524.0,1544.0
131923,889AE,300,3.0,4.0,B,0.02,0.16,0.18,0.012,0.01,12.0,5.0,16.0,1507.0,1532.0,1643.001220703125,1646.0,3021.0,1542.0
131922,889AE,300,2.0,4.0,B,0.02,0.16,0.18,0.012,0.01,16.0,16.0,31.0,1507.0,1532.0,1641.3614501953125,1650.0,4348.0,1546.0
131921,889AE,300,1.0,4.0,B,0.02,0.16,0.18,0.012,0.01,26.0,17.0,41.0,1507.0,1532.0,1678.081787109375,1676.0,7303.0,1551.0
131920,95B1B,300,7.0,7.0,X,0.02,0.21,0.23,0.0,0.015,7.0,2.0,7.0,1502.0,1537.0,1662.1263427734375,1659.0,1695.0,1555.0
131919,8E733,300,6.0,7.0,X,0.02,0.17,0.2,0.01,0.02,26.0,8.0,48.0,1506.0,1546.0,1666.6990966796875,1677.0,7266.0,1564.0
131918,8E733,300,5.0,7.0,X,0.02,0.17,0.2,0.01,0.02,11.0,5.0,15.0,1506.0,1546.0,1666.1514892578125,1667.0,2755.0,1559.0
131917,C33FA,300,4.0,7.0,X,0.015,0.24,0.27,0.008,0.02,15.0,16.0,30.0,1499.0,1539.0,1667.33251953125,1664.0,4083.0,1548.0
131916,C33FA,300,3.0,7.0,X,0.015,0.24,0.27,0.008,0.02,25.0,17.0,40.0,1499.0,1539.0,1660.4146728515625,1658.0,7029.0,1546.0
131915,59A4E,300,2.0,7.0,X,0.01,0.19,0.21,0.01,0.02,6.0,2.0,6.0,1503.0,1543.0,1664.632080078125,1666.0,1424.0,1553.0
131914,59A4E,300,1.0,7.0,X,0.01,0.19,0.21,0.01,0.02,25.0,8.0,47.0,1503.0,1543.0,1676.93408203125,1677.0,6991.0,1548.0
131913,F4A5E,300,6.0,6.0,V,0.01,0.35,0.37,0.01,0.045,10.0,5.0,14.0,1482.0,1532.0,1655.093994140625,1665.0,2487.0,1536.0
131912,F4A5E,300,5.0,6.0,V,0.01,0.35,0.37,0.01,0.045,14.0,16.0,29.0,1482.0,1532.0,1655.939453125,1656.0,3811.0,1521.0
131911,F4A5E,300,4.0,6.0,V,0.01,0.35,0.37,0.01,0.045,24.0,17.0,39.0,1482.0,1532.0,1654.4859619140625,1657.0,6756.0,1528.0
131910,9A58C,300,3.0,6.0,X,0.0,0.37,0.45,0.008,0.08,5.0,2.0,5.0,1480.0,1525.0,1637.480224609375,1640.0,1147.0,1524.0
131909,9A58C,300,2.0,6.0,X,0.0,0.37,0.45,0.008,0.08,24.0,8.0,46.0,1480.0,1525.0,1633.8310546875,1634.0,6711.0,1524.0
131908,47D7D,300,1.0,6.0,X,0.0,0.37,0.41,0.011,0.08,9.0,5.0,13.0,1480.0,1525.0,1643.08935546875,1644.0,2208.0,1518.0
131907,889AE,300,4.0,4.0,B,0.02,0.16,0.18,0.012,0.01,13.0,16.0,28.0,1507.0,1532.0,1635.8511962890625,1655.0,3541.0,1542.0
131906,889AE,300,3.0,4.0,B,0.02,0.16,0.18,0.012,0.01,23.0,17.0,38.0,1507.0,1532.0,1640.015380859375,1651.0,6491.0,1546.0
131905,889AE,300,2.0,4.0,B,0.02,0.16,0.18,0.012,0.01,4.0,2.0,4.0,1507.0,1532.0,1640.37353515625,1658.0,891.0,1551.0
131904,889AE,300,1.0,4.0,B,0.02,0.16,0.18,0.012,0.01,23.0,8.0,45.0,1507.0,1532.0,1664.859130859375,1685.0,6459.0,1541.0
131903,B0EC5,300,7.0,7.0,V,0.01,0.36,0.39,0.015,0.02,8.0,5.0,12.0,1480.0,1530.0,1643.837890625,1660.0,1960.0,1536.0
131902,E1B6A,300,6.0,7.0,X,0.02,0.18,0.2,0.0,0.015,12.0,16.0,27.0,1501.0,1546.0,1660.8294677734375,1667.0,3288.0,1541.0
131901,E1B6A,300,5.0,7.0,X,0.02,0.18,0.2,0.0,0.015,22.0,17.0,37.0,1501.0,1546.0,1664.7308349609375,1669.0,6241.0,1540.0
131900,FC47C,300,4.0,7.0,X,0.015,0.45,0.48,0.0,0.01,3.0,2.0,3.0,1480.0,1525.0,1647.72021484375,1659.0,630.0,1521.0
131899,FC47C,300,3.0,7.0,X,0.015,0.45,0.48,0.0,0.01,22.0,8.0,44.0,1480.0,1525.0,1648.7584228515625,1651.0,6195.0,1524.0
131898,FC47C,300,2.0,7.0,X,0.015,0.45,0.48,0.0,0.01,7.0,5.0,11.0,1480.0,1525.0,1644.9569091796875,1641.0,1675.0,1526.0
131897,FC47C,300,1.0,7.0,X,0.015,0.45,0.48,0.0,0.01,11.0,16.0,26.0,1480.0,1525.0,1659.3892822265625,1660.0,3004.0,1515.0
131896,CB239,300,3.0,3.0,V,0.0,0.69,0.73,0.012,0.06,21.0,17.0,36.0,1474.0,1499.0,1622.00341796875,1637.0,5931.0,1511.0
131895,CB239,300,2.0,3.0,V,0.0,0.69,0.73,0.012,0.06,2.0,2.0,2.0,1474.0,1499.0,1618.4290771484375,1639.0,323.0,1507.0
131894,E2E8F,300,1.0,3.0,X,0.0,0.85,0.95,0.0,0.0,21.0,8.0,43.0,1465.0,1490.0,1617.3843994140625,1617.0,5893.0,1496.0
131893,889AE,300,4.0,4.0,B,0.02,0.16,0.18,0.012,0.01,6.0,5.0,10.0,1507.0,1532.0,1645.7647705078125,1652.0,1395.0,1536.0
131892,889AE,300,3.0,4.0,B,0.02,0.16,0.18,0.012,0.01,10.0,16.0,25.0,1507.0,1532.0,1640.807861328125,1653.0,2677.0,1545.0
131891,889AE,300,2.0,4.0,B,0.02,0.16,0.18,0.012,0.01,20.0,17.0,35.0,1507.0,1532.0,1639.299560546875,1638.0,5609.0,1541.0
131890,889AE,300,1.0,4.0,B,0.02,0.16,0.18,0.012,0.01,1.0,2.0,1.0,1507.0,1532.0,1696.9443359375,1709.0,0.0,1547.0
131889,EA23B,300,7.0,7.0,V,0.01,0.36,0.4,0.013,0.05,20.0,8.0,42.0,1480.0,1540.0,1655.5635986328125,1667.0,5562.0,1535.0
131888,EA23B,300,6.0,7.0,V,0.01,0.36,0.4,0.013,0.05,5.0,5.0,9.0,1480.0,1540.0,1649.715576171875,1657.0,1057.0,1544.0
131887,EA23B,300,5.0,7.0,V,0.01,0.36,0.4,0.013,0.05,9.0,16.0,24.0,1480.0,1540.0,1657.72607421875,1660.0,2386.0,1533.0
131886,EA23B,300,4.0,7.0,V,0.01,0.36,0.4,0.013,0.05,19.0,17.0,34.0,1480.0,1540.0,1661.9356689453125,1654.0,5338.0,1532.0
131885,EA23B,300,3.0,7.0,V,0.01,0.36,0.4,0.013,0.05,19.0,8.0,41.0,1480.0,1540.0,1661.771484375,1660.0,5353.0,1540.0
131884,36AD7,300,2.0,7.0,X,0.01,0.47,0.52,0.0,0.02,4.0,5.0,8.0,1474.0,1530.0,1648.556640625,1651.0,802.0,1535.0
131883,57DF3,300,1.0,7.0,B,0.005,0.4,0.42,0.0,0.01,5.0,14.0,61.0,1486.0,1526.0,1657.7684326171875,1661.0,1086.0,1528.0
131882,5AF4D,300,7.0,7.0,V,0.006,0.43,0.46,0.015,0.06,8.0,16.0,23.0,1470.0,1515.0,1623.826416015625,1629.0,2071.0,1511.0
131881,5AF4D,300,6.0,7.0,V,0.006,0.43,0.46,0.015,0.06,18.0,17.0,33.0,1470.0,1515.0,1632.1231689453125,1621.0,5025.0,1519.0
131880,5AF4D,300,5.0,7.0,V,0.006,0.43,0.46,0.015,0.06,18.0,8.0,40.0,1470.0,1515.0,1633.0487060546875,1633.0,5043.0,1527.0
131879,5AF4D,300,4.0,7.0,V,0.006,0.43,0.46,0.015,0.06,3.0,5.0,7.0,1470.0,1515.0,1630.865234375,1628.0,539.0,1531.0
131878,5AF4D,300,3.0,7.0,V,0.006,0.43,0.46,0.015,0.06,4.0,14.0,60.0,1470.0,1515.0,1627.783935546875,1630.0,829.0,1517.0
131877,5AF4D,300,2.0,7.0,V,0.006,0.43,0.46,0.015,0.06,7.0,16.0,22.0,1470.0,1515.0,1629.163818359375,1631.0,1822.0,1512.0
131876,A9D9D,300,1.0,7.0,V,0.006,0.44,0.46,0.015,0.055,17.0,17.0,32.0,1473.0,1523.0,1668.5718994140625,1669.0,4769.0,1528.0
131875,28B54,300,7.0,7.0,B,0.01,0.32,0.35,0.0,0.015,17.0,8.0,39.0,1490.0,1535.0,1659.78515625,1668.0,4775.0,1546.0
131874,28B54,300,6.0,7.0,B,0.01,0.32,0.35,0.0,0.015,2.0,5.0,6.0,1490.0,1535.0,1658.0792236328125,1659.0,271.0,1548.0
131873,28B54,300,5.0,7.0,B,0.01,0.32,0.35,0.0,0.015,3.0,14.0,59.0,1490.0,1535.0,1658.579345703125,1658.0,555.0,1539.0
131872,28B54,300,4.0,7.0,B,0.01,0.32,0.35,0.0,0.015,6.0,16.0,21.0,1490.0,1535.0,1658.3509521484375,1656.0,1542.0,1542.0
131871,28B54,300,3.0,7.0,B,0.01,0.32,0.35,0.0,0.015,16.0,17.0,31.0,1490.0,1535.0,1652.18603515625,1656.0,4494.0,1545.0
131870,28B54,300,2.0,7.0,B,0.01,0.32,0.35,0.0,0.015,16.0,8.0,38.0,1490.0,1535.0,1656.756103515625,1657.0,4510.0,1543.0
131869,28B54,300,1.0,7.0,B,0.01,0.32,0.35,0.0,0.015,1.0,5.0,5.0,1490.0,1535.0,1681.0931396484375,1685.0,0.0,1543.0
131868,D63DF,300,6.0,6.0,V,0.005,0.37,0.4,0.01,0.03,2.0,14.0,58.0,1480.0,1525.0,1636.58837890625,1652.0,285.0,1530.0
131867,D63DF,300,5.0,6.0,V,0.005,0.37,0.4,0.01,0.03,5.0,16.0,20.0,1480.0,1525.0,1634.3189697265625,1643.0,1273.0,1528.0
131866,980AE,300,4.0,6.0,B,0.015,0.29,0.31,0.0,0.0,15.0,17.0,30.0,1494.0,1534.0,1652.8612060546875,1665.0,4214.0,1535.0
131865,EF256,300,3.0,6.0,B,0.015,0.56,0.64,0.0,0.0,15.0,8.0,37.0,1481.0,1526.0,1631.410888671875,1651.0,4225.0,1533.0
131864,EF256,300,2.0,6.0,B,0.015,0.56,0.64,0.0,0.0,13.0,15.0,65.0,1481.0,1526.0,1646.827392578125,1649.0,3706.0,1512.0
131863,EF256,300,1.0,6.0,B,0.015,0.56,0.64,0.0,0.0,1.0,14.0,57.0,1481.0,1526.0,1667.4830322265625,1670.0,0.0,1531.0
131862,E198F,300,2.0,2.0,X,0.0,0.07,0.1,0.0,0.27,4.0,16.0,19.0,1509.0,1549.0,1632.78076171875,1638.0,976.0,1559.0
131861,E198F,300,1.0,2.0,X,0.0,0.07,0.1,0.0,0.27,14.0,17.0,29.0,1509.0,1549.0,1638.0662841796875,1645.0,3920.0,1560.0
131860,CE16F,300,5.0,5.0,X,0.02,0.15,0.17,0.008,0.02,14.0,8.0,36.0,1507.0,1552.0,1670.869140625,1677.0,3930.0,1547.0
131859,CA2FD,300,4.0,5.0,X,0.02,0.15,0.17,0.009,0.02,1.0,5.0,4.0,1507.0,1552.0,1682.1273193359375,1690.0,0.0,1542.0
131858,87A17,300,3.0,5.0,X,0.022,0.2,0.22,0.0,0.02,12.0,15.0,64.0,1505.0,1535.0,1653.9244384765625,1660.0,3293.0,1548.0
131857,77C04,300,3.0,6.0,X,0.02,0.17,0.22,0.01,0.01,13.0,17.0,28.0,1502.0,1547.0,1670.150146484375,1689.0,3637.0,1544.0
131856,77C04,300,2.0,6.0,X,0.02,0.17,0.22,0.01,0.01,3.0,16.0,18.0,1502.0,1547.0,1673.6414794921875,1678.0,573.0,1562.0
131855,E109B,300,1.0,6.0,X,0.02,0.2,0.22,0.0,0.02,12.0,14.0,56.0,1502.0,1542.0,1674.5921630859375,1676.0,3421.0,1548.0
131854,889AE,300,4.0,4.0,B,0.02,0.16,0.18,0.012,0.01,13.0,8.0,35.0,1507.0,1532.0,1637.0152587890625,1638.0,3504.0,1542.0
131853,889AE,300,3.0,4.0,B,0.02,0.16,0.18,0.012,0.01,11.0,15.0,63.0,1507.0,1532.0,1640.5030517578125,1646.0,2980.0,1536.0
131852,889AE,300,2.0,4.0,B,0.02,0.16,0.18,0.012,0.01,12.0,17.0,27.0,1507.0,1532.0,1643.3458251953125,1646.0,3322.0,1530.0
131851,889AE,300,1.0,4.0,B,0.02,0.16,0.18,0.012,0.01,2.0,16.0,17.0,1507.0,1532.0,1676.4342041015625,1690.0,264.0,1533.0
131850,5692D,300,5.0,5.0,X,0.015,0.39,0.41,0.0,0.01,11.0,14.0,55.0,1486.0,1521.0,1632.545654296875,1647.0,3102.0,1536.0
131849,5692D,300,4.0,5.0,X,0.015,0.39,0.41,0.0,0.01,12.0,8.0,34.0,1486.0,1521.0,1633.0406494140625,1639.0,3226.0,1529.0
131848,C8E9A,300,3.0,5.0,X,0.02,0.19,0.22,0.009,0.0,10.0,15.0,62.0,1505.0,1545.0,1660.5865478515625,1668.0,2704.0,1558.0
131847,8E733,300,2.0,5.0,X,0.02,0.17,0.2,0.01,0.02,3.0,5.0,3.0,1506.0,1546.0,1676.4354248046875,1682.0,582.0,1564.0
131846,8E733,300,1.0,5.0,X,0.02,0.17,0.2,0.01,0.02,1.0,16.0,16.0,1506.0,1546.0,1694.4244384765625,1699.0,0.0,1548.0
131845,57414,300,4.0,4.0,X,0.01,0.38,0.43,0.0,0.02,10.0,14.0,54.0,1486.0,1526.0,1648.7698974609375,1660.0,2842.0,1528.0
131844,E483A,300,3.0,4.0,X,0.02,0.21,0.23,0.009,0.025,11.0,17.0,26.0,1500.0,1540.0,1661.8106689453125,1668.0,2891.0,1548.0
131843,E483A,300,2.0,4.0,X,0.02,0.21,0.23,0.009,0.025,9.0,15.0,61.0,1500.0,1540.0,1660.039306640625,1671.0,2440.0,1540.0
131842,27480,300,1.0,4.0,X,0.02,0.21,0.23,0.009,0.02,11.0,8.0,33.0,1506.0,1551.0,1692.289794921875,1687.0,2842.0,1556.0
131841,CA2FD,300,9.0,9.0,X,0.02,0.15,0.17,0.009,0.02,2.0,5.0,2.0,1507.0,1552.0,1679.064697265625,1686.0,250.0,1561.0
131840,CA2FD,300,8.0,9.0,X,0.02,0.15,0.17,0.009,0.02,9.0,14.0,53.0,1507.0,1552.0,1674.1719970703125,1673.0,2560.0,1556.0
131839,CA2FD,300,7.0,9.0,X,0.02,0.15,0.17,0.009,0.02,10.0,17.0,25.0,1507.0,1552.0,1664.7049560546875,1670.0,2619.0,1565.0
131838,CA2FD,300,6.0,9.0,X,0.02,0.15,0.17,0.009,0.02,8.0,15.0,60.0,1507.0,1552.0,1664.3726806640625,1667.0,2170.0,1557.0
131837,CA2FD,300,5.0,9.0,X,0.02,0.15,0.17,0.009,0.02,10.0,8.0,32.0,1507.0,1552.0,1668.1712646484375,1666.0,2586.0,1550.0
131836,CA2FD,300,4.0,9.0,X,0.02,0.15,0.17,0.009,0.02,1.0,5.0,1.0,1507.0,1552.0,1688.6417236328125,1703.0,0.0,1564.0
131835,CA2FD,300,3.0,9.0,X,0.02,0.15,0.17,0.009,0.02,9.0,16.0,15.0,1507.0,1552.0,1665.08544921875,1674.0,2367.0,1549.0
131834,CA2FD,300,2.0,9.0,X,0.02,0.15,0.17,0.009,0.02,9.0,17.0,24.0,1507.0,1552.0,1669.376708984375,1669.0,2350.0,1555.0
131833,CA2FD,300,1.0,9.0,X,0.02,0.15,0.17,0.009,0.02,7.0,15.0,59.0,1507.0,1552.0,1683.242431640625,1686.0,1893.0,1555.0
131832,EB957,300,7.0,7.0,X,0.015,0.53,0.56,0.0,0.01,9.0,8.0,31.0,1486.0,1536.0,1656.720703125,1663.0,2295.0,1539.0
131831,EB957,300,6.0,7.0,X,0.015,0.53,0.56,0.0,0.01,8.0,14.0,52.0,1486.0,1536.0,1656.9737548828125,1650.0,2068.0,1531.0
131830,3B7FC,300,5.0,7.0,X,0.005,0.46,0.5,0.0,0.015,8.0,16.0,14.0,1480.0,1525.0,1636.3427734375,1649.0,2078.0,1536.0
131829,3B7FC,300,4.0,7.0,X,0.005,0.46,0.5,0.0,0.015,8.0,17.0,23.0,1480.0,1525.0,1640.9622802734375,1648.0,2077.0,1526.0
131828,A2DFA,300,3.0,7.0,X,0.005,0.43,0.5,0.0,0.0,6.0,15.0,58.0,1480.0,1525.0,1623.919677734375,1634.0,1607.0,1527.0
131827,A2DFA,300,3.0,8.0,X,0.005,0.43,0.5,0.0,0.0,8.0,8.0,30.0,1480.0,1525.0,1625.0919189453125,1627.0,1965.0,1535.0
131826,2737C,300,2.0,8.0,X,0.005,0.45,0.49,0.0,0.015,7.0,14.0,51.0,1480.0,1520.0,1629.7327880859375,1643.0,1730.0,1524.0
131825,EEED2,300,1.0,8.0,X,0.005,0.5,0.52,0.0,0.06,7.0,16.0,13.0,1485.0,1545.0,1675.156005859375,1683.0,1727.0,1545.0
131824,43C5C,150,4.0,4.0,X,0.005,0.5,0.53,0.0,0.02,7.0,17.0,22.0,1487.0,1532.0,1638.6685791015625,1646.0,1675.0,1537.0
131823,43C5C,150,3.0,4.0,X,0.005,0.5,0.53,0.0,0.02,5.0,15.0,57.0,1487.0,1532.0,1638.4639892578125,1642.0,1223.0,1538.0
131822,43C5C,150,2.0,4.0,X,0.005,0.5,0.53,0.0,0.02,7.0,8.0,29.0,1487.0,1532.0,1641.167724609375,1646.0,1612.0,1538.0
131821,43C5C,150,1.0,4.0,X,0.005,0.5,0.53,0.0,0.02,6.0,14.0,50.0,1487.0,1532.0,1657.618896484375,1671.0,1387.0,1529.0
131820,4D097,150,6.0,6.0,X,0.015,0.51,0.55,0.0,0.01,6.0,16.0,12.0,1487.0,1537.0,1645.45849609375,1665.0,1393.0,1548.0
131819,4D097,150,5.0,6.0,X,0.015,0.51,0.55,0.0,0.01,6.0,17.0,21.0,1487.0,1537.0,1647.1458740234375,1653.0,1388.0,1534.0
131818,4D097,150,4.0,6.0,X,0.015,0.51,0.55,0.0,0.01,4.0,15.0,56.0,1487.0,1537.0,1649.8017578125,1649.0,939.0,1529.0
131817,4D097,150,3.0,6.0,X,0.015,0.51,0.55,0.0,0.01,6.0,8.0,28.0,1487.0,1537.0,1647.53125,1648.0,1350.0,1539.0
131816,4D097,150,2.0,6.0,X,0.015,0.51,0.55,0.0,0.01,5.0,14.0,49.0,1487.0,1537.0,1646.7838134765625,1646.0,1113.0,1536.0
131815,4D097,150,1.0,6.0,X,0.015,0.51,0.55,0.0,0.01,5.0,16.0,11.0,1487.0,1537.0,1664.1693115234375,1667.0,1114.0,1537.0
131814,BB21B,150,6.0,6.0,V,0.0,0.45,0.48,0.018,0.05,5.0,17.0,20.0,1472.0,1517.0,1621.995361328125,1649.0,1090.0,1519.0
131813,BB21B,150,5.0,6.0,V,0.0,0.45,0.48,0.018,0.05,3.0,15.0,55.0,1472.0,1517.0,1637.9833984375,1639.0,635.0,1517.0
131812,BB21B,150,4.0,6.0,V,0.0,0.45,0.48,0.018,0.05,5.0,8.0,27.0,1472.0,1517.0,1628.1998291015625,1640.0,1048.0,1515.0
131811,BB21B,150,3.0,6.0,V,0.0,0.45,0.48,0.018,0.05,4.0,14.0,48.0,1472.0,1517.0,1625.0255126953125,1639.0,812.0,1508.0
131810,BB21B,150,2.0,6.0,V,0.0,0.45,0.48,0.018,0.05,4.0,16.0,10.0,1472.0,1517.0,1620.4908447265625,1628.0,806.0,1513.0
131809,BB21B,150,1.0,6.0,V,0.0,0.45,0.48,0.018,0.05,4.0,17.0,19.0,1472.0,1517.0,1635.2095947265625,1644.0,806.0,1510.0
131808,E7999,150,5.0,5.0,X,0.02,0.16,0.18,0.012,0.01,4.0,8.0,26.0,1506.0,1551.0,1677.3555908203125,1677.0,808.0,1562.0
131807,E7999,150,4.0,5.0,X,0.02,0.16,0.18,0.012,0.01,2.0,15.0,54.0,1506.0,1551.0,1669.5712890625,1668.0,289.0,1546.0
131806,E7999,150,3.0,5.0,X,0.02,0.16,0.18,0.012,0.01,3.0,14.0,47.0,1506.0,1551.0,1675.9041748046875,1673.0,522.0,1557.0
131805,E7999,150,2.0,5.0,X,0.02,0.16,0.18,0.012,0.01,3.0,16.0,9.0,1506.0,1551.0,1674.0606689453125,1671.0,526.0,1550.0
131804,E7999,150,1.0,5.0,X,0.02,0.16,0.18,0.012,0.01,3.0,17.0,18.0,1506.0,1551.0,1698.1417236328125,1695.0,521.0,1545.0
131803,E7999,150,6.0,6.0,X,0.02,0.16,0.18,0.012,0.01,3.0,8.0,25.0,1506.0,1551.0,1675.6612548828125,1679.0,513.0,1555.0
131802,E7999,150,5.0,6.0,X,0.02,0.16,0.18,0.012,0.01,1.0,15.0,53.0,1506.0,1551.0,1681.235107421875,1687.0,0.0,1553.0
131801,E7999,150,4.0,6.0,X,0.02,0.16,0.18,0.012,0.01,2.0,14.0,46.0,1506.0,1551.0,1669.62255859375,1668.0,234.0,1544.0
131800,E7999,150,3.0,6.0,X,0.02,0.16,0.18,0.012,0.01,2.0,16.0,8.0,1506.0,1551.0,1670.2774658203125,1672.0,242.0,1543.0
131799,E7999,150,2.0,6.0,X,0.02,0.16,0.18,0.012,0.01,2.0,17.0,17.0,1506.0,1551.0,1663.5570068359375,1663.0,228.0,1549.0
131798,E7999,150,1.0,6.0,X,0.02,0.16,0.18,0.012,0.01,2.0,8.0,24.0,1506.0,1551.0,1691.8841552734375,1691.0,238.0,1558.0
131797,7F484,150,3.0,3.0,X,0.02,0.15,0.17,0.008,0.02,1.0,14.0,45.0,1512.0,1557.0,1675.149169921875,1696.0,0.0,1559.0
131796,FB109,150,2.0,3.0,X,0.02,0.17,0.19,0.008,0.02,1.0,17.0,16.0,1507.0,1552.0,1674.255859375,1672.0,0.0,1562.0
131795,FB109,150,1.0,3.0,X,0.02,0.17,0.19,0.008,0.02,1.0,16.0,7.0,1507.0,1552.0,1705.23193359375,1691.0,0.0,1552.0
131794,9C4F0,150,1.0,1.0,X,0.015,0.18,0.23,0.01,0.0,1.0,8.0,23.0,1504.0,1549.0,1688.776123046875,1695.0,0.0,1552.0
131793,34F40,300,1.0,1.0,X,0.01,0.05,0.15,0.009,0.0,15.0,17.0,15.0,1506.0,1546.0,1688.4814453125,1688.0,3912.0,1542.0
131792,16F90,300,5.0,5.0,B,0.02,0.36,0.38,0.0,0.02,27.0,15.0,52.0,1490.0,1535.0,1661.5599365234375,1669.0,7279.0,1546.0
131791,FB6D2,300,4.0,5.0,X,0.01,0.46,0.5,0.0,0.02,6.0,16.0,6.0,1480.0,1525.0,1643.586181640625,1647.0,1398.0,1530.0
131790,A2DFA,300,3.0,5.0,X,0.005,0.43,0.5,0.0,0.0,27.0,14.0,44.0,1480.0,1525.0,1642.758056640625,1649.0,7215.0,1538.0
131789,5146B,300,2.0,5.0,X,0.005,0.45,0.48,0.0,0.0,22.0,8.0,22.0,1481.0,1526.0,1650.2088623046875,1653.0,5871.0,1543.0
131788,5146B,300,1.0,5.0,X,0.005,0.45,0.48,0.0,0.0,14.0,17.0,14.0,1481.0,1526.0,1664.564208984375,1673.0,3630.0,1546.0
131787,57DF3,300,6.0,6.0,B,0.005,0.4,0.42,0.0,0.01,26.0,15.0,51.0,1486.0,1526.0,1644.2032470703125,1641.0,6994.0,1524.0
131786,57DF3,300,5.0,6.0,B,0.005,0.4,0.42,0.0,0.01,5.0,16.0,5.0,1486.0,1526.0,1643.29345703125,1644.0,1120.0,1526.0
131785,57DF3,300,4.0,6.0,B,0.005,0.4,0.42,0.0,0.01,26.0,14.0,43.0,1486.0,1526.0,1641.3511962890625,1643.0,6954.0,1525.0
131784,FE1F9,300,3.0,6.0,B,0.005,0.33,0.35,0.0,0.015,21.0,8.0,21.0,1491.0,1531.0,1641.943603515625,1647.0,5616.0,1528.0
131783,FE1F9,300,2.0,6.0,B,0.005,0.33,0.35,0.0,0.015,13.0,17.0,13.0,1491.0,1531.0,1648.5633544921875,1652.0,3374.0,1534.0
131782,28B54,300,1.0,6.0,B,0.01,0.32,0.35,0.0,0.015,25.0,15.0,50.0,1490.0,1535.0,1680.770263671875,1666.0,6739.0,1525.0
131781,889AE,300,4.0,4.0,B,0.02,0.16,0.18,0.012,0.01,4.0,16.0,4.0,1507.0,1532.0,1641.9356689453125,1650.0,867.0,1544.0
131780,889AE,300,3.0,4.0,B,0.02,0.16,0.18,0.012,0.01,25.0,14.0,42.0,1507.0,1532.0,1640.0,1641.0,6695.0,1543.0
131779,889AE,300,2.0,4.0,B,0.02,0.16,0.18,0.012,0.01,20.0,8.0,20.0,1507.0,1532.0,1641.17333984375,1641.0,5351.0,1539.0
131778,889AE,300,1.0,4.0,B,0.02,0.16,0.18,0.012,0.01,12.0,17.0,12.0,1507.0,1532.0,1674.515625,1677.0,3095.0,1546.0
131777,11307,300,9.0,9.0,X,0.01,0.45,0.5,0.0,0.02,24.0,15.0,49.0,1480.0,1520.0,1626.720947265625,1625.0,6459.0,1522.0
131776,11307,300,8.0,9.0,X,0.01,0.45,0.5,0.0,0.02,3.0,16.0,3.0,1480.0,1520.0,1623.318115234375,1655.0,579.0,1524.0
131775,11307,300,7.0,9.0,X,0.01,0.45,0.5,0.0,0.02,24.0,14.0,41.0,1480.0,1520.0,1625.67138671875,1639.0,6412.0,1528.0
131774,D9D2B,300,6.0,9.0,X,0.005,0.46,0.48,0.0,0.02,19.0,8.0,19.0,1480.0,1525.0,1642.14697265625,1640.0,5073.0,1531.0
131773,3B7FC,300,5.0,9.0,X,0.005,0.46,0.5,0.0,0.015,11.0,17.0,11.0,1480.0,1525.0,1637.89013671875,1640.0,2830.0,1521.0
131772,3B7FC,300,4.0,9.0,X,0.005,0.46,0.5,0.0,0.015,23.0,15.0,48.0,1480.0,1525.0,1635.6619873046875,1640.0,6194.0,1524.0
131771,3B7FC,300,3.0,9.0,X,0.005,0.46,0.5,0.0,0.015,2.0,16.0,2.0,1480.0,1525.0,1649.9053955078125,1656.0,324.0,1520.0
131770,3B7FC,300,2.0,9.0,X,0.005,0.46,0.5,0.0,0.015,23.0,14.0,40.0,1480.0,1525.0,1634.749267578125,1640.0,6132.0,1523.0
131769,44B90,300,1.0,9.0,X,0.01,0.28,0.31,0.0,0.02,18.0,8.0,18.0,1496.0,1541.0,1678.646484375,1689.0,4786.0,1539.0
131768,16DAA,300,3.0,3.0,X,0.005,0.58,0.62,0.0,0.0,10.0,17.0,10.0,1460.0,1500.0,1606.9429931640625,1613.0,2542.0,1506.0
131767,16DAA,300,2.0,3.0,X,0.005,0.58,0.62,0.0,0.0,22.0,15.0,47.0,1460.0,1500.0,1598.7955322265625,1605.0,5882.0,1507.0
131766,16DAA,300,1.0,3.0,X,0.005,0.58,0.62,0.0,0.0,1.0,16.0,1.0,1460.0,1500.0,1653.099609375,1662.0,0.0,1505.0
131765,CB239,300,8.0,8.0,V,0.0,0.69,0.73,0.012,0.06,22.0,14.0,39.0,1474.0,1499.0,1615.2938232421875,1623.0,5827.0,1502.0
131764,F5743,300,7.0,8.0,V,0.0,0.69,0.72,0.008,0.055,17.0,8.0,17.0,1476.0,1501.0,1615.9891357421875,1619.0,4466.0,1507.0
131763,F5743,300,6.0,8.0,V,0.0,0.69,0.72,0.008,0.055,9.0,17.0,9.0,1476.0,1501.0,1616.8670654296875,1627.0,2220.0,1507.0
131762,F5743,300,5.0,8.0,V,0.0,0.69,0.72,0.008,0.055,21.0,15.0,46.0,1476.0,1501.0,1617.9393310546875,1620.0,5582.0,1518.0
131761,27A7C,300,4.0,8.0,X,0.02,0.43,0.47,0.0,0.015,21.0,14.0,38.0,1480.0,1515.0,1624.8934326171875,1633.0,5582.0,1525.0
131760,D033D,300,3.0,8.0,X,0.02,0.47,0.49,0.009,0.0,16.0,8.0,16.0,1480.0,1515.0,1622.894287109375,1620.0,4236.0,1519.0
131759,D033D,300,2.0,8.0,X,0.02,0.47,0.49,0.009,0.0,8.0,17.0,8.0,1480.0,1515.0,1617.8790283203125,1630.0,1976.0,1524.0
131758,D033D,300,1.0,8.0,X,0.02,0.47,0.49,0.009,0.0,20.0,15.0,45.0,1480.0,1515.0,1649.4735107421875,1643.0,5333.0,1517.0
131757,25632,300,4.0,4.0,X,0.01,0.96,1.02,0.008,0.0,20.0,14.0,37.0,1460.0,1485.0,1601.8470458984375,1602.0,5333.0,1491.0
131756,96752,300,3.0,4.0,X,0.0,0.9,0.96,0.006,0.0,15.0,8.0,15.0,1460.0,1485.0,1606.7882080078125,1600.0,3938.0,1492.0
131755,96752,300,2.0,4.0,X,0.0,0.9,0.96,0.006,0.0,7.0,17.0,7.0,1460.0,1485.0,1605.6103515625,1602.0,1689.0,1500.0
131754,96752,300,1.0,4.0,X,0.0,0.9,0.96,0.006,0.0,19.0,15.0,44.0,1460.0,1485.0,1626.100341796875,1619.0,5046.0,1495.0
131753,EB957,300,10.0,10.0,X,0.015,0.53,0.56,0.0,0.01,19.0,14.0,36.0,1486.0,1536.0,1650.43505859375,1661.0,5053.0,1543.0
131752,EB957,300,9.0,10.0,X,0.015,0.53,0.56,0.0,0.01,14.0,8.0,14.0,1486.0,1536.0,1658.1829833984375,1657.0,3700.0,1532.0
131751,EB957,300,8.0,10.0,X,0.015,0.53,0.56,0.0,0.01,6.0,17.0,6.0,1486.0,1536.0,1655.5777587890625,1662.0,1456.0,1540.0
131750,EB957,300,7.0,10.0,X,0.015,0.53,0.56,0.0,0.01,18.0,15.0,43.0,1486.0,1536.0,1657.0316162109375,1662.0,4816.0,1538.0
131749,EB957,300,6.0,10.0,X,0.015,0.53,0.56,0.0,0.01,18.0,14.0,35.0,1486.0,1536.0,1662.020263671875,1663.0,4821.0,1538.0
131748,EB957,300,5.0,10.0,X,0.015,0.53,0.56,0.0,0.01,18.0,4.0,60.0,1486.0,1536.0,1658.9141845703125,1669.0,4826.0,1545.0
131747,EB957,300,4.0,10.0,X,0.015,0.53,0.56,0.0,0.01,13.0,8.0,13.0,1486.0,1536.0,1663.4805908203125,1663.0,3426.0,1542.0
131746,EB957,300,3.0,10.0,X,0.015,0.53,0.56,0.0,0.01,5.0,17.0,5.0,1486.0,1536.0,1663.76123046875,1670.0,1173.0,1544.0
131745,EB957,300,2.0,10.0,X,0.015,0.53,0.56,0.0,0.01,17.0,15.0,42.0,1486.0,1536.0,1664.3062744140625,1667.0,4534.0,1540.0
131744,EB957,300,1.0,10.0,X,0.015,0.53,0.56,0.0,0.01,17.0,14.0,34.0,1486.0,1536.0,1667.8072509765625,1671.0,4544.0,1539.0
131743,5AF4D,300,7.0,7.0,V,0.006,0.43,0.46,0.015,0.06,17.0,4.0,59.0,1470.0,1515.0,1631.7608642578125,1646.0,4549.0,1532.0
131742,A9D9D,300,6.0,7.0,V,0.006,0.44,0.46,0.015,0.055,12.0,8.0,12.0,1473.0,1523.0,1648.1309814453125,1644.0,3153.0,1532.0
131741,A9D9D,300,5.0,7.0,V,0.006,0.44,0.46,0.015,0.055,4.0,17.0,4.0,1473.0,1523.0,1644.988037109375,1640.0,911.0,1537.0
131740,A9D9D,300,4.0,7.0,V,0.006,0.44,0.46,0.015,0.055,16.0,15.0,41.0,1473.0,1523.0,1641.84228515625,1641.0,4272.0,1537.0
131739,A9D9D,300,3.0,7.0,V,0.006,0.44,0.46,0.015,0.055,16.0,14.0,33.0,1473.0,1523.0,1645.102294921875,1641.0,4282.0,1533.0
131738,A9D9D,300,2.0,7.0,V,0.006,0.44,0.46,0.015,0.055,16.0,4.0,58.0,1473.0,1523.0,1643.148193359375,1637.0,4285.0,1524.0
131737,E1B6A,300,1.0,7.0,X,0.02,0.18,0.2,0.0,0.015,11.0,8.0,11.0,1501.0,1546.0,1686.2139892578125,1703.0,2888.0,1561.0
131736,2D42F,300,6.0,6.0,B,0.005,0.36,0.39,0.0,0.01,3.0,17.0,3.0,1492.0,1547.0,1676.75244140625,1687.0,586.0,1558.0
131735,2D42F,300,5.0,6.0,B,0.005,0.36,0.39,0.0,0.01,15.0,15.0,40.0,1492.0,1547.0,1673.1624755859375,1672.0,3947.0,1546.0
131734,2D42F,300,4.0,6.0,B,0.005,0.36,0.39,0.0,0.01,15.0,14.0,32.0,1492.0,1547.0,1674.7777099609375,1678.0,3958.0,1546.0
131733,2D42F,300,3.0,6.0,B,0.005,0.36,0.39,0.0,0.01,15.0,4.0,57.0,1492.0,1547.0,1670.7703857421875,1676.0,3955.0,1551.0
131732,2D42F,300,2.0,6.0,B,0.005,0.36,0.39,0.0,0.01,10.0,8.0,10.0,1492.0,1547.0,1675.6273193359375,1671.0,2543.0,1555.0
131731,2D42F,300,1.0,6.0,B,0.005,0.36,0.39,0.0,0.01,2.0,17.0,2.0,1492.0,1547.0,1703.0032958984375,1704.0,295.0,1539.0
131730,CC49C,300,5.0,5.0,X,0.005,0.55,0.58,0.007,0.0,14.0,15.0,39.0,1486.0,1541.0,1678.82470703125,1681.0,3657.0,1560.0
131729,6D507,300,4.0,5.0,X,0.02,0.27,0.29,0.009,0.02,14.0,14.0,31.0,1500.0,1540.0,1660.4061279296875,1670.0,3659.0,1548.0
131728,6D507,300,3.0,5.0,X,0.02,0.27,0.29,0.009,0.02,14.0,4.0,56.0,1500.0,1540.0,1660.336181640625,1668.0,3658.0,1545.0
131727,F7C5E,300,2.0,5.0,X,0.015,0.27,0.29,0.009,0.0,9.0,8.0,9.0,1501.0,1551.0,1699.43505859375,1701.0,2242.0,1558.0
131726,F7C5E,300,1.0,5.0,X,0.015,0.27,0.29,0.009,0.0,1.0,17.0,1.0,1501.0,1551.0,1726.5203857421875,1738.0,0.0,1551.0
131725,AB29D,300,7.0,7.0,X,0.015,0.44,0.46,0.0,0.01,13.0,15.0,38.0,1479.0,1524.0,1637.008544921875,1639.0,3355.0,1533.0
131724,E483A,300,6.0,7.0,X,0.02,0.21,0.23,0.009,0.025,13.0,14.0,30.0,1500.0,1540.0,1651.2724609375,1650.0,3363.0,1539.0
131723,57414,300,5.0,7.0,X,0.01,0.38,0.43,0.0,0.02,13.0,4.0,55.0,1486.0,1526.0,1638.8883056640625,1641.0,3365.0,1539.0
131722,1E183,300,4.0,7.0,X,0.01,0.38,0.43,0.0,0.02,8.0,8.0,8.0,1486.0,1526.0,1631.92529296875,1645.0,1961.0,1540.0
131721,E1CE3,300,3.0,7.0,X,0.01,0.37,0.39,0.0,0.0,12.0,15.0,37.0,1485.0,1525.0,1639.466064453125,1652.0,3120.0,1533.0
131720,E1CE3,300,2.0,7.0,X,0.01,0.37,0.39,0.0,0.0,12.0,14.0,29.0,1485.0,1525.0,1633.809326171875,1651.0,3127.0,1531.0
131719,E1CE3,300,1.0,7.0,X,0.01,0.37,0.39,0.0,0.0,12.0,4.0,54.0,1485.0,1525.0,1654.622802734375,1667.0,3125.0,1535.0
131718,8ECC3,300,6.0,6.0,X,0.01,0.48,0.51,0.0,0.0,7.0,8.0,7.0,1477.0,1522.0,1640.672119140625,1656.0,1719.0,1546.0
131717,1FFF4,300,5.0,6.0,X,0.015,0.21,0.24,0.009,0.025,11.0,15.0,36.0,1502.0,1542.0,1662.3294677734375,1673.0,2885.0,1555.0
131716,C8C14,300,4.0,6.0,X,0.02,0.16,0.18,0.008,0.015,11.0,14.0,28.0,1507.0,1547.0,1658.9510498046875,1677.0,2897.0,1550.0
131715,FA128,300,3.0,6.0,X,0.02,0.18,0.21,0.009,0.02,11.0,4.0,53.0,1504.0,1544.0,1659.5360107421875,1664.0,2899.0,1555.0
131714,FA128,300,2.0,6.0,X,0.02,0.18,0.21,0.009,0.02,5.0,2.0,62.0,1504.0,1544.0,1660.09130859375,1661.0,1110.0,1555.0
131713,C2394,300,1.0,6.0,X,0.02,0.17,0.22,0.01,0.01,6.0,8.0,6.0,1502.0,1537.0,1674.7596435546875,1673.0,1447.0,1539.0
131712,CA2FD,300,6.0,6.0,X,0.02,0.15,0.17,0.009,0.02,10.0,15.0,35.0,1507.0,1552.0,1669.905517578125,1678.0,2623.0,1553.0
131711,CA2FD,300,5.0,6.0,X,0.02,0.15,0.17,0.009,0.02,10.0,14.0,27.0,1507.0,1552.0,1669.2646484375,1671.0,2635.0,1550.0
131710,CA2FD,300,4.0,6.0,X,0.02,0.15,0.17,0.009,0.02,10.0,4.0,52.0,1507.0,1552.0,1670.5029296875,1671.0,2640.0,1553.0
131709,CA2FD,300,3.0,6.0,X,0.02,0.15,0.17,0.009,0.02,4.0,2.0,61.0,1507.0,1552.0,1664.6839599609375,1667.0,853.0,1551.0
131708,F079C,300,2.0,6.0,X,0.01,0.42,0.45,0.0,0.02,5.0,8.0,5.0,1483.0,1528.0,1640.7567138671875,1648.0,1180.0,1530.0
131707,80160,300,1.0,6.0,X,0.015,0.4,0.45,0.0,0.02,9.0,15.0,34.0,1487.0,1522.0,1659.4139404296875,1657.0,2354.0,1532.0
131706,889AE,300,4.0,4.0,B,0.02,0.16,0.18,0.012,0.01,9.0,14.0,26.0,1507.0,1532.0,1641.112060546875,1651.0,2367.0,1544.0
131705,889AE,300,3.0,4.0,B,0.02,0.16,0.18,0.012,0.01,9.0,4.0,51.0,1507.0,1532.0,1640.3804931640625,1640.0,2362.0,1547.0
131704,889AE,300,2.0,4.0,B,0.02,0.16,0.18,0.012,0.01,3.0,2.0,60.0,1507.0,1532.0,1641.52734375,1645.0,575.0,1549.0
131703,889AE,300,1.0,4.0,B,0.02,0.16,0.18,0.012,0.01,4.0,8.0,4.0,1507.0,1532.0,1675.373291015625,1688.0,899.0,1549.0
131702,0BFF6,300,4.0,4.0,X,0.0,0.93,1.0,0.006,0.0,8.0,15.0,33.0,1462.0,1488.0,1614.661376953125,1630.0,2063.0,1498.0
131701,0BFF6,300,3.0,4.0,X,0.0,0.93,1.0,0.006,0.0,8.0,14.0,25.0,1462.0,1488.0,1613.212158203125,1621.0,2066.0,1500.0
131700,0BFF6,300,2.0,4.0,X,0.0,0.93,1.0,0.006,0.0,8.0,4.0,50.0,1462.0,1488.0,1611.51953125,1627.0,2061.0,1491.0
131699,0BFF6,300,1.0,4.0,X,0.0,0.93,1.0,0.006,0.0,2.0,2.0,59.0,1462.0,1488.0,1615.389404296875,1618.0,269.0,1494.0
131698,E86A6,300,5.0,5.0,X,0.018,0.28,0.31,0.007,0.015,3.0,8.0,3.0,1497.0,1537.0,1666.3349609375,1671.0,602.0,1560.0
131697,E86A6,300,4.0,5.0,X,0.018,0.28,0.31,0.007,0.015,7.0,15.0,32.0,1497.0,1537.0,1660.1416015625,1665.0,1772.0,1552.0
131696,E86A6,300,3.0,5.0,X,0.018,0.28,0.31,0.007,0.015,7.0,14.0,24.0,1497.0,1537.0,1660.57470703125,1664.0,1781.0,1558.0
131695,E86A6,300,2.0,5.0,X,0.018,0.28,0.31,0.007,0.015,7.0,4.0,49.0,1497.0,1537.0,1661.072998046875,1664.0,1785.0,1555.0
131694,E86A6,300,1.0,5.0,X,0.018,0.28,0.31,0.007,0.015,1.0,2.0,58.0,1497.0,1537.0,1684.398681640625,1682.0,0.0,1549.0
131693,E86A6,300,6.0,6.0,X,0.018,0.28,0.31,0.007,0.015,2.0,8.0,2.0,1497.0,1537.0,1669.438232421875,1681.0,331.0,1553.0
131692,E86A6,300,5.0,6.0,X,0.018,0.28,0.31,0.007,0.015,6.0,15.0,31.0,1497.0,1537.0,1661.11279296875,1665.0,1505.0,1538.0
131691,E86A6,300,4.0,6.0,X,0.018,0.28,0.31,0.007,0.015,6.0,14.0,23.0,1497.0,1537.0,1659.7279052734375,1664.0,1514.0,1539.0
131690,E86A6,300,3.0,6.0,X,0.018,0.28,0.31,0.007,0.015,6.0,4.0,48.0,1497.0,1537.0,1656.695068359375,1663.0,1504.0,1538.0
131689,E86A6,300,2.0,6.0,X,0.018,0.28,0.31,0.007,0.015,4.0,6.0,59.0,1497.0,1537.0,1660.3035888671875,1661.0,883.0,1547.0
131688,E86A6,300,1.0,6.0,X,0.018,0.28,0.31,0.007,0.015,1.0,8.0,1.0,1497.0,1537.0,1698.4403076171875,1704.0,0.0,1559.0
131687,6E222,300,6.0,6.0,X,0.015,0.21,0.23,0.0,0.01,5.0,15.0,30.0,1504.0,1549.0,1673.921875,1679.0,1173.0,1558.0
131686,6E222,300,5.0,6.0,X,0.015,0.21,0.23,0.0,0.01,5.0,14.0,22.0,1504.0,1549.0,1668.611328125,1664.0,1183.0,1547.0
131685,6E222,300,4.0,6.0,X,0.015,0.21,0.23,0.0,0.01,5.0,4.0,47.0,1504.0,1549.0,1665.135009765625,1667.0,1185.0,1549.0
131684,6E222,300,3.0,6.0,X,0.015,0.21,0.23,0.0,0.01,3.0,6.0,58.0,1504.0,1549.0,1665.387939453125,1675.0,594.0,1550.0
131683,6E222,300,2.0,6.0,X,0.015,0.21,0.23,0.0,0.01,4.0,2.0,57.0,1504.0,1549.0,1666.2584228515625,1674.0,865.0,1563.0
131682,6E222,300,1.0,6.0,X,0.015,0.21,0.23,0.0,0.01,4.0,15.0,29.0,1504.0,1549.0,1678.307861328125,1661.0,871.0,1562.0
131681,6E222,300,5.0,5.0,X,0.015,0.21,0.23,0.0,0.01,4.0,14.0,21.0,1504.0,1549.0,1674.106201171875,1677.0,875.0,1553.0
131680,6E222,300,4.0,5.0,X,0.015,0.21,0.23,0.0,0.01,4.0,4.0,46.0,1504.0,1549.0,1664.5570068359375,1671.0,872.0,1553.0
131679,6E222,300,3.0,5.0,X,0.015,0.21,0.23,0.0,0.01,2.0,6.0,57.0,1504.0,1549.0,1672.43115234375,1669.0,279.0,1548.0
131678,51FF2,300,2.0,5.0,X,0.015,0.21,0.23,0.0,0.02,3.0,2.0,56.0,1503.0,1543.0,1661.0670166015625,1668.0,575.0,1548.0
131677,A7B3C,300,1.0,5.0,X,0.025,0.2,0.23,0.01,0.01,3.0,15.0,28.0,1504.0,1549.0,1684.01806640625,1685.0,584.0,1550.0
131676,AA222,300,5.0,5.0,X,0.018,0.19,0.22,0.0,0.025,3.0,14.0,20.0,1502.0,1552.0,1674.405517578125,1674.0,596.0,1554.0
131675,AA222,300,4.0,5.0,X,0.018,0.19,0.22,0.0,0.025,3.0,4.0,45.0,1502.0,1552.0,1672.869384765625,1675.0,598.0,1549.0
131674,AA222,300,3.0,5.0,X,0.018,0.19,0.22,0.0,0.025,1.0,6.0,56.0,1502.0,1552.0,1676.89892578125,1680.0,0.0,1547.0
131673,E60DC,300,2.0,5.0,X,0.02,0.18,0.2,0.01,0.0,2.0,2.0,55.0,1504.0,1539.0,1661.097412109375,1663.0,285.0,1549.0
131672,E60DC,300,1.0,5.0,X,0.02,0.18,0.2,0.01,0.0,2.0,15.0,27.0,1504.0,1539.0,1679.06640625,1676.0,290.0,1544.0
131671,DDC4A,300,2.0,2.0,X,0.015,0.32,0.38,0.0,0.0,2.0,14.0,19.0,1493.0,1543.0,1667.7647705078125,1666.0,300.0,1547.0
131670,E1B6A,300,1.0,2.0,X,0.02,0.18,0.2,0.0,0.015,2.0,4.0,44.0,1501.0,1546.0,1688.1463623046875,1697.0,306.0,1557.0
131669,E1B6A,300,4.0,6.0,X,0.02,0.18,0.2,0.0,0.015,1.0,2.0,54.0,1501.0,1546.0,1674.1895751953125,1688.0,0.0,1557.0
131668,E1B6A,300,3.0,6.0,X,0.02,0.18,0.2,0.0,0.015,1.0,15.0,26.0,1501.0,1546.0,1674.447998046875,1675.0,0.0,1553.0
131667,16F90,300,2.0,6.0,B,0.02,0.36,0.38,0.0,0.02,1.0,14.0,18.0,1490.0,1535.0,1662.9683837890625,1678.0,0.0,1549.0
131666,16F90,300,1.0,6.0,B,0.02,0.36,0.38,0.0,0.02,1.0,4.0,43.0,1490.0,1535.0,1687.06982421875,1685.0,0.0,1545.0
131665,2D42F,300,7.0,7.0,B,0.005,0.36,0.39,0.0,0.01,17.0,14.0,17.0,1492.0,1547.0,1677.6790771484375,1687.0,4803.0,1558.0
131664,2D42F,300,6.0,7.0,B,0.005,0.36,0.39,0.0,0.01,9.0,2.0,53.0,1492.0,1547.0,1677.2628173828125,1677.0,2526.0,1548.0
131663,2D42F,300,5.0,7.0,B,0.005,0.36,0.39,0.0,0.01,11.0,6.0,55.0,1492.0,1547.0,1675.5064697265625,1680.0,3048.0,1557.0
131662,2D42F,300,4.0,8.0,B,0.005,0.36,0.39,0.0,0.01,6.0,15.0,25.0,1492.0,1547.0,1676.2452392578125,1680.0,1522.0,1558.0
131661,2D42F,300,3.0,8.0,B,0.005,0.36,0.39,0.0,0.01,25.0,4.0,42.0,1492.0,1547.0,1676.8302001953125,1676.0,7146.0,1561.0
131660,2D42F,300,2.0,8.0,B,0.005,0.36,0.39,0.0,0.01,16.0,14.0,16.0,1492.0,1547.0,1677.62646484375,1677.0,4533.0,1557.0
131659,2D42F,300,1.0,8.0,B,0.005,0.36,0.39,0.0,0.01,8.0,2.0,52.0,1492.0,1547.0,1690.4462890625,1698.0,2260.0,1553.0
131658,BF6EC,300,7.0,7.0,X,0.015,0.19,0.23,0.009,0.0,10.0,6.0,54.0,1504.0,1549.0,1665.927490234375,1669.0,2787.0,1556.0
131657,A2DFA,300,6.0,7.0,X,0.005,0.43,0.5,0.0,0.0,5.0,15.0,24.0,1480.0,1525.0,1618.6380615234375,1624.0,1254.0,1524.0
131656,A2DFA,300,5.0,7.0,X,0.005,0.43,0.5,0.0,0.0,24.0,4.0,41.0,1480.0,1525.0,1621.825439453125,1630.0,6876.0,1534.0
131655,116A5,300,4.0,7.0,X,0.02,0.5,0.52,0.0,0.0,15.0,14.0,15.0,1488.0,1528.0,1650.4476318359375,1643.0,4263.0,1539.0
131654,116A5,300,3.0,7.0,X,0.02,0.5,0.52,0.0,0.0,7.0,2.0,51.0,1488.0,1528.0,1646.396484375,1645.0,1985.0,1536.0
131653,116A5,300,2.0,7.0,X,0.02,0.5,0.52,0.0,0.0,9.0,6.0,53.0,1488.0,1528.0,1638.5899658203125,1649.0,2508.0,1527.0
131652,116A5,300,1.0,7.0,X,0.02,0.5,0.52,0.0,0.0,4.0,15.0,23.0,1488.0,1528.0,1657.155029296875,1666.0,972.0,1530.0
131651,2D42F,300,6.0,6.0,B,0.005,0.36,0.39,0.0,0.01,23.0,4.0,40.0,1492.0,1547.0,1673.007080078125,1680.0,6599.0,1555.0
131650,2D42F,300,5.0,6.0,B,0.005,0.36,0.39,0.0,0.01,14.0,14.0,14.0,1492.0,1547.0,1679.2493896484375,1681.0,3989.0,1549.0
131649,2D42F,300,4.0,6.0,B,0.005,0.36,0.39,0.0,0.01,6.0,2.0,50.0,1492.0,1547.0,1668.9400634765625,1677.0,1707.0,1546.0
131648,2D42F,300,5.0,8.0,B,0.005,0.36,0.39,0.0,0.01,8.0,6.0,52.0,1492.0,1547.0,1670.094970703125,1679.0,2173.0,1562.0
131647,2D42F,300,4.0,8.0,B,0.005,0.36,0.39,0.0,0.01,22.0,4.0,39.0,1492.0,1547.0,1672.7657470703125,1672.0,6319.0,1553.0
131646,2D42F,300,3.0,8.0,B,0.005,0.36,0.39,0.0,0.01,3.0,15.0,22.0,1492.0,1547.0,1677.6055908203125,1660.0,571.0,1557.0
131645,2D42F,300,2.0,8.0,B,0.005,0.36,0.39,0.0,0.01,13.0,14.0,13.0,1492.0,1547.0,1672.3682861328125,1669.0,3638.0,1545.0
131644,2D42F,300,1.0,8.0,B,0.005,0.36,0.39,0.0,0.01,5.0,2.0,49.0,1492.0,1547.0,1690.1922607421875,1684.0,1359.0,1543.0
131643,D63DF,300,6.0,6.0,V,0.005,0.37,0.4,0.01,0.03,7.0,6.0,51.0,1480.0,1525.0,1636.974365234375,1650.0,1882.0,1533.0
131642,258E9,300,5.0,6.0,X,0.01,0.32,0.35,0.0,0.0,21.0,4.0,38.0,1488.0,1528.0,1644.4710693359375,1649.0,6022.0,1535.0
131641,258E9,300,4.0,6.0,X,0.01,0.32,0.35,0.0,0.0,2.0,15.0,21.0,1488.0,1528.0,1641.542724609375,1642.0,289.0,1532.0
131640,258E9,300,3.0,6.0,X,0.01,0.32,0.35,0.0,0.0,12.0,14.0,12.0,1488.0,1528.0,1642.7696533203125,1656.0,3349.0,1540.0
131639,FC570,300,2.0,6.0,X,0.02,0.15,0.19,0.008,0.01,4.0,2.0,48.0,1507.0,1547.0,1665.315185546875,1672.0,1063.0,1560.0
131638,77C04,300,1.0,6.0,X,0.02,0.17,0.22,0.01,0.01,6.0,6.0,50.0,1502.0,1547.0,1696.01220703125,1690.0,1592.0,1565.0
131637,2556F,300,5.0,5.0,X,0.01,0.48,0.53,0.008,0.0,20.0,4.0,37.0,1486.0,1516.0,1633.115234375,1646.0,5737.0,1529.0
131636,112E4,300,4.0,5.0,B,0.008,0.18,0.2,0.007,0.0,1.0,15.0,20.0,1509.0,1554.0,1678.8853759765625,1691.0,0.0,1555.0
131635,A0D69,300,3.0,5.0,X,0.02,0.18,0.21,0.0,0.0,11.0,14.0,11.0,1510.0,1550.0,1671.710205078125,1671.0,2988.0,1557.0
131634,23AD2,300,3.0,6.0,X,0.015,0.5,0.55,0.0,0.04,3.0,2.0,47.0,1487.0,1527.0,1644.982666015625,1649.0,623.0,1536.0
131633,23AD2,300,2.0,6.0,X,0.015,0.5,0.55,0.0,0.04,5.0,6.0,49.0,1487.0,1527.0,1632.240478515625,1647.0,1124.0,1538.0
131632,EEED2,300,1.0,6.0,X,0.005,0.5,0.52,0.0,0.06,19.0,4.0,36.0,1485.0,1545.0,1679.3231201171875,1677.0,5266.0,1541.0
131631,889AE,300,4.0,4.0,B,0.02,0.16,0.18,0.012,0.01,19.0,15.0,19.0,1507.0,1532.0,1638.3482666015625,1643.0,5230.0,1539.0
131630,889AE,300,3.0,4.0,B,0.02,0.16,0.18,0.012,0.01,10.0,14.0,10.0,1507.0,1532.0,1640.801025390625,1640.0,2567.0,1534.0
131629,889AE,300,2.0,4.0,B,0.02,0.16,0.18,0.012,0.01,2.0,2.0,46.0,1507.0,1532.0,1637.1776123046875,1644.0,288.0,1537.0
131628,889AE,300,1.0,4.0,B,0.02,0.16,0.18,0.012,0.01,4.0,6.0,48.0,1507.0,1532.0,1674.27734375,1671.0,809.0,1536.0
131627,E0B89,300,7.0,7.0,X,0.02,0.25,0.27,0.01,0.01,18.0,4.0,35.0,1501.0,1546.0,1668.8375244140625,1667.0,4951.0,1544.0
131626,E0B89,300,6.0,7.0,X,0.02,0.25,0.27,0.01,0.01,18.0,15.0,18.0,1501.0,1546.0,1666.466796875,1664.0,4948.0,1549.0
131625,60329,300,5.0,7.0,X,0.015,0.25,0.27,0.01,0.0,9.0,14.0,9.0,1501.0,1536.0,1658.468505859375,1659.0,2274.0,1554.0
131624,60329,300,4.0,7.0,X,0.015,0.25,0.27,0.01,0.0,1.0,2.0,45.0,1501.0,1536.0,1662.1715087890625,1667.0,0.0,1556.0
131623,1E6E6,300,3.0,7.0,X,0.025,0.19,0.23,0.01,0.015,3.0,6.0,47.0,1505.0,1545.0,1655.985595703125,1659.0,522.0,1563.0
131622,1E6E6,300,2.0,7.0,X,0.025,0.19,0.23,0.01,0.015,17.0,4.0,34.0,1505.0,1545.0,1655.6697998046875,1661.0,4668.0,1556.0
131621,F7AB5,300,1.0,7.0,X,0.015,0.42,0.44,0.0,0.02,17.0,15.0,17.0,1481.0,1526.0,1660.0450439453125,1676.0,4662.0,1534.0
131620,D398B,300,3.0,3.0,X,0.02,0.2,0.22,0.009,0.02,8.0,14.0,8.0,1506.0,1551.0,1678.1207275390625,1681.0,1993.0,1558.0
131619,D398B,300,2.0,3.0,X,0.02,0.2,0.22,0.009,0.02,2.0,6.0,46.0,1506.0,1551.0,1676.1380615234375,1676.0,266.0,1561.0
131618,D398B,300,1.0,3.0,X,0.02,0.2,0.22,0.009,0.02,16.0,4.0,33.0,1506.0,1551.0,1687.0128173828125,1687.0,4423.0,1548.0
131617,D398B,300,3.0,5.0,X,0.02,0.2,0.22,0.009,0.02,16.0,15.0,16.0,1506.0,1551.0,1675.1533203125,1664.0,4371.0,1536.0
131616,D398B,300,2.0,5.0,X,0.02,0.2,0.22,0.009,0.02,7.0,14.0,7.0,1506.0,1551.0,1675.935302734375,1681.0,1698.0,1555.0
131615,0D9F5,300,1.0,5.0,X,0.01,0.05,0.15,0.009,0.0,1.0,6.0,45.0,1506.0,1546.0,1693.078125,1700.0,0.0,1556.0
131614,27480,300,4.0,4.0,X,0.02,0.21,0.23,0.009,0.02,15.0,2.0,44.0,1506.0,1551.0,1678.4739990234375,1685.0,4089.0,1546.0
131613,27480,300,3.0,4.0,X,0.02,0.21,0.23,0.009,0.02,15.0,4.0,32.0,1506.0,1551.0,1670.9432373046875,1667.0,4089.0,1555.0
131612,27480,300,2.0,4.0,X,0.02,0.21,0.23,0.009,0.02,15.0,15.0,15.0,1506.0,1551.0,1675.5697021484375,1674.0,4084.0,1548.0
131611,27480,300,1.0,4.0,X,0.02,0.21,0.23,0.009,0.02,6.0,14.0,6.0,1506.0,1551.0,1687.79345703125,1692.0,1421.0,1549.0
131610,5692D,300,7.0,7.0,X,0.015,0.39,0.41,0.0,0.01,14.0,2.0,43.0,1486.0,1521.0,1629.82568359375,1640.0,3789.0,1531.0
131609,3D92C,300,6.0,7.0,X,0.01,0.39,0.41,0.0,0.02,14.0,4.0,31.0,1485.0,1520.0,1626.4779052734375,1636.0,3784.0,1526.0
131608,3D92C,300,5.0,7.0,X,0.01,0.39,0.41,0.0,0.02,14.0,15.0,14.0,1485.0,1520.0,1628.7432861328125,1632.0,3780.0,1523.0
131607,57414,300,4.0,7.0,X,0.01,0.38,0.43,0.0,0.02,5.0,14.0,5.0,1486.0,1526.0,1650.03271484375,1647.0,1117.0,1533.0
131606,57414,300,3.0,7.0,X,0.01,0.38,0.43,0.0,0.02,14.0,6.0,44.0,1486.0,1526.0,1640.5611572265625,1653.0,3815.0,1531.0
131605,FEDC9,300,2.0,7.0,X,0.02,0.17,0.19,0.01,0.01,13.0,2.0,42.0,1506.0,1551.0,1676.0672607421875,1672.0,3518.0,1542.0
131604,8E733,300,1.0,7.0,X,0.02,0.17,0.2,0.01,0.02,13.0,4.0,30.0,1506.0,1546.0,1680.0050048828125,1678.0,3522.0,1544.0
131603,889AE,300,4.0,4.0,B,0.02,0.16,0.18,0.012,0.01,13.0,15.0,13.0,1507.0,1532.0,1644.076904296875,1642.0,3517.0,1549.0
131602,889AE,300,3.0,4.0,B,0.02,0.16,0.18,0.012,0.01,4.0,14.0,4.0,1507.0,1532.0,1641.4530029296875,1643.0,849.0,1542.0
131601,889AE,300,2.0,4.0,B,0.02,0.16,0.18,0.012,0.01,13.0,6.0,43.0,1507.0,1532.0,1642.9891357421875,1644.0,3546.0,1542.0
131600,889AE,300,1.0,4.0,B,0.02,0.16,0.18,0.012,0.01,12.0,2.0,41.0,1507.0,1532.0,1678.081787109375,1675.0,3247.0,1535.0
131599,AB910,300,5.0,5.0,X,0.02,0.4,0.45,0.0,0.02,12.0,4.0,29.0,1483.0,1528.0,1647.640625,1652.0,3250.0,1541.0
131598,AB910,300,4.0,5.0,X,0.02,0.4,0.45,0.0,0.02,12.0,15.0,12.0,1483.0,1528.0,1647.0211181640625,1650.0,3248.0,1528.0
131597,AB910,300,3.0,5.0,X,0.02,0.4,0.45,0.0,0.02,3.0,14.0,3.0,1483.0,1528.0,1650.21875,1667.0,579.0,1539.0
131596,AB910,300,2.0,5.0,X,0.02,0.4,0.45,0.0,0.02,12.0,6.0,42.0,1483.0,1528.0,1641.8681640625,1649.0,3271.0,1540.0
131595,AB910,300,1.0,5.0,X,0.02,0.4,0.45,0.0,0.02,11.0,2.0,40.0,1483.0,1528.0,1668.6129150390625,1671.0,2972.0,1537.0
131594,CE16F,300,8.0,8.0,X,0.02,0.15,0.17,0.008,0.02,11.0,4.0,28.0,1507.0,1552.0,1667.23779296875,1684.0,2975.0,1564.0
131593,CA2FD,300,7.0,8.0,X,0.02,0.15,0.17,0.009,0.02,11.0,15.0,11.0,1507.0,1552.0,1671.416015625,1685.0,2971.0,1563.0
131592,CA2FD,300,6.0,8.0,X,0.02,0.15,0.17,0.009,0.02,2.0,14.0,2.0,1507.0,1552.0,1675.059814453125,1683.0,307.0,1569.0
131591,CA2FD,300,5.0,8.0,X,0.02,0.15,0.17,0.009,0.02,11.0,6.0,41.0,1507.0,1552.0,1670.055419921875,1673.0,3007.0,1559.0
131590,CA2FD,300,4.0,8.0,X,0.02,0.15,0.17,0.009,0.02,10.0,2.0,39.0,1507.0,1552.0,1673.263427734375,1677.0,2709.0,1555.0
131589,CA2FD,300,3.0,8.0,X,0.02,0.15,0.17,0.009,0.02,10.0,4.0,27.0,1507.0,1552.0,1677.1356201171875,1676.0,2706.0,1559.0
131588,CA2FD,300,2.0,8.0,X,0.02,0.15,0.17,0.009,0.02,10.0,15.0,10.0,1507.0,1552.0,1676.3448486328125,1674.0,2676.0,1561.0
131587,CA2FD,300,1.0,8.0,X,0.02,0.15,0.17,0.009,0.02,1.0,14.0,1.0,1507.0,1552.0,1710.6033935546875,1715.0,0.0,1572.0
131586,7FEAB,300,6.0,6.0,X,0.02,0.2,0.22,0.009,0.02,10.0,6.0,40.0,1506.0,1546.0,1662.630859375,1682.0,2685.0,1559.0
131585,7FEAB,300,5.0,6.0,X,0.02,0.2,0.22,0.009,0.02,8.0,5.0,53.0,1506.0,1546.0,1664.677978515625,1670.0,2069.0,1542.0
131584,7FEAB,300,4.0,6.0,X,0.02,0.2,0.22,0.009,0.02,9.0,2.0,38.0,1506.0,1546.0,1657.182373046875,1674.0,2331.0,1543.0
131583,7FEAB,300,3.0,6.0,X,0.02,0.2,0.22,0.009,0.02,9.0,4.0,26.0,1506.0,1546.0,1663.781005859375,1671.0,2329.0,1557.0
131582,7FEAB,300,2.0,6.0,X,0.02,0.2,0.22,0.009,0.02,9.0,15.0,9.0,1506.0,1546.0,1665.55029296875,1676.0,2325.0,1550.0
131581,7FEAB,300,1.0,6.0,X,0.02,0.2,0.22,0.009,0.02,9.0,6.0,39.0,1506.0,1546.0,1692.79638671875,1703.0,2407.0,1549.0
131580,80160,300,5.0,5.0,X,0.015,0.4,0.45,0.0,0.02,7.0,5.0,52.0,1487.0,1522.0,1644.8919677734375,1648.0,1791.0,1539.0
131579,80160,300,4.0,5.0,X,0.015,0.4,0.45,0.0,0.02,8.0,2.0,37.0,1487.0,1522.0,1636.6357421875,1649.0,2052.0,1537.0
131578,80160,300,3.0,5.0,X,0.015,0.4,0.45,0.0,0.02,8.0,4.0,25.0,1487.0,1522.0,1635.93701171875,1657.0,2039.0,1543.0
131577,80160,300,2.0,5.0,X,0.015,0.4,0.45,0.0,0.02,8.0,15.0,8.0,1487.0,1522.0,1640.1600341796875,1654.0,2031.0,1541.0
131576,80160,300,1.0,5.0,X,0.015,0.4,0.45,0.0,0.02,8.0,6.0,38.0,1487.0,1522.0,1655.085693359375,1664.0,2111.0,1538.0
131575,248B5,300,7.0,7.0,X,0.02,0.21,0.23,0.009,0.02,6.0,5.0,51.0,1506.0,1551.0,1676.636962890625,1679.0,1500.0,1553.0
131574,248B5,300,6.0,7.0,X,0.02,0.21,0.23,0.009,0.02,7.0,4.0,24.0,1506.0,1551.0,1670.6739501953125,1680.0,1820.0,1551.0
131573,248B5,300,5.0,7.0,X,0.02,0.21,0.23,0.009,0.02,7.0,2.0,36.0,1506.0,1551.0,1675.4910888671875,1679.0,1706.0,1556.0
131572,248B5,300,4.0,7.0,X,0.02,0.21,0.23,0.009,0.02,7.0,15.0,7.0,1506.0,1551.0,1676.7445068359375,1681.0,1755.0,1550.0
131571,248B5,300,3.0,7.0,X,0.02,0.21,0.23,0.009,0.02,7.0,6.0,37.0,1506.0,1551.0,1675.4139404296875,1679.0,1842.0,1551.0
131570,248B5,300,2.0,7.0,X,0.02,0.21,0.23,0.009,0.02,5.0,5.0,50.0,1506.0,1551.0,1675.313720703125,1679.0,1222.0,1555.0
131569,248B5,300,1.0,7.0,X,0.02,0.21,0.23,0.009,0.02,6.0,4.0,23.0,1506.0,1551.0,1691.340087890625,1694.0,1545.0,1553.0
131568,889AE,300,6.0,6.0,B,0.02,0.16,0.18,0.012,0.01,6.0,2.0,35.0,1507.0,1532.0,1639.2728271484375,1653.0,1440.0,1557.0
131567,889AE,300,5.0,6.0,B,0.02,0.16,0.18,0.012,0.01,6.0,15.0,6.0,1507.0,1532.0,1642.8839111328125,1654.0,1476.0,1536.0
131566,889AE,300,4.0,6.0,B,0.02,0.16,0.18,0.012,0.01,6.0,6.0,36.0,1507.0,1532.0,1641.477294921875,1653.0,1561.0,1541.0
131565,889AE,300,3.0,6.0,B,0.02,0.16,0.18,0.012,0.01,4.0,5.0,49.0,1507.0,1532.0,1641.7899169921875,1652.0,941.0,1543.0
131564,889AE,300,2.0,4.0,B,0.02,0.16,0.18,0.012,0.01,5.0,2.0,34.0,1507.0,1532.0,1641.0008544921875,1662.0,1127.0,1556.0
131563,889AE,300,1.0,4.0,B,0.02,0.16,0.18,0.012,0.01,5.0,4.0,22.0,1507.0,1532.0,1676.06005859375,1675.0,1127.0,1555.0
131562,5AF4D,300,7.0,7.0,V,0.006,0.43,0.46,0.015,0.06,5.0,15.0,5.0,1470.0,1515.0,1626.866943359375,1634.0,1114.0,1509.0
131561,5AF4D,300,6.0,7.0,V,0.006,0.43,0.46,0.015,0.06,5.0,6.0,35.0,1470.0,1515.0,1631.0811767578125,1636.0,1188.0,1518.0
131560,5AF4D,300,5.0,7.0,V,0.006,0.43,0.46,0.015,0.06,3.0,5.0,48.0,1470.0,1515.0,1631.0811767578125,1628.0,570.0,1525.0
131559,5AF4D,300,4.0,7.0,V,0.006,0.43,0.46,0.015,0.06,4.0,2.0,33.0,1470.0,1515.0,1623.1337890625,1628.0,831.0,1508.0
131558,44D42,300,3.0,7.0,V,0.01,0.34,0.37,0.01,0.02,4.0,4.0,21.0,1489.0,1534.0,1647.397705078125,1660.0,827.0,1538.0
131557,EB567,300,2.0,7.0,V,0.01,0.35,0.38,0.016,0.045,4.0,15.0,4.0,1480.0,1540.0,1663.8525390625,1672.0,821.0,1530.0
131556,9A58C,300,1.0,7.0,X,0.0,0.37,0.45,0.008,0.08,4.0,6.0,34.0,1480.0,1525.0,1658.9112548828125,1660.0,904.0,1521.0
131555,5AF4D,300,6.0,6.0,V,0.006,0.43,0.46,0.015,0.06,2.0,5.0,47.0,1470.0,1515.0,1635.611328125,1635.0,285.0,1514.0
131554,5AF4D,300,5.0,6.0,V,0.006,0.43,0.46,0.015,0.06,3.0,2.0,32.0,1470.0,1515.0,1631.1937255859375,1632.0,548.0,1518.0
131553,5AF4D,300,4.0,6.0,V,0.006,0.43,0.46,0.015,0.06,3.0,4.0,20.0,1470.0,1515.0,1625.509033203125,1629.0,534.0,1523.0
131552,5AF4D,300,3.0,6.0,V,0.006,0.43,0.46,0.015,0.06,3.0,15.0,3.0,1470.0,1515.0,1631.9385986328125,1639.0,525.0,1524.0
131551,5AF4D,300,2.0,6.0,V,0.006,0.43,0.46,0.015,0.06,3.0,6.0,33.0,1470.0,1515.0,1627.290283203125,1639.0,614.0,1522.0
131550,7C2F1,300,1.0,6.0,X,0.015,0.37,0.45,0.0,0.08,1.0,5.0,46.0,1480.0,1520.0,1667.470703125,1666.0,0.0,1544.0
131549,9C4F0,300,4.0,4.0,X,0.015,0.18,0.23,0.01,0.0,2.0,2.0,31.0,1504.0,1544.0,1655.19921875,1655.0,247.0,1552.0
131548,9C4F0,300,3.0,4.0,X,0.015,0.18,0.23,0.01,0.0,2.0,4.0,19.0,1504.0,1544.0,1654.4034423828125,1655.0,247.0,1543.0
131547,9C4F0,300,2.0,4.0,X,0.015,0.18,0.23,0.01,0.0,2.0,15.0,2.0,1504.0,1544.0,1659.9085693359375,1674.0,244.0,1539.0
131546,E86A6,300,1.0,4.0,X,0.018,0.28,0.31,0.007,0.015,2.0,6.0,32.0,1497.0,1537.0,1666.939208984375,1668.0,313.0,1542.0
131545,66364,300,4.0,4.0,X,0.02,0.18,0.21,0.01,0.02,1.0,2.0,30.0,1502.0,1542.0,1670.765380859375,1671.0,0.0,1559.0
131544,9E44C,300,3.0,4.0,X,0.02,0.18,0.2,0.01,0.02,1.0,4.0,18.0,1500.0,1540.0,1665.301025390625,1681.0,0.0,1555.0
131543,9E44C,300,2.0,4.0,X,0.02,0.18,0.2,0.01,0.02,1.0,15.0,1.0,1500.0,1540.0,1674.763427734375,1682.0,0.0,1553.0
131542,9E44C,300,1.0,4.0,X,0.02,0.18,0.2,0.01,0.02,1.0,6.0,31.0,1500.0,1540.0,1695.070556640625,1699.0,0.0,1557.0
131541,9E44C,300,4.0,4.0,X,0.02,0.18,0.2,0.01,0.02,3.0,5.0,45.0,1500.0,1540.0,1662.5054931640625,1674.0,544.0,1557.0
131540,3B8B5,300,3.0,4.0,X,0.02,0.17,0.2,0.01,0.02,3.0,16.0,55.0,1500.0,1540.0,1654.1705322265625,1657.0,592.0,1545.0
131539,E60DC,300,2.0,4.0,X,0.02,0.18,0.2,0.01,0.0,2.0,2.0,29.0,1504.0,1539.0,1659.7640380859375,1657.0,304.0,1541.0
131538,4F121,300,1.0,8.0,X,0.01,0.38,0.43,0.0,0.0,2.0,4.0,17.0,1480.0,1520.0,1663.871826171875,1675.0,295.0,1535.0
131537,7FEAB,300,5.0,5.0,X,0.02,0.2,0.22,0.009,0.02,2.0,5.0,44.0,1506.0,1546.0,1666.59326171875,1666.0,298.0,1549.0
131536,7FEAB,300,4.0,5.0,X,0.02,0.2,0.22,0.009,0.02,2.0,6.0,30.0,1506.0,1546.0,1664.650146484375,1670.0,284.0,1542.0
131535,7FEAB,300,3.0,5.0,X,0.02,0.2,0.22,0.009,0.02,2.0,16.0,54.0,1506.0,1546.0,1664.0521240234375,1670.0,281.0,1550.0
131534,7FEAB,300,2.0,5.0,X,0.02,0.2,0.22,0.009,0.02,1.0,2.0,28.0,1506.0,1546.0,1677.7950439453125,1690.0,0.0,1546.0
131533,7FEAB,300,1.0,5.0,X,0.02,0.2,0.22,0.009,0.02,1.0,4.0,16.0,1506.0,1546.0,1705.8436279296875,1720.0,0.0,1548.0
131532,59A4E,300,3.0,3.0,X,0.01,0.19,0.21,0.01,0.02,1.0,5.0,43.0,1503.0,1543.0,1672.3719482421875,1685.0,0.0,1548.0
131531,59A4E,300,2.0,3.0,X,0.01,0.19,0.21,0.01,0.02,1.0,6.0,29.0,1503.0,1543.0,1667.3729248046875,1674.0,0.0,1538.0
131530,D398B,300,1.0,3.0,X,0.02,0.2,0.22,0.009,0.02,1.0,16.0,53.0,1506.0,1551.0,1698.69873046875,1699.0,0.0,1556.0
131529,D398B,300,2.0,5.0,X,0.02,0.2,0.22,0.009,0.02,12.0,2.0,27.0,1506.0,1551.0,1675.696533203125,1671.0,3373.0,1568.0
131528,D398B,300,1.0,5.0,X,0.02,0.2,0.22,0.009,0.02,13.0,4.0,15.0,1506.0,1551.0,1682.125,1682.0,3583.0,1559.0
131527,A63F7,300,7.0,7.0,V,0.01,0.41,0.43,0.014,0.02,17.0,5.0,42.0,1475.0,1520.0,1649.6732177734375,1640.0,5186.0,1539.0
131526,A63F7,300,6.0,7.0,V,0.01,0.41,0.43,0.014,0.02,19.0,6.0,28.0,1475.0,1520.0,1648.056396484375,1643.0,5806.0,1539.0
131525,44D42,300,5.0,7.0,V,0.01,0.34,0.37,0.01,0.02,12.0,16.0,52.0,1489.0,1534.0,1658.218994140625,1670.0,3354.0,1553.0
131524,44D42,300,4.0,7.0,V,0.01,0.34,0.37,0.01,0.02,11.0,2.0,26.0,1489.0,1534.0,1643.5760498046875,1657.0,3093.0,1545.0
131523,EA23B,300,3.0,7.0,V,0.01,0.36,0.4,0.013,0.05,12.0,4.0,14.0,1480.0,1540.0,1662.2945556640625,1663.0,3311.0,1542.0
131522,450D6,300,2.0,7.0,B,0.01,0.36,0.39,0.0,0.015,16.0,5.0,41.0,1490.0,1535.0,1653.793212890625,1660.0,4907.0,1548.0
131521,450D6,300,1.0,7.0,B,0.01,0.36,0.39,0.0,0.015,18.0,6.0,27.0,1490.0,1535.0,1674.916748046875,1682.0,5533.0,1538.0
131520,D63DF,300,5.0,5.0,V,0.005,0.37,0.4,0.01,0.03,11.0,16.0,51.0,1480.0,1525.0,1636.0526123046875,1637.0,3085.0,1524.0
131519,D63DF,300,4.0,5.0,V,0.005,0.37,0.4,0.01,0.03,10.0,2.0,25.0,1480.0,1525.0,1636.3963623046875,1646.0,2829.0,1526.0
131518,D63DF,300,3.0,5.0,V,0.005,0.37,0.4,0.01,0.03,11.0,4.0,13.0,1480.0,1525.0,1634.6212158203125,1633.0,3038.0,1530.0
131517,D63DF,300,2.0,5.0,V,0.005,0.37,0.4,0.01,0.03,15.0,5.0,40.0,1480.0,1525.0,1634.0389404296875,1635.0,4643.0,1532.0
131516,D63DF,300,1.0,5.0,V,0.005,0.37,0.4,0.01,0.03,17.0,6.0,26.0,1480.0,1525.0,1664.02490234375,1663.0,5268.0,1525.0
131515,A765B,300,7.0,7.0,X,0.01,0.5,0.54,0.0,0.02,10.0,16.0,50.0,1480.0,1532.0,1645.4119873046875,1656.0,2813.0,1532.0
131514,3B7FC,300,6.0,7.0,X,0.005,0.46,0.5,0.0,0.015,9.0,2.0,24.0,1480.0,1525.0,1643.5238037109375,1639.0,2544.0,1528.0
131513,3B7FC,300,5.0,7.0,X,0.005,0.46,0.5,0.0,0.015,10.0,4.0,12.0,1480.0,1525.0,1635.200439453125,1643.0,2760.0,1525.0
131512,A2DFA,300,4.0,7.0,X,0.005,0.43,0.5,0.0,0.0,14.0,5.0,39.0,1480.0,1525.0,1622.0906982421875,1632.0,4365.0,1540.0
131511,A2DFA,300,3.0,7.0,X,0.005,0.43,0.5,0.0,0.0,16.0,6.0,25.0,1480.0,1525.0,1621.98974609375,1631.0,4992.0,1535.0
131510,A2DFA,300,2.0,7.0,X,0.005,0.43,0.5,0.0,0.0,9.0,16.0,49.0,1480.0,1525.0,1633.8760986328125,1645.0,2537.0,1532.0
131509,A2DFA,300,1.0,7.0,X,0.005,0.43,0.5,0.0,0.0,8.0,2.0,23.0,1480.0,1525.0,1651.015869140625,1653.0,2266.0,1521.0
131508,2556F,300,5.0,5.0,X,0.01,0.48,0.53,0.008,0.0,9.0,4.0,11.0,1486.0,1516.0,1621.146240234375,1643.0,2479.0,1527.0
131507,71628,300,4.0,5.0,X,0.01,0.51,0.55,0.009,0.015,13.0,5.0,38.0,1488.0,1533.0,1647.3660888671875,1647.0,4071.0,1544.0
131506,27A7C,300,3.0,5.0,X,0.02,0.43,0.47,0.0,0.015,15.0,6.0,24.0,1480.0,1515.0,1629.910888671875,1641.0,4693.0,1519.0
131505,27A7C,300,2.0,5.0,X,0.02,0.43,0.47,0.0,0.015,8.0,16.0,48.0,1480.0,1515.0,1628.226318359375,1648.0,2245.0,1528.0
131504,27A7C,300,1.0,5.0,X,0.02,0.43,0.47,0.0,0.015,8.0,4.0,10.0,1480.0,1515.0,1643.549560546875,1644.0,2220.0,1525.0
131503,05E76,300,4.0,4.0,X,0.005,0.94,0.99,0.0,0.0,7.0,2.0,22.0,1463.0,1503.0,1610.4278564453125,1609.0,1867.0,1504.0
131502,EEE12,300,3.0,4.0,X,0.0,0.69,0.72,0.0,0.02,12.0,5.0,37.0,1475.0,1510.0,1631.92333984375,1646.0,3725.0,1526.0
131501,E2E8F,300,2.0,4.0,X,0.0,0.85,0.95,0.0,0.0,14.0,6.0,23.0,1465.0,1490.0,1609.7757568359375,1623.0,4351.0,1504.0
131500,EF256,300,1.0,4.0,B,0.015,0.56,0.64,0.0,0.0,7.0,16.0,47.0,1481.0,1526.0,1648.688720703125,1658.0,1900.0,1533.0
131499,FA128,300,5.0,5.0,X,0.02,0.18,0.21,0.009,0.02,7.0,4.0,9.0,1504.0,1544.0,1662.2037353515625,1666.0,1909.0,1539.0
131498,C2394,300,4.0,5.0,X,0.02,0.17,0.22,0.01,0.01,6.0,2.0,21.0,1502.0,1537.0,1653.8363037109375,1660.0,1590.0,1539.0
131497,1E6E6,300,3.0,5.0,X,0.025,0.19,0.23,0.01,0.015,11.0,5.0,36.0,1505.0,1545.0,1667.5731201171875,1677.0,3459.0,1551.0
131496,1E6E6,300,2.0,5.0,X,0.025,0.19,0.23,0.01,0.015,13.0,6.0,22.0,1505.0,1545.0,1664.1668701171875,1673.0,4077.0,1554.0
131495,1E6E6,300,4.0,7.0,X,0.025,0.19,0.23,0.01,0.015,6.0,16.0,46.0,1505.0,1545.0,1656.2408447265625,1682.0,1582.0,1552.0
131494,1E6E6,300,3.0,7.0,X,0.025,0.19,0.23,0.01,0.015,6.0,4.0,8.0,1505.0,1545.0,1663.141845703125,1673.0,1587.0,1558.0
131493,1E6E6,300,2.0,7.0,X,0.025,0.19,0.23,0.01,0.015,5.0,2.0,20.0,1505.0,1545.0,1668.634521484375,1673.0,1247.0,1556.0
131492,1E6E6,300,1.0,7.0,X,0.025,0.19,0.23,0.01,0.015,10.0,5.0,35.0,1505.0,1545.0,1673.3980712890625,1683.0,3119.0,1546.0
131491,F7C5E,300,3.0,3.0,X,0.015,0.27,0.29,0.009,0.0,12.0,6.0,21.0,1501.0,1551.0,1697.2960205078125,1711.0,3726.0,1548.0
131490,F7C5E,300,2.0,3.0,X,0.015,0.27,0.29,0.009,0.0,5.0,16.0,45.0,1501.0,1551.0,1691.95068359375,1700.0,1259.0,1554.0
131489,F7C5E,300,1.0,3.0,X,0.015,0.27,0.29,0.009,0.0,5.0,4.0,7.0,1501.0,1551.0,1708.794677734375,1707.0,1257.0,1558.0
131488,5692D,300,3.0,6.0,X,0.015,0.39,0.41,0.0,0.01,4.0,2.0,19.0,1486.0,1521.0,1633.7198486328125,1638.0,941.0,1528.0
131487,734B0,300,2.0,6.0,X,0.01,0.4,0.43,0.0,0.02,9.0,5.0,34.0,1486.0,1526.0,1636.521240234375,1636.0,2799.0,1530.0
131486,0E7D0,300,1.0,6.0,X,0.01,0.4,0.43,0.0,0.0,11.0,6.0,20.0,1483.0,1528.0,1660.9183349609375,1669.0,3422.0,1542.0
131485,4B82B,300,5.0,5.0,X,0.02,0.3,0.33,0.006,0.02,4.0,16.0,44.0,1495.0,1540.0,1650.6693115234375,1659.0,972.0,1536.0
131484,4B82B,300,4.0,5.0,X,0.02,0.3,0.33,0.006,0.02,4.0,4.0,6.0,1495.0,1540.0,1653.82373046875,1657.0,965.0,1534.0
131483,4B82B,300,5.0,7.0,X,0.02,0.3,0.33,0.006,0.02,3.0,2.0,18.0,1495.0,1540.0,1655.586181640625,1652.0,533.0,1552.0
131482,4B82B,300,4.0,7.0,X,0.02,0.3,0.33,0.006,0.02,8.0,5.0,33.0,1495.0,1540.0,1652.2098388671875,1648.0,2402.0,1552.0
131481,4B82B,300,3.0,7.0,X,0.02,0.3,0.33,0.006,0.02,10.0,6.0,19.0,1495.0,1540.0,1655.0469970703125,1654.0,3030.0,1551.0
131480,4B82B,300,2.0,7.0,X,0.02,0.3,0.33,0.006,0.02,3.0,16.0,43.0,1495.0,1540.0,1653.0267333984375,1666.0,581.0,1551.0
131479,4B82B,300,1.0,7.0,X,0.02,0.3,0.33,0.006,0.02,3.0,4.0,5.0,1495.0,1540.0,1673.7437744140625,1675.0,592.0,1544.0
131478,E1FC0,300,8.0,8.0,X,0.01,0.39,0.42,0.006,0.02,2.0,2.0,17.0,1486.0,1531.0,1649.1661376953125,1654.0,273.0,1539.0
131477,CA2FD,300,7.0,8.0,X,0.02,0.15,0.17,0.009,0.02,7.0,5.0,32.0,1507.0,1552.0,1669.5433349609375,1682.0,2142.0,1553.0
131476,CA2FD,300,6.0,8.0,X,0.02,0.15,0.17,0.009,0.02,9.0,6.0,18.0,1507.0,1552.0,1673.71044921875,1677.0,2777.0,1554.0
131475,CA2FD,300,5.0,8.0,X,0.02,0.15,0.17,0.009,0.02,2.0,16.0,42.0,1507.0,1552.0,1672.1702880859375,1672.0,331.0,1561.0
131474,CA2FD,300,4.0,8.0,X,0.02,0.15,0.17,0.009,0.02,2.0,4.0,4.0,1507.0,1552.0,1668.131103515625,1673.0,341.0,1546.0
131473,CA2FD,300,3.0,8.0,X,0.02,0.15,0.17,0.009,0.02,1.0,2.0,16.0,1507.0,1552.0,1683.052734375,1694.0,0.0,1557.0
131472,CA2FD,300,2.0,8.0,X,0.02,0.15,0.17,0.009,0.02,6.0,5.0,31.0,1507.0,1552.0,1668.051025390625,1676.0,1852.0,1562.0
131471,CA2FD,300,1.0,8.0,X,0.02,0.15,0.17,0.009,0.02,8.0,6.0,17.0,1507.0,1552.0,1690.422119140625,1698.0,2471.0,1559.0
131470,C635C,300,5.0,5.0,X,0.0,0.9,0.94,0.0,0.0,1.0,16.0,41.0,1460.0,1485.0,1637.7781982421875,1644.0,0.0,1506.0
131469,0BFF6,300,4.0,5.0,X,0.0,0.93,1.0,0.006,0.0,1.0,4.0,3.0,1462.0,1488.0,1641.44921875,1646.0,0.0,1510.0
131468,0BFF6,300,3.0,5.0,X,0.0,0.93,1.0,0.006,0.0,5.0,5.0,30.0,1462.0,1488.0,1602.0450439453125,1608.0,1329.0,1502.0
131467,0BFF6,300,2.0,5.0,X,0.0,0.93,1.0,0.006,0.0,7.0,6.0,16.0,1462.0,1488.0,1602.0450439453125,1615.0,1935.0,1511.0
131466,0BFF6,300,1.0,5.0,X,0.0,0.93,1.0,0.006,0.0,3.0,4.0,3.0,1462.0,1488.0,1618.897705078125,1625.0,768.0,1526.0
131465,B0C77,300,4.0,4.0,V,0.0,0.36,0.4,0.007,0.04,1.0,16.0,40.0,1490.0,1520.0,1652.9842529296875,1654.0,0.0,1527.0
131464,16F90,300,3.0,4.0,B,0.02,0.36,0.38,0.0,0.02,7.0,2.0,14.0,1490.0,1535.0,1660.4747314453125,1663.0,1843.0,1537.0
131463,16F90,300,2.0,4.0,B,0.02,0.36,0.38,0.0,0.02,4.0,5.0,29.0,1490.0,1535.0,1662.2532958984375,1659.0,998.0,1542.0
131462,28B54,300,1.0,4.0,B,0.01,0.32,0.35,0.0,0.015,6.0,6.0,15.0,1490.0,1535.0,1668.663330078125,1673.0,1610.0,1550.0
131461,FC47C,150,7.0,7.0,X,0.015,0.45,0.48,0.0,0.01,6.0,2.0,13.0,1482.0,1537.0,1650.8114013671875,1654.0,1532.0,1538.0
131460,FC47C,150,6.0,7.0,X,0.015,0.45,0.48,0.0,0.01,2.0,4.0,2.0,1482.0,1537.0,1658.0706787109375,1659.0,285.0,1537.0
131459,FC47C,150,5.0,7.0,X,0.015,0.45,0.48,0.0,0.01,3.0,5.0,28.0,1482.0,1537.0,1655.2193603515625,1659.0,659.0,1552.0
131458,FC47C,150,4.0,7.0,X,0.015,0.45,0.48,0.0,0.01,5.0,16.0,39.0,1482.0,1537.0,1649.618408203125,1660.0,1119.0,1538.0
131457,FC47C,150,3.0,7.0,X,0.015,0.45,0.48,0.0,0.01,5.0,6.0,14.0,1482.0,1537.0,1650.6741943359375,1663.0,1230.0,1539.0
131456,FC47C,150,2.0,7.0,X,0.015,0.45,0.48,0.0,0.01,5.0,2.0,12.0,1482.0,1537.0,1650.9644775390625,1654.0,1243.0,1536.0
131455,FC47C,150,1.0,7.0,X,0.015,0.45,0.48,0.0,0.01,1.0,4.0,1.0,1482.0,1537.0,1683.853515625,1694.0,0.0,1545.0
131454,FC47C,150,3.0,10.0,X,0.015,0.45,0.48,0.0,0.01,2.0,5.0,27.0,1482.0,1537.0,1645.2386474609375,1660.0,246.0,1541.0
131453,FC47C,150,2.0,10.0,X,0.015,0.45,0.48,0.0,0.01,4.0,16.0,38.0,1482.0,1537.0,1645.2386474609375,1655.0,690.0,1534.0
131452,FC47C,150,1.0,10.0,X,0.015,0.45,0.48,0.0,0.01,4.0,6.0,13.0,1482.0,1537.0,1661.387939453125,1669.0,798.0,1544.0
131451,E1B6A,150,5.0,5.0,X,0.02,0.18,0.2,0.0,0.015,4.0,2.0,11.0,1501.0,1546.0,1650.7401123046875,1661.0,806.0,1552.0
131450,B0EC5,150,4.0,5.0,V,0.01,0.36,0.39,0.015,0.02,1.0,5.0,26.0,1480.0,1530.0,1653.8587646484375,1679.0,0.0,1536.0
131449,B0EC5,150,3.0,5.0,V,0.01,0.36,0.39,0.015,0.02,3.0,16.0,37.0,1480.0,1530.0,1631.8057861328125,1650.0,465.0,1531.0
131448,4D097,150,2.0,5.0,X,0.015,0.51,0.55,0.0,0.01,3.0,6.0,12.0,1487.0,1537.0,1643.442626953125,1650.0,546.0,1531.0
131447,4D097,150,1.0,5.0,X,0.015,0.51,0.55,0.0,0.01,3.0,2.0,10.0,1487.0,1537.0,1660.5257568359375,1658.0,486.0,1544.0
131446,81216,150,2.0,2.0,V,0.0,0.68,0.73,0.01,0.06,2.0,16.0,36.0,1474.0,1509.0,1600.8883056640625,1609.0,204.0,1518.0
131445,CB239,150,1.0,2.0,V,0.0,0.69,0.73,0.012,0.06,2.0,6.0,11.0,1474.0,1509.0,1623.7034912109375,1622.0,267.0,1519.0
131444,F10E0,150,5.0,5.0,X,0.02,0.15,0.18,0.008,0.0,2.0,2.0,9.0,1511.0,1552.0,1645.1556396484375,1649.0,280.0,1560.0
131443,7BE94,150,4.0,5.0,X,0.02,0.15,0.17,0.008,0.02,1.0,16.0,35.0,1509.0,1554.0,1676.3067626953125,1690.0,0.0,1566.0
131442,FB109,150,3.0,5.0,X,0.02,0.17,0.19,0.008,0.02,1.0,8.0,43.0,1507.0,1552.0,1676.798828125,1683.0,0.0,1567.0
131441,E7999,150,2.0,5.0,X,0.02,0.16,0.18,0.012,0.01,1.0,6.0,10.0,1506.0,1551.0,1677.6419677734375,1686.0,0.0,1565.0
131440,E7999,150,1.0,5.0,X,0.02,0.16,0.18,0.012,0.01,1.0,2.0,8.0,1506.0,1551.0,1712.615478515625,1715.0,0.0,1540.0
131438,B43BE,300,2.0,2.0,V,0.006,0.44,0.46,0.01,0.045,6.0,8.0,42.0,1471.0,1511.0,1632.262939453125,1639.0,1571.0,1530.0
131437,57DF3,300,1.0,2.0,B,0.005,0.4,0.42,0.0,0.01,26.0,16.0,34.0,1486.0,1526.0,1653.0438232421875,,7481.0,1529.0
131436,116A5,300,5.0,5.0,X,0.02,0.5,0.52,0.0,0.0,25.0,5.0,25.0,1488.0,1528.0,1649.47900390625,1647.0,7307.0,1536.0
131435,116A5,300,4.0,5.0,X,0.02,0.5,0.52,0.0,0.0,9.0,6.0,9.0,1488.0,1528.0,1650.4044189453125,1649.0,2556.0,1542.0
131434,44B90,300,3.0,5.0,X,0.01,0.28,0.31,0.0,0.02,6.0,2.0,6.0,1496.0,1541.0,1664.1536865234375,1670.0,1493.0,1542.0
131433,44B90,300,2.0,5.0,X,0.01,0.28,0.31,0.0,0.02,5.0,8.0,41.0,1496.0,1541.0,1644.1939697265625,1652.0,1199.0,1546.0
131432,108A8,300,1.0,5.0,X,0.02,0.27,0.29,0.009,0.015,25.0,16.0,33.0,1501.0,1546.0,1674.316162109375,1685.0,7111.0,1549.0
131431,F7C5E,300,3.0,8.0,X,0.015,0.27,0.29,0.009,0.0,24.0,5.0,24.0,1501.0,1551.0,1692.2535400390625,1702.0,6916.0,1559.0
131430,F7C5E,300,2.0,8.0,X,0.015,0.27,0.29,0.009,0.0,8.0,6.0,8.0,1501.0,1551.0,1696.25341796875,1700.0,2179.0,1546.0
131429,F7C5E,300,1.0,8.0,X,0.015,0.27,0.29,0.009,0.0,5.0,2.0,5.0,1501.0,1551.0,1714.552490234375,1702.0,1119.0,1561.0
131428,E0B89,300,7.0,7.0,X,0.02,0.25,0.27,0.01,0.01,4.0,8.0,40.0,1501.0,1546.0,1660.9449462890625,1668.0,822.0,1546.0
131427,E0B89,300,6.0,7.0,X,0.02,0.25,0.27,0.01,0.01,24.0,16.0,32.0,1501.0,1546.0,1661.3814697265625,1661.0,6745.0,1542.0
131426,E0B89,300,5.0,7.0,X,0.02,0.25,0.27,0.01,0.01,23.0,5.0,23.0,1501.0,1546.0,1661.3814697265625,1665.0,6633.0,1556.0
131425,E0B89,300,4.0,7.0,X,0.02,0.25,0.27,0.01,0.01,7.0,6.0,7.0,1501.0,1546.0,1668.4813232421875,1670.0,1898.0,1546.0
131424,E0B89,300,3.0,7.0,X,0.02,0.25,0.27,0.01,0.01,4.0,2.0,4.0,1501.0,1546.0,1672.03759765625,1677.0,851.0,1549.0
131423,E0B89,300,2.0,7.0,X,0.02,0.25,0.27,0.01,0.01,3.0,8.0,39.0,1501.0,1546.0,1667.9071044921875,1670.0,558.0,1554.0
131422,E0B89,300,1.0,7.0,X,0.02,0.25,0.27,0.01,0.01,23.0,16.0,31.0,1501.0,1546.0,1689.5458984375,1691.0,6468.0,1546.0
131421,60329,300,7.0,7.0,X,0.015,0.25,0.27,0.01,0.0,22.0,5.0,22.0,1501.0,1536.0,1655.90869140625,1658.0,6357.0,1554.0
131420,1E6E6,300,6.0,7.0,X,0.025,0.19,0.23,0.01,0.015,6.0,6.0,6.0,1505.0,1545.0,1661.6351318359375,1666.0,1616.0,1559.0
131419,1E6E6,300,5.0,7.0,X,0.025,0.19,0.23,0.01,0.015,3.0,2.0,3.0,1505.0,1545.0,1668.822265625,1670.0,569.0,1549.0
131418,1E6E6,300,4.0,7.0,X,0.025,0.19,0.23,0.01,0.015,2.0,8.0,38.0,1505.0,1545.0,1666.276611328125,1667.0,277.0,1556.0
131417,1E6E6,300,3.0,7.0,X,0.025,0.19,0.23,0.01,0.015,22.0,16.0,30.0,1505.0,1545.0,1665.16845703125,1670.0,6198.0,1562.0
131416,1E6E6,300,2.0,7.0,X,0.025,0.19,0.23,0.01,0.015,21.0,5.0,21.0,1505.0,1545.0,1665.25927734375,1662.0,6085.0,1558.0
131415,1E6E6,300,1.0,7.0,X,0.025,0.19,0.23,0.01,0.015,5.0,6.0,5.0,1505.0,1545.0,1675.3031005859375,1676.0,1344.0,1547.0
131414,E483A,300,6.0,6.0,X,0.02,0.21,0.23,0.009,0.025,2.0,2.0,2.0,1500.0,1540.0,1666.6241455078125,1679.0,292.0,1550.0
131413,27480,300,5.0,6.0,X,0.02,0.21,0.23,0.009,0.02,1.0,8.0,37.0,1506.0,1551.0,1681.934326171875,1686.0,0.0,1556.0
131412,248B5,300,4.0,6.0,X,0.02,0.21,0.23,0.009,0.02,21.0,16.0,29.0,1506.0,1551.0,1669.8436279296875,1680.0,5903.0,1559.0
131411,248B5,300,3.0,6.0,X,0.02,0.21,0.23,0.009,0.02,20.0,5.0,20.0,1506.0,1551.0,1675.3592529296875,1678.0,5789.0,1566.0
131410,248B5,300,2.0,6.0,X,0.02,0.21,0.23,0.009,0.02,4.0,6.0,4.0,1506.0,1551.0,1678.2122802734375,1681.0,1046.0,1542.0
131409,603D2,300,1.0,6.0,X,0.01,0.26,0.29,0.009,0.02,1.0,2.0,1.0,1496.0,1536.0,1698.8665771484375,1710.0,0.0,1551.0
131408,980AE,300,3.0,3.0,B,0.015,0.29,0.31,0.0,0.0,18.0,17.0,66.0,1494.0,1534.0,1655.24169921875,1658.0,5217.0,1551.0
131407,980AE,300,6.0,7.0,B,0.015,0.29,0.31,0.0,0.0,20.0,16.0,28.0,1494.0,1534.0,1643.147705078125,1650.0,5525.0,1543.0
131406,5692D,300,5.0,7.0,X,0.015,0.39,0.41,0.0,0.01,19.0,5.0,19.0,1486.0,1521.0,1630.92919921875,1673.0,5420.0,1544.0
131405,57414,300,4.0,7.0,X,0.01,0.38,0.43,0.0,0.02,3.0,6.0,3.0,1486.0,1526.0,1649.534423828125,1653.0,683.0,1523.0
131404,57414,300,3.0,7.0,X,0.01,0.38,0.43,0.0,0.02,18.0,8.0,36.0,1486.0,1526.0,1638.70849609375,1644.0,5251.0,1520.0
131403,57414,300,2.0,7.0,X,0.01,0.38,0.43,0.0,0.02,17.0,17.0,65.0,1486.0,1526.0,1646.5208740234375,1644.0,4865.0,1529.0
131402,57414,300,1.0,7.0,X,0.01,0.38,0.43,0.0,0.02,19.0,16.0,27.0,1486.0,1526.0,1657.063720703125,1657.0,5260.0,1528.0
131401,7F484,300,7.0,7.0,X,0.02,0.15,0.17,0.008,0.02,18.0,5.0,18.0,1512.0,1557.0,1670.336181640625,1677.0,5143.0,1575.0
131400,0E7D0,300,6.0,7.0,X,0.01,0.4,0.43,0.0,0.0,2.0,6.0,2.0,1483.0,1528.0,1651.7017822265625,1670.0,392.0,1536.0
131399,0E7D0,300,5.0,7.0,X,0.01,0.4,0.43,0.0,0.0,17.0,8.0,35.0,1483.0,1528.0,1641.2578125,1647.0,4959.0,1531.0
131398,0E7D0,300,4.0,7.0,X,0.01,0.4,0.43,0.0,0.0,16.0,17.0,64.0,1483.0,1528.0,1645.43408203125,1651.0,4557.0,1533.0
131397,0E7D0,300,3.0,7.0,X,0.01,0.4,0.43,0.0,0.0,18.0,16.0,26.0,1483.0,1528.0,1646.185546875,1660.0,4961.0,1540.0
131396,0E7D0,300,2.0,7.0,X,0.01,0.4,0.43,0.0,0.0,17.0,5.0,17.0,1483.0,1528.0,1642.3604736328125,1651.0,4849.0,1537.0
131395,0E7D0,300,1.0,7.0,X,0.01,0.4,0.43,0.0,0.0,1.0,6.0,66.0,1483.0,1528.0,1683.309814453125,1697.0,0.0,1550.0
131394,8E733,300,6.0,6.0,X,0.02,0.17,0.2,0.01,0.02,16.0,8.0,34.0,1506.0,1546.0,1663.2830810546875,1677.0,4550.0,1568.0
131393,8E733,300,5.0,6.0,X,0.02,0.17,0.2,0.01,0.02,17.0,16.0,25.0,1506.0,1546.0,1660.0748291015625,1671.0,4614.0,1561.0
131392,8E733,300,4.0,6.0,X,0.02,0.17,0.2,0.01,0.02,15.0,17.0,63.0,1506.0,1546.0,1658.56982421875,1676.0,4112.0,1560.0
131391,80160,300,3.0,6.0,X,0.015,0.4,0.45,0.0,0.02,16.0,5.0,16.0,1487.0,1522.0,1631.6575927734375,1642.0,4454.0,1536.0
131390,80160,300,2.0,6.0,X,0.015,0.4,0.45,0.0,0.02,15.0,8.0,33.0,1487.0,1522.0,1635.0462646484375,1641.0,4342.0,1534.0
131389,80160,300,1.0,6.0,X,0.015,0.4,0.45,0.0,0.02,16.0,16.0,24.0,1487.0,1522.0,1653.16455078125,1656.0,4412.0,1536.0
131388,889AE,300,4.0,4.0,B,0.02,0.16,0.18,0.012,0.01,14.0,17.0,62.0,1507.0,1532.0,1646.0166015625,1652.0,3906.0,1541.0
131387,889AE,300,3.0,4.0,B,0.02,0.16,0.18,0.012,0.01,15.0,5.0,15.0,1507.0,1532.0,1638.63134765625,1647.0,4252.0,1544.0
131386,889AE,300,2.0,4.0,B,0.02,0.16,0.18,0.012,0.01,14.0,8.0,32.0,1507.0,1532.0,1637.6861572265625,1653.0,4119.0,1545.0
131385,889AE,300,1.0,4.0,B,0.02,0.16,0.18,0.012,0.01,15.0,16.0,23.0,1507.0,1532.0,1678.125732421875,1682.0,4183.0,1549.0
131384,9411A,300,7.0,7.0,X,0.015,0.38,0.42,0.0,0.02,13.0,17.0,61.0,1485.0,1530.0,1642.717041015625,1662.0,3667.0,1541.0
131383,9411A,300,6.0,7.0,X,0.015,0.38,0.42,0.0,0.02,14.0,5.0,14.0,1485.0,1530.0,1642.8026123046875,1654.0,4003.0,1531.0
131382,FE1F9,300,5.0,7.0,B,0.005,0.33,0.35,0.0,0.015,13.0,8.0,31.0,1491.0,1531.0,1642.2799072265625,1646.0,3886.0,1531.0
131381,258E9,300,4.0,7.0,X,0.01,0.32,0.35,0.0,0.0,14.0,16.0,22.0,1488.0,1528.0,1638.4503173828125,1648.0,3940.0,1530.0
131380,258E9,300,3.0,7.0,X,0.01,0.32,0.35,0.0,0.0,13.0,14.0,50.0,1488.0,1528.0,1639.283203125,1644.0,3693.0,1537.0
131379,258E9,300,1.0,6.0,X,0.01,0.32,0.35,0.0,0.0,12.0,17.0,60.0,1488.0,1528.0,1655.9375,1636.0,3308.0,1536.0
131378,FE1F9,300,6.0,6.0,B,0.005,0.33,0.35,0.0,0.015,13.0,5.0,13.0,1491.0,1531.0,1647.3277587890625,1652.0,3646.0,1547.0
131377,FE1F9,300,5.0,6.0,B,0.005,0.33,0.35,0.0,0.015,12.0,8.0,30.0,1491.0,1531.0,1649.242919921875,1646.0,3528.0,1538.0
131376,DCC51,300,4.0,6.0,V,0.01,0.29,0.32,0.012,0.03,13.0,16.0,21.0,1486.0,1536.0,1660.0860595703125,1659.0,3596.0,1534.0
131375,258E9,300,3.0,6.0,X,0.01,0.32,0.35,0.0,0.0,12.0,14.0,49.0,1488.0,1528.0,1637.8741455078125,1641.0,3349.0,1547.0
131374,258E9,300,2.0,6.0,X,0.01,0.32,0.35,0.0,0.0,11.0,17.0,59.0,1488.0,1528.0,1637.885986328125,1635.0,3023.0,1528.0
131373,258E9,300,1.0,6.0,X,0.01,0.32,0.35,0.0,0.0,12.0,5.0,12.0,1488.0,1528.0,1660.385986328125,1663.0,3364.0,1521.0
131372,EA23B,300,7.0,7.0,V,0.01,0.36,0.4,0.013,0.05,11.0,8.0,29.0,1480.0,1540.0,1657.4156494140625,1665.0,3231.0,1528.0
131371,EA23B,300,6.0,7.0,V,0.01,0.36,0.4,0.013,0.05,12.0,16.0,20.0,1480.0,1540.0,1655.8209228515625,1663.0,3300.0,1545.0
131370,EA23B,300,5.0,7.0,V,0.01,0.36,0.4,0.013,0.05,11.0,14.0,48.0,1480.0,1540.0,1656.987548828125,1669.0,3069.0,1549.0
131369,EA23B,300,4.0,7.0,V,0.01,0.36,0.4,0.013,0.05,10.0,17.0,58.0,1480.0,1540.0,1656.997802734375,1665.0,2742.0,1535.0
131368,F4A5E,300,3.0,7.0,V,0.01,0.35,0.37,0.01,0.045,11.0,5.0,11.0,1482.0,1532.0,1648.550537109375,1660.0,3074.0,1540.0
131367,B7DF0,300,2.0,7.0,X,0.015,0.38,0.42,0.0,0.02,10.0,8.0,28.0,1486.0,1531.0,1649.712890625,1664.0,2938.0,1535.0
131366,450D6,300,1.0,7.0,B,0.01,0.36,0.39,0.0,0.015,11.0,16.0,19.0,1490.0,1535.0,1676.1243896484375,1679.0,3008.0,1532.0
131365,B0EC5,300,3.0,3.0,V,0.01,0.36,0.39,0.015,0.02,10.0,14.0,47.0,1480.0,1530.0,1646.5020751953125,1662.0,2776.0,1528.0
131364,D63DF,300,2.0,3.0,V,0.005,0.37,0.4,0.01,0.03,9.0,17.0,57.0,1480.0,1525.0,1641.5777587890625,1645.0,2426.0,1537.0
131363,D63DF,300,1.0,3.0,V,0.005,0.37,0.4,0.01,0.03,10.0,5.0,10.0,1480.0,1525.0,1650.1387939453125,1656.0,2756.0,1540.0
131362,D63DF,300,4.0,7.0,V,0.005,0.37,0.4,0.01,0.03,10.0,16.0,18.0,1480.0,1525.0,1633.759521484375,1642.0,2749.0,1524.0
131361,D63DF,300,3.0,7.0,V,0.005,0.37,0.4,0.01,0.03,9.0,14.0,46.0,1480.0,1525.0,1636.0501708984375,1648.0,2505.0,1523.0
131360,44D42,300,2.0,7.0,V,0.01,0.34,0.37,0.01,0.02,9.0,8.0,27.0,1489.0,1534.0,1646.811279296875,1660.0,2496.0,1534.0
131359,44D42,300,1.0,7.0,V,0.01,0.34,0.37,0.01,0.02,8.0,17.0,56.0,1489.0,1534.0,1662.6527099609375,1658.0,2103.0,1527.0
131358,83A35,300,7.0,7.0,X,0.005,0.37,0.45,0.0,0.08,9.0,5.0,9.0,1480.0,1520.0,1627.541748046875,1635.0,2430.0,1527.0
131357,83A35,300,6.0,7.0,X,0.005,0.37,0.45,0.0,0.08,9.0,16.0,17.0,1480.0,1520.0,1624.6002197265625,1630.0,2434.0,1514.0
131356,5AF4D,300,5.0,7.0,V,0.006,0.43,0.46,0.015,0.06,8.0,14.0,45.0,1470.0,1515.0,1624.2347412109375,1625.0,2203.0,1513.0
131355,5AF4D,300,4.0,7.0,V,0.006,0.43,0.46,0.015,0.06,8.0,8.0,26.0,1470.0,1515.0,1628.054931640625,1626.0,2202.0,1515.0
131354,5AF4D,300,3.0,7.0,V,0.006,0.43,0.46,0.015,0.06,7.0,17.0,55.0,1470.0,1515.0,1625.1905517578125,1628.0,1803.0,1514.0
131353,5AF4D,300,2.0,7.0,V,0.006,0.43,0.46,0.015,0.06,8.0,5.0,8.0,1470.0,1515.0,1623.98046875,1629.0,2143.0,1527.0
131352,5AF4D,300,1.0,7.0,V,0.006,0.43,0.46,0.015,0.06,8.0,16.0,16.0,1470.0,1515.0,1644.075927734375,1658.0,2154.0,1526.0
131351,D398B,300,7.0,7.0,X,0.02,0.2,0.22,0.009,0.02,7.0,14.0,44.0,1506.0,1551.0,1676.358154296875,1673.0,1926.0,1549.0
131350,D398B,300,6.0,7.0,X,0.02,0.2,0.22,0.009,0.02,7.0,8.0,25.0,1506.0,1551.0,1673.212890625,1671.0,1927.0,1558.0
131349,D398B,300,5.0,7.0,X,0.02,0.2,0.22,0.009,0.02,6.0,17.0,54.0,1506.0,1551.0,1673.32177734375,1676.0,1527.0,1547.0
131348,E483A,300,4.0,7.0,X,0.02,0.21,0.23,0.009,0.025,7.0,5.0,7.0,1500.0,1540.0,1661.0770263671875,1667.0,1865.0,1548.0
131347,B3CD5,300,3.0,7.0,X,0.015,0.41,0.44,0.0,0.02,7.0,16.0,15.0,1484.0,1519.0,1637.6080322265625,1648.0,1862.0,1526.0
131346,B3CD5,300,2.0,7.0,X,0.015,0.41,0.44,0.0,0.02,6.0,14.0,43.0,1484.0,1519.0,1633.392578125,1646.0,1631.0,1537.0
131345,B3CD5,300,1.0,7.0,X,0.015,0.41,0.44,0.0,0.02,6.0,8.0,24.0,1484.0,1519.0,1657.2718505859375,1664.0,1632.0,1531.0
131344,1E183,300,6.0,6.0,X,0.01,0.38,0.43,0.0,0.02,5.0,17.0,53.0,1486.0,1526.0,1652.5369873046875,1658.0,1253.0,1537.0
131343,1E183,300,5.0,6.0,X,0.01,0.38,0.43,0.0,0.02,6.0,5.0,6.0,1486.0,1526.0,1644.7578125,1651.0,1599.0,1536.0
131342,1E183,300,4.0,6.0,X,0.01,0.38,0.43,0.0,0.02,6.0,16.0,14.0,1486.0,1526.0,1646.263427734375,1653.0,1607.0,1536.0
131341,1E183,300,3.0,6.0,X,0.01,0.38,0.43,0.0,0.02,5.0,14.0,42.0,1486.0,1526.0,1643.071533203125,1656.0,1381.0,1532.0
131340,1E183,300,2.0,6.0,X,0.01,0.38,0.43,0.0,0.02,5.0,8.0,23.0,1486.0,1526.0,1642.541259765625,1649.0,1376.0,1537.0
131339,77C04,300,1.0,6.0,X,0.02,0.17,0.22,0.01,0.01,4.0,17.0,52.0,1502.0,1547.0,1696.060546875,1695.0,990.0,1557.0
131338,51C01,300,7.0,7.0,X,0.02,0.15,0.18,0.0,0.02,5.0,5.0,5.0,1511.0,1556.0,1674.023681640625,1681.0,1329.0,1561.0
131337,E0B89,300,6.0,7.0,X,0.02,0.25,0.27,0.01,0.01,5.0,16.0,13.0,1501.0,1546.0,1669.0894775390625,1674.0,1331.0,1551.0
131336,E0B89,300,5.0,7.0,X,0.02,0.25,0.27,0.01,0.01,4.0,14.0,41.0,1501.0,1546.0,1667.642578125,1677.0,1104.0,1541.0
131335,E0B89,300,4.0,7.0,X,0.02,0.25,0.27,0.01,0.01,4.0,8.0,22.0,1501.0,1546.0,1678.458984375,1670.0,1101.0,1548.0
131334,E0B89,300,3.0,7.0,X,0.02,0.25,0.27,0.01,0.01,3.0,17.0,51.0,1501.0,1546.0,1664.0924072265625,1666.0,715.0,1541.0
131333,E0B89,300,2.0,7.0,X,0.02,0.25,0.27,0.01,0.01,4.0,5.0,4.0,1501.0,1546.0,1666.8614501953125,1677.0,1047.0,1548.0
131332,60329,300,1.0,7.0,X,0.015,0.25,0.27,0.01,0.0,4.0,16.0,12.0,1501.0,1536.0,1669.5306396484375,1670.0,981.0,1551.0
131331,25632,300,6.0,6.0,X,0.01,0.96,1.02,0.008,0.0,3.0,14.0,40.0,1460.0,1485.0,1600.0662841796875,1603.0,740.0,1499.0
131330,25632,300,5.0,6.0,X,0.01,0.96,1.02,0.008,0.0,3.0,8.0,21.0,1460.0,1485.0,1601.595458984375,1611.0,728.0,1491.0
131329,25632,300,4.0,6.0,X,0.01,0.96,1.02,0.008,0.0,2.0,17.0,50.0,1460.0,1485.0,1597.23095703125,1597.0,334.0,1481.0
131328,25632,300,3.0,6.0,X,0.01,0.96,1.02,0.008,0.0,3.0,5.0,3.0,1460.0,1485.0,1610.50537109375,1611.0,661.0,1491.0
131327,C635C,300,2.0,6.0,X,0.0,0.9,0.94,0.0,0.0,3.0,16.0,11.0,1460.0,1485.0,1612.769775390625,1610.0,668.0,1489.0
131326,C635C,300,1.0,6.0,X,0.0,0.9,0.94,0.0,0.0,2.0,14.0,39.0,1460.0,1485.0,1618.6820068359375,1620.0,412.0,1497.0
131325,E86A6,300,6.0,6.0,X,0.018,0.28,0.31,0.007,0.015,1.0,17.0,49.0,1497.0,1537.0,1669.4407958984375,1667.0,0.0,1549.0
131324,E86A6,300,5.0,6.0,X,0.018,0.28,0.31,0.007,0.015,2.0,8.0,20.0,1497.0,1537.0,1650.4599609375,1654.0,278.0,1545.0
131323,E86A6,300,4.0,6.0,X,0.018,0.28,0.31,0.007,0.015,2.0,5.0,2.0,1497.0,1537.0,1664.5836181640625,1660.0,286.0,1556.0
131322,E86A6,300,3.0,6.0,X,0.018,0.28,0.31,0.007,0.015,2.0,16.0,10.0,1497.0,1537.0,1654.697265625,1660.0,281.0,1545.0
131321,E86A6,300,2.0,6.0,X,0.018,0.28,0.31,0.007,0.015,1.0,14.0,38.0,1497.0,1537.0,1666.9949951171875,1667.0,0.0,1536.0
131320,E86A6,300,3.0,7.0,X,0.018,0.28,0.31,0.007,0.015,1.0,8.0,19.0,1497.0,1537.0,1667.05517578125,1696.0,0.0,1546.0
131319,E86A6,300,2.0,7.0,X,0.018,0.28,0.31,0.007,0.015,1.0,5.0,1.0,1497.0,1537.0,1673.2342529296875,1680.0,0.0,1561.0
131318,E86A6,300,1.0,7.0,X,0.018,0.28,0.31,0.007,0.015,1.0,16.0,9.0,1497.0,1537.0,1688.0677490234375,1692.0,0.0,1546.0
131317,E86A6,300,3.0,3.0,X,0.018,0.28,0.31,0.007,0.015,1.0,14.0,37.0,1497.0,1537.0,1671.0772705078125,1674.0,0.0,1545.0
131316,E86A6,300,2.0,3.0,X,0.018,0.28,0.31,0.007,0.015,1.0,8.0,18.0,1497.0,1537.0,1669.376953125,1673.0,0.0,1546.0
131315,E86A6,300,1.0,4.0,X,0.018,0.28,0.31,0.007,0.015,1.0,4.0,60.0,1497.0,1537.0,1688.6956787109375,1700.0,0.0,1547.0
131314,E86A6,300,3.0,7.0,X,0.018,0.28,0.31,0.007,0.015,8.0,16.0,8.0,1497.0,1537.0,1657.5711669921875,1660.0,2106.0,1542.0
131313,E86A6,300,2.0,7.0,X,0.018,0.28,0.31,0.007,0.015,10.0,14.0,36.0,1497.0,1537.0,1653.593994140625,1661.0,2765.0,1545.0
131312,E86A6,300,1.0,7.0,X,0.018,0.28,0.31,0.007,0.015,5.0,17.0,48.0,1497.0,1537.0,1666.180419921875,1669.0,1204.0,1550.0
131311,6E222,300,9.0,9.0,X,0.015,0.21,0.23,0.0,0.01,6.0,8.0,17.0,1504.0,1549.0,1674.61865234375,1676.0,1578.0,1554.0
131310,6E222,300,8.0,9.0,X,0.015,0.21,0.23,0.0,0.01,9.0,4.0,59.0,1504.0,1549.0,1667.708740234375,1670.0,2401.0,1560.0
131309,6E222,300,7.0,9.0,X,0.015,0.21,0.23,0.0,0.01,7.0,16.0,7.0,1504.0,1549.0,1668.16796875,1678.0,1845.0,1555.0
131308,6E222,300,6.0,9.0,X,0.015,0.21,0.23,0.0,0.01,9.0,14.0,35.0,1504.0,1549.0,1666.276123046875,1671.0,2504.0,1559.0
131307,6E222,300,5.0,9.0,X,0.015,0.21,0.23,0.0,0.01,4.0,17.0,47.0,1504.0,1549.0,1672.549560546875,1671.0,934.0,1552.0
131306,6E222,300,4.0,9.0,X,0.015,0.21,0.23,0.0,0.01,5.0,8.0,16.0,1504.0,1549.0,1668.76708984375,1668.0,1305.0,1562.0
131305,6E222,300,3.0,9.0,X,0.015,0.21,0.23,0.0,0.01,8.0,4.0,58.0,1504.0,1549.0,1667.12548828125,1676.0,2130.0,1561.0
131304,6E222,300,2.0,9.0,X,0.015,0.21,0.23,0.0,0.01,6.0,16.0,6.0,1504.0,1549.0,1674.0855712890625,1676.0,1574.0,1552.0
131303,6E222,300,1.0,9.0,X,0.015,0.21,0.23,0.0,0.01,8.0,14.0,34.0,1504.0,1549.0,1682.8638916015625,1674.0,2234.0,1545.0
131302,AA222,300,3.0,3.0,X,0.018,0.19,0.22,0.0,0.025,3.0,17.0,46.0,1502.0,1552.0,1669.8658447265625,1676.0,666.0,1556.0
131301,1697B,300,2.0,3.0,X,0.02,0.18,0.22,0.009,0.015,4.0,8.0,15.0,1501.0,1536.0,1664.0958251953125,1667.0,1028.0,1549.0
131300,1697B,300,1.0,3.0,X,0.02,0.18,0.22,0.009,0.015,7.0,4.0,57.0,1501.0,1536.0,1668.5694580078125,1664.0,1848.0,1537.0
131299,353BF,300,1.0,1.0,X,0.02,0.14,0.18,0.0,0.0,5.0,16.0,5.0,1500.0,1540.0,1666.01171875,1678.0,1285.0,1541.0
131298,33300,300,2.0,2.0,V,0.01,0.3,0.34,0.009,0.02,7.0,14.0,33.0,1491.0,1531.0,1644.0069580078125,1662.0,1924.0,1535.0
131297,33300,300,1.0,2.0,V,0.01,0.3,0.34,0.009,0.02,2.0,17.0,45.0,1491.0,1531.0,1657.62841796875,1657.0,353.0,1535.0
131296,E983B,300,5.0,5.0,X,0.015,0.16,0.2,0.0,0.0,6.0,4.0,56.0,1503.0,1543.0,1659.315185546875,1660.0,1515.0,1557.0
131295,80160,300,4.0,5.0,X,0.015,0.4,0.45,0.0,0.02,3.0,8.0,14.0,1487.0,1522.0,1642.9542236328125,1657.0,583.0,1546.0
131294,80160,300,3.0,5.0,X,0.015,0.4,0.45,0.0,0.02,4.0,16.0,4.0,1487.0,1522.0,1642.0303955078125,1643.0,901.0,1531.0
131293,80160,300,2.0,5.0,X,0.015,0.4,0.45,0.0,0.02,6.0,14.0,32.0,1487.0,1522.0,1632.489501953125,1644.0,1561.0,1524.0
131292,80160,300,1.0,5.0,X,0.015,0.4,0.45,0.0,0.02,1.0,17.0,44.0,1487.0,1522.0,1670.1612548828125,1673.0,0.0,1536.0
131291,980AE,300,7.0,7.0,B,0.015,0.29,0.31,0.0,0.0,5.0,4.0,55.0,1494.0,1534.0,1645.0164794921875,1660.0,1231.0,1547.0
131290,980AE,300,6.0,7.0,B,0.015,0.29,0.31,0.0,0.0,2.0,8.0,13.0,1494.0,1534.0,1644.6990966796875,1649.0,301.0,1542.0
131289,1E6E6,300,5.0,7.0,X,0.025,0.19,0.23,0.01,0.015,3.0,16.0,3.0,1505.0,1545.0,1669.697021484375,1685.0,617.0,1560.0
131288,1E6E6,300,4.0,7.0,X,0.025,0.19,0.23,0.01,0.015,5.0,14.0,31.0,1505.0,1545.0,1659.347412109375,1659.0,1270.0,1549.0
131287,1E6E6,300,3.0,7.0,X,0.025,0.19,0.23,0.01,0.015,5.0,15.0,65.0,1505.0,1545.0,1662.648681640625,1668.0,1276.0,1555.0
131286,1E6E6,300,2.0,7.0,X,0.025,0.19,0.23,0.01,0.015,4.0,4.0,54.0,1505.0,1545.0,1664.9071044921875,1662.0,937.0,1550.0
131285,603D2,300,1.0,7.0,X,0.01,0.26,0.29,0.009,0.02,1.0,8.0,12.0,1496.0,1536.0,1687.5863037109375,1718.0,0.0,1558.0
131284,1A0C8,300,6.0,6.0,X,0.01,0.75,0.88,0.0,0.01,2.0,16.0,2.0,1470.0,1510.0,1636.6981201171875,1654.0,304.0,1521.0
131283,EEE12,300,5.0,6.0,X,0.0,0.69,0.72,0.0,0.02,4.0,14.0,30.0,1475.0,1510.0,1632.5362548828125,1636.0,955.0,1519.0
131282,EEE12,300,4.0,6.0,X,0.0,0.69,0.72,0.0,0.02,4.0,15.0,64.0,1475.0,1510.0,1630.9620361328125,1639.0,964.0,1508.0
131281,EEE12,300,3.0,6.0,X,0.0,0.69,0.72,0.0,0.02,3.0,4.0,53.0,1475.0,1510.0,1631.2357177734375,1634.0,633.0,1516.0
131280,EEE12,300,2.0,6.0,X,0.0,0.69,0.72,0.0,0.02,4.0,17.0,43.0,1475.0,1510.0,1630.7474365234375,1629.0,909.0,1518.0
131279,EEED2,300,1.0,6.0,X,0.005,0.5,0.52,0.0,0.06,1.0,16.0,1.0,1485.0,1545.0,1702.5675048828125,1707.0,0.0,1556.0
131278,2556F,300,8.0,8.0,X,0.01,0.48,0.53,0.008,0.0,3.0,14.0,29.0,1486.0,1516.0,1633.1884765625,1632.0,653.0,1523.0
131277,2556F,300,7.0,8.0,X,0.01,0.48,0.53,0.008,0.0,3.0,15.0,63.0,1486.0,1516.0,1625.5889892578125,1629.0,656.0,1521.0
131276,2556F,300,6.0,8.0,X,0.01,0.48,0.53,0.008,0.0,2.0,4.0,52.0,1486.0,1516.0,1624.8731689453125,1630.0,316.0,1523.0
131275,2556F,300,5.0,8.0,X,0.01,0.48,0.53,0.008,0.0,3.0,17.0,42.0,1486.0,1516.0,1625.4329833984375,1634.0,612.0,1515.0
131274,2556F,300,4.0,8.0,X,0.01,0.48,0.53,0.008,0.0,3.0,8.0,11.0,1486.0,1516.0,1626.5909423828125,1637.0,631.0,1519.0
131273,2556F,300,3.0,8.0,X,0.01,0.48,0.53,0.008,0.0,2.0,14.0,28.0,1486.0,1516.0,1626.59814453125,1637.0,368.0,1524.0
131272,44B90,300,2.0,8.0,X,0.01,0.28,0.31,0.0,0.02,2.0,15.0,62.0,1496.0,1541.0,1652.1849365234375,1659.0,354.0,1545.0
131271,2CC2D,300,1.0,8.0,X,0.015,0.08,0.11,0.0,0.0,1.0,4.0,51.0,1522.0,1557.0,1704.3951416015625,1712.0,0.0,1568.0
131270,9A58C,300,6.0,6.0,X,0.0,0.37,0.45,0.008,0.08,2.0,17.0,41.0,1480.0,1525.0,1632.0030517578125,1634.0,270.0,1529.0
131269,9A58C,300,5.0,6.0,X,0.0,0.37,0.45,0.008,0.08,2.0,8.0,10.0,1480.0,1525.0,1630.775634765625,1634.0,271.0,1533.0
131268,9A58C,300,4.0,6.0,X,0.0,0.37,0.45,0.008,0.08,1.0,14.0,27.0,1480.0,1525.0,1642.877685546875,1646.0,0.0,1531.0
131267,9A58C,300,3.0,6.0,X,0.0,0.37,0.45,0.008,0.08,1.0,15.0,61.0,1480.0,1525.0,1647.6470947265625,1646.0,0.0,1532.0
131266,9A58C,300,2.0,6.0,X,0.0,0.37,0.45,0.008,0.08,1.0,17.0,40.0,1480.0,1525.0,1642.229736328125,1652.0,0.0,1540.0
131265,9A58C,300,1.0,6.0,X,0.0,0.37,0.45,0.008,0.08,1.0,8.0,9.0,1480.0,1525.0,1660.373291015625,1663.0,0.0,1538.0
131264,28B54,300,7.0,7.0,B,0.01,0.32,0.35,0.0,0.015,5.0,15.0,60.0,1490.0,1535.0,1652.1611328125,1659.0,1520.0,1535.0
131263,28B54,300,6.0,7.0,B,0.01,0.32,0.35,0.0,0.015,5.0,4.0,50.0,1490.0,1535.0,1648.3477783203125,1646.0,1231.0,1535.0
131262,28B54,300,5.0,7.0,B,0.01,0.32,0.35,0.0,0.015,8.0,17.0,39.0,1490.0,1535.0,1659.4132080078125,1650.0,2164.0,1534.0
131261,28B54,300,4.0,7.0,B,0.01,0.32,0.35,0.0,0.015,5.0,14.0,26.0,1490.0,1535.0,1658.0091552734375,1654.0,1303.0,1539.0
131260,28B54,300,3.0,7.0,B,0.01,0.32,0.35,0.0,0.015,4.0,4.0,49.0,1490.0,1535.0,1654.5045166015625,1654.0,880.0,1547.0
131259,28B54,300,2.0,7.0,B,0.01,0.32,0.35,0.0,0.015,5.0,8.0,8.0,1490.0,1535.0,1653.8165283203125,1647.0,1110.0,1547.0
131258,28B54,300,1.0,7.0,B,0.01,0.32,0.35,0.0,0.015,4.0,15.0,59.0,1490.0,1535.0,1663.840576171875,1651.0,987.0,1548.0
131257,5E13D,300,3.0,3.0,X,0.005,0.55,0.57,0.007,0.0,7.0,17.0,38.0,1486.0,1541.0,1663.6986083984375,1692.0,1681.0,1556.0
131256,5E13D,300,2.0,3.0,X,0.005,0.55,0.57,0.007,0.0,4.0,14.0,25.0,1486.0,1541.0,1676.7171630859375,1679.0,826.0,1557.0
131255,5E13D,300,1.0,3.0,X,0.005,0.55,0.57,0.007,0.0,3.0,4.0,48.0,1486.0,1541.0,1695.6629638671875,1694.0,561.0,1550.0
131254,5E13D,300,3.0,3.0,X,0.005,0.55,0.57,0.007,0.0,4.0,8.0,7.0,1486.0,1541.0,1684.26904296875,1686.0,793.0,1550.0
131253,5E13D,300,2.0,3.0,X,0.005,0.55,0.57,0.007,0.0,6.0,17.0,37.0,1486.0,1541.0,1680.575439453125,1683.0,1423.0,1544.0
131252,5E13D,300,1.0,3.0,X,0.005,0.55,0.57,0.007,0.0,3.0,14.0,24.0,1486.0,1541.0,1697.45654296875,1698.0,569.0,1548.0
131251,87C74,300,10.0,10.0,X,0.02,0.45,0.5,0.0,0.02,3.0,15.0,58.0,1480.0,1525.0,1643.0751953125,1644.0,563.0,1533.0
131250,87C74,300,9.0,10.0,X,0.02,0.45,0.5,0.0,0.02,2.0,4.0,47.0,1480.0,1525.0,1641.0052490234375,1640.0,272.0,1531.0
131249,A2DFA,300,8.0,10.0,X,0.005,0.43,0.5,0.0,0.0,3.0,8.0,6.0,1480.0,1525.0,1628.6871337890625,1634.0,511.0,1536.0
131248,A2DFA,300,7.0,10.0,X,0.005,0.43,0.5,0.0,0.0,5.0,17.0,36.0,1480.0,1525.0,1628.66064453125,1629.0,1150.0,1534.0
131247,A2DFA,300,6.0,10.0,X,0.005,0.43,0.5,0.0,0.0,2.0,14.0,23.0,1480.0,1525.0,1628.800537109375,1639.0,294.0,1532.0
131246,3B7FC,300,5.0,10.0,X,0.005,0.46,0.5,0.0,0.015,2.0,15.0,57.0,1480.0,1525.0,1636.9908447265625,1654.0,294.0,1532.0
131245,3B7FC,300,4.0,10.0,X,0.005,0.46,0.5,0.0,0.015,1.0,4.0,46.0,1480.0,1525.0,1655.590576171875,1664.0,0.0,1529.0
131244,3B7FC,300,3.0,10.0,X,0.005,0.46,0.5,0.0,0.015,2.0,8.0,5.0,1480.0,1525.0,1632.2830810546875,1645.0,237.0,1536.0
131243,3B7FC,300,2.0,10.0,X,0.005,0.46,0.5,0.0,0.015,4.0,17.0,35.0,1480.0,1525.0,1632.7197265625,1641.0,867.0,1535.0
131242,0FB77,300,1.0,10.0,X,0.01,0.6,0.65,0.0,0.0,1.0,14.0,22.0,1480.0,1525.0,1664.5107421875,1685.0,0.0,1530.0
131241,16F90,300,3.0,3.0,B,0.02,0.36,0.38,0.0,0.02,1.0,15.0,56.0,1490.0,1535.0,1666.0821533203125,1698.0,0.0,1553.0
131240,16F90,300,2.0,3.0,B,0.02,0.36,0.38,0.0,0.02,1.0,8.0,4.0,1490.0,1535.0,1662.10888671875,1678.0,0.0,1550.0
131239,16F90,300,1.0,3.0,B,0.02,0.36,0.38,0.0,0.02,3.0,15.0,56.0,1490.0,1535.0,1662.5771484375,1664.0,582.0,1536.0
131238,16F90,300,5.0,8.0,B,0.02,0.36,0.38,0.0,0.02,2.0,14.0,21.0,1490.0,1535.0,1648.52685546875,1656.0,260.0,1536.0
131237,E1B6A,300,4.0,8.0,X,0.02,0.18,0.2,0.0,0.015,2.0,17.0,33.0,1501.0,1546.0,1656.155517578125,1666.0,268.0,1552.0
131236,E1B6A,300,3.0,8.0,X,0.02,0.18,0.2,0.0,0.015,2.0,8.0,3.0,1501.0,1546.0,1663.906982421875,1666.0,252.0,1556.0
131235,31262,300,2.0,7.0,X,0.01,0.46,0.48,0.01,0.0,2.0,15.0,55.0,1480.0,1525.0,1630.0081787109375,1630.0,337.0,1539.0
131234,31262,300,1.0,7.0,X,0.01,0.46,0.48,0.01,0.0,1.0,14.0,20.0,1480.0,1525.0,1677.623779296875,1675.0,0.0,1534.0
131233,6D507,300,3.0,3.0,X,0.02,0.27,0.29,0.009,0.02,1.0,17.0,32.0,1500.0,1540.0,1676.2532958984375,1689.0,0.0,1557.0
131232,6D507,300,2.0,3.0,X,0.02,0.27,0.29,0.009,0.02,1.0,8.0,2.0,1500.0,1540.0,1681.32080078125,1698.0,0.0,1551.0
131231,6D507,300,1.0,3.0,X,0.02,0.27,0.29,0.009,0.02,1.0,15.0,54.0,1500.0,1540.0,1700.30517578125,1703.0,0.0,1553.0
131230,6D507,300,4.0,4.0,X,0.02,0.27,0.29,0.009,0.02,15.0,2.0,64.0,1500.0,1540.0,1665.7237548828125,,4495.0,1540.0
131229,5146B,300,3.0,4.0,X,0.005,0.45,0.48,0.0,0.0,1.0,17.0,31.0,1481.0,1526.0,1660.0538330078125,1676.0,0.0,1539.0
131228,5146B,300,2.0,6.0,X,0.005,0.45,0.48,0.0,0.0,19.0,14.0,19.0,1481.0,1526.0,1650.9598388671875,1651.0,5846.0,1525.0
131227,5146B,300,1.0,6.0,X,0.005,0.45,0.48,0.0,0.0,1.0,8.0,1.0,1481.0,1526.0,1669.7491455078125,1694.0,0.0,1540.0
131226,5146B,300,2.0,8.0,X,0.005,0.45,0.48,0.0,0.0,14.0,2.0,63.0,1481.0,1526.0,1649.441162109375,1656.0,4171.0,1545.0
131225,4D097,300,1.0,8.0,X,0.015,0.51,0.55,0.0,0.01,1.0,8.0,1.0,1487.0,1527.0,1678.4820556640625,1659.0,0.0,1541.0
131224,116A5,300,9.0,9.0,X,0.02,0.5,0.52,0.0,0.0,4.0,4.0,45.0,1488.0,1528.0,1641.0494384765625,1650.0,911.0,1534.0
131223,D033D,300,8.0,9.0,X,0.02,0.47,0.49,0.009,0.0,18.0,14.0,18.0,1480.0,1515.0,1629.4329833984375,1631.0,5402.0,1521.0
131222,D033D,300,7.0,9.0,X,0.02,0.47,0.49,0.009,0.0,9.0,17.0,30.0,1480.0,1515.0,1627.1842041015625,1629.0,2399.0,1525.0
131221,EB957,300,6.0,9.0,X,0.015,0.53,0.56,0.0,0.01,12.0,15.0,52.0,1486.0,1536.0,1660.676025390625,1664.0,3703.0,1535.0
131220,EB957,300,5.0,9.0,X,0.015,0.53,0.56,0.0,0.01,13.0,2.0,62.0,1486.0,1536.0,1656.712646484375,1661.0,3763.0,1540.0
131219,EB957,300,4.0,9.0,X,0.015,0.53,0.56,0.0,0.01,3.0,4.0,44.0,1486.0,1536.0,1662.224853515625,1666.0,621.0,1545.0
131218,EB957,300,3.0,9.0,X,0.015,0.53,0.56,0.0,0.01,17.0,14.0,17.0,1486.0,1536.0,1660.8607177734375,1668.0,5111.0,1541.0
131217,EB957,300,2.0,9.0,X,0.015,0.53,0.56,0.0,0.01,8.0,17.0,29.0,1486.0,1536.0,1664.5989990234375,1663.0,2111.0,1535.0
131216,EB957,300,1.0,9.0,X,0.015,0.53,0.56,0.0,0.01,11.0,15.0,51.0,1486.0,1536.0,1667.3973388671875,1668.0,3418.0,1549.0
131215,1E6E6,300,8.0,8.0,X,0.025,0.19,0.23,0.01,0.015,12.0,2.0,61.0,1505.0,1545.0,1659.4871826171875,1666.0,3488.0,1549.0
131214,1E6E6,300,7.0,8.0,X,0.025,0.19,0.23,0.01,0.015,2.0,4.0,43.0,1505.0,1545.0,1667.5294189453125,1670.0,350.0,1545.0
131213,1E6E6,300,6.0,8.0,X,0.025,0.19,0.23,0.01,0.015,16.0,14.0,16.0,1505.0,1545.0,1659.1187744140625,1661.0,4849.0,1551.0
131212,1E6E6,300,5.0,8.0,X,0.025,0.19,0.23,0.01,0.015,7.0,17.0,28.0,1505.0,1545.0,1664.93359375,1668.0,1845.0,1540.0
131211,1E6E6,300,4.0,8.0,X,0.025,0.19,0.23,0.01,0.015,10.0,15.0,50.0,1505.0,1545.0,1664.801513671875,1675.0,3134.0,1549.0
131210,1E6E6,300,3.0,8.0,X,0.025,0.19,0.23,0.01,0.015,11.0,2.0,60.0,1505.0,1545.0,1657.439697265625,1663.0,3207.0,1547.0
131209,1E6E6,300,2.0,8.0,X,0.025,0.19,0.23,0.01,0.015,15.0,14.0,15.0,1505.0,1545.0,1659.3232421875,1666.0,4616.0,1537.0
131208,4B4F5,300,1.0,8.0,X,0.02,0.4,0.42,0.007,0.015,1.0,4.0,42.0,1484.0,1524.0,1678.034912109375,1698.0,0.0,1544.0
131207,CB239,300,9.0,9.0,V,0.0,0.69,0.73,0.012,0.06,6.0,17.0,27.0,1474.0,1499.0,1616.994384765625,1630.0,1529.0,1510.0
131206,CB239,300,8.0,9.0,V,0.0,0.69,0.73,0.012,0.06,9.0,15.0,49.0,1474.0,1499.0,1624.35009765625,1622.0,2814.0,1510.0
131205,CB239,300,7.0,9.0,V,0.0,0.69,0.73,0.012,0.06,10.0,2.0,59.0,1474.0,1499.0,1620.1177978515625,1622.0,2876.0,1513.0
131204,CB239,300,6.0,9.0,V,0.0,0.69,0.73,0.012,0.06,2.0,6.0,65.0,1474.0,1499.0,1616.91357421875,1626.0,296.0,1513.0
131203,CB239,300,5.0,9.0,V,0.0,0.69,0.73,0.012,0.06,14.0,14.0,14.0,1474.0,1499.0,1619.8790283203125,1633.0,4199.0,1508.0
131202,F5743,300,4.0,9.0,V,0.0,0.69,0.72,0.008,0.055,5.0,17.0,26.0,1476.0,1501.0,1618.1158447265625,1636.0,1192.0,1514.0
131201,F5743,300,3.0,9.0,V,0.0,0.69,0.72,0.008,0.055,8.0,15.0,48.0,1476.0,1501.0,1620.4478759765625,1636.0,2484.0,1509.0
131200,F5743,300,2.0,9.0,V,0.0,0.69,0.72,0.008,0.055,9.0,2.0,58.0,1476.0,1501.0,1620.2926025390625,1627.0,2554.0,1509.0
131199,F5743,300,1.0,9.0,V,0.0,0.69,0.72,0.008,0.055,1.0,6.0,64.0,1476.0,1501.0,1647.2628173828125,1645.0,0.0,1514.0
131198,27A7C,300,8.0,8.0,X,0.02,0.43,0.47,0.0,0.015,13.0,14.0,13.0,1480.0,1515.0,1632.70068359375,1645.0,3909.0,1528.0
131197,A2DFA,300,7.0,8.0,X,0.005,0.43,0.5,0.0,0.0,4.0,17.0,25.0,1480.0,1525.0,1618.905029296875,1627.0,912.0,1530.0
131196,A2DFA,300,6.0,8.0,X,0.005,0.43,0.5,0.0,0.0,2.0,4.0,41.0,1480.0,1525.0,1619.4539794921875,1626.0,285.0,1529.0
131195,A2DFA,300,5.0,8.0,X,0.005,0.43,0.5,0.0,0.0,7.0,15.0,47.0,1480.0,1525.0,1621.74462890625,1628.0,2161.0,1529.0
131194,A2DFA,300,4.0,8.0,X,0.005,0.43,0.5,0.0,0.0,8.0,2.0,57.0,1480.0,1525.0,1632.0513916015625,1638.0,2233.0,1532.0
131193,A2DFA,300,3.0,8.0,X,0.005,0.43,0.5,0.0,0.0,12.0,14.0,12.0,1480.0,1525.0,1633.61572265625,1644.0,3643.0,1538.0
131192,A2DFA,300,2.0,8.0,X,0.005,0.43,0.5,0.0,0.0,3.0,17.0,24.0,1480.0,1525.0,1623.0399169921875,1627.0,623.0,1530.0
131191,A2DFA,300,1.0,8.0,X,0.005,0.43,0.5,0.0,0.0,1.0,4.0,40.0,1480.0,1525.0,1665.5482177734375,1660.0,0.0,1537.0
131190,7B0D4,300,6.0,6.0,X,0.01,0.47,0.5,0.0,0.02,6.0,15.0,46.0,1483.0,1523.0,1633.7056884765625,1657.0,1871.0,1534.0
131189,B131E,300,5.0,6.0,X,0.02,0.46,0.49,0.005,0.02,7.0,2.0,56.0,1483.0,1518.0,1630.60302734375,1638.0,1944.0,1525.0
131188,15370,300,4.0,6.0,X,0.01,0.45,0.48,0.0,0.02,11.0,14.0,11.0,1480.0,1525.0,1635.4000244140625,1641.0,3354.0,1529.0
131187,15370,300,3.0,6.0,X,0.01,0.45,0.48,0.0,0.02,16.0,6.0,63.0,1480.0,1525.0,1638.64453125,1639.0,4739.0,1528.0
131186,258E9,300,2.0,6.0,X,0.01,0.32,0.35,0.0,0.0,2.0,17.0,23.0,1488.0,1528.0,1637.297607421875,1646.0,283.0,1526.0
131185,258E9,300,1.0,6.0,X,0.01,0.32,0.35,0.0,0.0,5.0,15.0,45.0,1488.0,1528.0,1654.3309326171875,1652.0,1585.0,1544.0
131184,9A58C,300,4.0,4.0,X,0.0,0.37,0.45,0.008,0.08,6.0,2.0,55.0,1480.0,1525.0,1635.38623046875,1642.0,1649.0,1537.0
131183,9A58C,300,3.0,4.0,X,0.0,0.37,0.45,0.008,0.08,10.0,14.0,10.0,1480.0,1525.0,1635.271240234375,1648.0,3063.0,1527.0
131182,9A58C,300,2.0,4.0,X,0.0,0.37,0.45,0.008,0.08,15.0,6.0,62.0,1480.0,1525.0,1633.800048828125,1641.0,4459.0,1530.0
131181,9A58C,300,1.0,4.0,X,0.0,0.37,0.45,0.008,0.08,1.0,17.0,22.0,1480.0,1525.0,1661.82568359375,1662.0,0.0,1530.0
131180,A7B3C,300,7.0,7.0,X,0.025,0.2,0.23,0.01,0.01,2.0,4.0,39.0,1504.0,1549.0,1667.0457763671875,1671.0,287.0,1557.0
131179,A7B3C,300,6.0,7.0,X,0.025,0.2,0.23,0.01,0.01,5.0,2.0,54.0,1504.0,1549.0,1672.46484375,1663.0,1375.0,1555.0
131178,51FF2,300,5.0,7.0,X,0.015,0.21,0.23,0.0,0.02,9.0,14.0,9.0,1503.0,1543.0,1660.16650390625,1672.0,2785.0,1546.0
131177,51FF2,300,4.0,7.0,X,0.015,0.21,0.23,0.0,0.02,4.0,15.0,44.0,1503.0,1543.0,1660.6407470703125,1662.0,1136.0,1556.0
131176,9C4F0,300,3.0,7.0,X,0.015,0.18,0.23,0.01,0.0,14.0,6.0,61.0,1504.0,1544.0,1655.8680419921875,1674.0,4116.0,1538.0
131175,15493,300,2.0,7.0,X,0.01,0.38,0.43,0.0,0.0,1.0,4.0,38.0,1485.0,1525.0,1662.3355712890625,1674.0,0.0,1531.0
131174,15493,300,1.0,7.0,X,0.01,0.38,0.43,0.0,0.0,4.0,2.0,53.0,1485.0,1525.0,1664.2864990234375,1676.0,1088.0,1541.0
131173,9E44C,300,5.0,5.0,X,0.02,0.18,0.2,0.01,0.02,8.0,14.0,8.0,1500.0,1540.0,1654.151123046875,1665.0,2432.0,1553.0
131172,9E44C,300,4.0,5.0,X,0.02,0.18,0.2,0.01,0.02,13.0,17.0,21.0,1500.0,1540.0,1652.9378662109375,1667.0,3705.0,1549.0
131171,9E44C,300,3.0,5.0,X,0.02,0.18,0.2,0.01,0.02,3.0,15.0,43.0,1500.0,1540.0,1650.3341064453125,1662.0,727.0,1538.0
131170,9E44C,300,2.0,5.0,X,0.02,0.18,0.2,0.01,0.02,13.0,6.0,60.0,1500.0,1540.0,1657.173583984375,1660.0,3687.0,1555.0
131169,9E44C,300,1.0,5.0,X,0.02,0.18,0.2,0.01,0.02,3.0,2.0,52.0,1500.0,1540.0,1670.629638671875,1678.0,641.0,1543.0
131168,AA222,300,5.0,5.0,X,0.018,0.19,0.22,0.0,0.025,12.0,17.0,20.0,1502.0,1552.0,1673.970947265625,1672.0,3377.0,1548.0
131167,AA222,300,4.0,5.0,X,0.018,0.19,0.22,0.0,0.025,7.0,14.0,7.0,1502.0,1552.0,1672.2177734375,1647.0,1991.0,1544.0
131166,AA222,300,3.0,5.0,X,0.018,0.19,0.22,0.0,0.025,2.0,15.0,42.0,1502.0,1552.0,1676.818359375,1677.0,339.0,1544.0
131165,4F121,300,2.0,5.0,X,0.01,0.38,0.43,0.0,0.0,12.0,6.0,59.0,1480.0,1520.0,1642.517578125,1645.0,3302.0,1530.0
131164,AC670,300,1.0,5.0,X,0.01,0.38,0.43,0.0,0.0,2.0,2.0,51.0,1481.0,1516.0,1645.61474609375,1666.0,320.0,1534.0
131163,5E13D,300,3.0,3.0,X,0.005,0.55,0.57,0.007,0.0,11.0,17.0,19.0,1486.0,1541.0,1678.4033203125,1706.0,3038.0,1555.0
131162,5E13D,300,2.0,3.0,X,0.005,0.55,0.57,0.007,0.0,6.0,14.0,6.0,1486.0,1541.0,1671.963623046875,1698.0,1654.0,1561.0
131161,5E13D,300,1.0,3.0,X,0.005,0.55,0.57,0.007,0.0,6.0,15.0,41.0,1486.0,1541.0,1693.4107666015625,1730.0,1589.0,1566.0
131160,5E13D,300,3.0,3.0,X,0.005,0.55,0.57,0.007,0.0,11.0,6.0,58.0,1486.0,1541.0,1673.4927978515625,1704.0,2978.0,1561.0
131159,5E13D,300,2.0,3.0,X,0.005,0.55,0.57,0.007,0.0,1.0,2.0,50.0,1486.0,1541.0,1684.5921630859375,1724.0,0.0,1572.0
131158,5E13D,300,1.0,3.0,X,0.005,0.55,0.57,0.007,0.0,10.0,17.0,18.0,1486.0,1541.0,1687.4058837890625,1706.0,2736.0,1541.0
131157,2D42F,300,3.0,3.0,B,0.005,0.36,0.39,0.0,0.01,8.0,5.0,70.0,1492.0,1547.0,1681.9676513671875,1688.0,2265.0,1554.0
131156,2D42F,300,2.0,3.0,B,0.005,0.36,0.39,0.0,0.01,5.0,14.0,5.0,1492.0,1547.0,1672.7088623046875,1686.0,1222.0,1573.0
131155,2D42F,300,6.0,8.0,B,0.005,0.36,0.39,0.0,0.01,10.0,6.0,57.0,1492.0,1547.0,1673.8870849609375,1695.0,2517.0,1572.0
131154,2D42F,300,5.0,8.0,B,0.005,0.36,0.39,0.0,0.01,9.0,17.0,17.0,1492.0,1547.0,1674.2952880859375,1680.0,2340.0,1546.0
131153,2D42F,300,4.0,8.0,B,0.005,0.36,0.39,0.0,0.01,9.0,2.0,49.0,1492.0,1547.0,1672.9803466796875,1677.0,2342.0,1544.0
131152,2D42F,300,3.0,8.0,B,0.005,0.36,0.39,0.0,0.01,7.0,5.0,69.0,1492.0,1547.0,1670.32080078125,1678.0,1824.0,1550.0
131151,2D42F,300,2.0,8.0,B,0.005,0.36,0.39,0.0,0.01,4.0,14.0,4.0,1492.0,1547.0,1673.4832763671875,1677.0,839.0,1551.0
131150,2D42F,300,1.0,8.0,B,0.005,0.36,0.39,0.0,0.01,1.0,15.0,40.0,1492.0,1547.0,1708.2103271484375,1705.0,0.0,1542.0
131149,BF6EC,300,6.0,6.0,X,0.015,0.19,0.23,0.009,0.0,9.0,6.0,56.0,1504.0,1549.0,1676.625244140625,1676.0,2172.0,1550.0
131148,BF6EC,300,5.0,6.0,X,0.015,0.19,0.23,0.009,0.0,8.0,17.0,16.0,1504.0,1549.0,1668.05712890625,1673.0,1990.0,1548.0
131147,108A8,300,4.0,6.0,X,0.02,0.27,0.29,0.009,0.015,8.0,2.0,48.0,1501.0,1546.0,1675.657470703125,1678.0,1987.0,1551.0
131146,F7C5E,300,3.0,6.0,X,0.015,0.27,0.29,0.009,0.0,6.0,5.0,68.0,1501.0,1551.0,1699.552734375,1701.0,1451.0,1550.0
131145,F7C5E,300,2.0,6.0,X,0.015,0.27,0.29,0.009,0.0,3.0,14.0,3.0,1501.0,1551.0,1674.0733642578125,1719.0,474.0,1563.0
131144,F7C5E,300,1.0,6.0,X,0.015,0.27,0.29,0.009,0.0,8.0,6.0,55.0,1501.0,1551.0,1710.458984375,1707.0,1877.0,1556.0
131143,7FEAB,300,8.0,8.0,X,0.02,0.2,0.22,0.009,0.02,7.0,17.0,15.0,1506.0,1546.0,1666.945068359375,1691.0,1701.0,1552.0
131142,7FEAB,300,7.0,8.0,X,0.02,0.2,0.22,0.009,0.02,7.0,2.0,47.0,1506.0,1546.0,1662.2933349609375,1680.0,1706.0,1552.0
131141,7FEAB,300,6.0,8.0,X,0.02,0.2,0.22,0.009,0.02,2.0,14.0,2.0,1506.0,1546.0,1679.4793701171875,1688.0,270.0,1550.0
131140,7FEAB,300,5.0,8.0,X,0.02,0.2,0.22,0.009,0.02,5.0,5.0,67.0,1506.0,1546.0,1666.42919921875,1673.0,1142.0,1555.0
131139,7FEAB,300,4.0,8.0,X,0.02,0.2,0.22,0.009,0.02,7.0,6.0,54.0,1506.0,1546.0,1664.7593994140625,1676.0,1615.0,1550.0
131138,7FEAB,300,3.0,8.0,X,0.02,0.2,0.22,0.009,0.02,6.0,17.0,14.0,1506.0,1546.0,1674.838623046875,1678.0,1437.0,1548.0
131137,7FEAB,300,2.0,8.0,X,0.02,0.2,0.22,0.009,0.02,6.0,2.0,46.0,1506.0,1546.0,1675.3204345703125,1682.0,1438.0,1559.0
131136,7FEAB,300,1.0,8.0,X,0.02,0.2,0.22,0.009,0.02,1.0,14.0,1.0,1506.0,1546.0,1720.8951416015625,1740.0,0.0,1542.0
131135,D398B,300,3.0,3.0,X,0.02,0.2,0.22,0.009,0.02,4.0,5.0,66.0,1506.0,1551.0,1677.2003173828125,1682.0,868.0,1556.0
131134,D398B,300,2.0,3.0,X,0.02,0.2,0.22,0.009,0.02,6.0,6.0,53.0,1506.0,1551.0,1679.762939453125,1671.0,1338.0,1561.0
131133,D398B,300,1.0,3.0,X,0.02,0.2,0.22,0.009,0.02,5.0,15.0,39.0,1506.0,1551.0,1690.10009765625,1692.0,1065.0,1562.0
131132,F7AB5,300,8.0,8.0,X,0.015,0.42,0.44,0.0,0.02,5.0,17.0,13.0,1481.0,1526.0,1641.8079833984375,1655.0,1074.0,1531.0
131131,8E733,300,7.0,8.0,X,0.02,0.17,0.2,0.01,0.02,5.0,2.0,45.0,1506.0,1546.0,1659.4420166015625,1673.0,1074.0,1549.0
131130,60329,300,6.0,8.0,X,0.015,0.25,0.27,0.01,0.0,3.0,5.0,65.0,1501.0,1536.0,1651.3482666015625,1655.0,555.0,1539.0
131129,60329,300,5.0,8.0,X,0.015,0.25,0.27,0.01,0.0,5.0,6.0,52.0,1501.0,1536.0,1650.661865234375,1653.0,1028.0,1546.0
131128,E0B89,300,4.0,8.0,X,0.02,0.25,0.27,0.01,0.01,4.0,15.0,38.0,1501.0,1546.0,1663.6455078125,1670.0,777.0,1551.0
131127,E0B89,300,3.0,8.0,X,0.02,0.25,0.27,0.01,0.01,4.0,17.0,12.0,1501.0,1546.0,1660.849365234375,1670.0,792.0,1549.0
131126,E0B89,300,2.0,8.0,X,0.02,0.25,0.27,0.01,0.01,4.0,2.0,44.0,1501.0,1546.0,1661.5433349609375,1671.0,785.0,1548.0
131125,E0B89,300,1.0,8.0,X,0.02,0.25,0.27,0.01,0.01,2.0,5.0,64.0,1501.0,1546.0,1683.10791015625,1685.0,272.0,1548.0
131124,E0B89,300,7.0,7.0,X,0.02,0.25,0.27,0.01,0.01,4.0,6.0,51.0,1501.0,1546.0,1669.9713134765625,1668.0,747.0,1547.0
131123,E0B89,300,6.0,7.0,X,0.02,0.25,0.27,0.01,0.01,3.0,15.0,37.0,1501.0,1546.0,1670.32275390625,1667.0,496.0,1548.0
131122,E0B89,300,5.0,7.0,X,0.02,0.25,0.27,0.01,0.01,3.0,17.0,11.0,1501.0,1546.0,1669.0604248046875,1673.0,514.0,1551.0
131121,E0B89,300,4.0,7.0,X,0.02,0.25,0.27,0.01,0.01,3.0,2.0,43.0,1501.0,1546.0,1667.9071044921875,1665.0,517.0,1545.0
131120,E0B89,300,3.0,7.0,X,0.02,0.25,0.27,0.01,0.01,1.0,5.0,63.0,1501.0,1546.0,1676.7987060546875,1683.0,0.0,1546.0
131119,E0B89,300,2.0,7.0,X,0.02,0.25,0.27,0.01,0.01,3.0,6.0,50.0,1501.0,1546.0,1662.010498046875,1665.0,466.0,1550.0
131118,E0B89,300,1.0,7.0,X,0.02,0.25,0.27,0.01,0.01,2.0,15.0,36.0,1501.0,1546.0,1687.765380859375,1682.0,215.0,1556.0
131117,44B90,300,7.0,7.0,X,0.01,0.28,0.31,0.0,0.02,2.0,17.0,10.0,1496.0,1541.0,1650.2890625,1650.0,238.0,1550.0
131116,E1CE3,300,6.0,7.0,X,0.01,0.37,0.39,0.0,0.0,2.0,2.0,42.0,1485.0,1525.0,1639.6627197265625,1649.0,237.0,1534.0
131115,57414,300,5.0,7.0,X,0.01,0.38,0.43,0.0,0.02,2.0,6.0,49.0,1486.0,1526.0,1643.0146484375,1642.0,252.0,1536.0
131114,57414,300,4.0,7.0,X,0.01,0.38,0.43,0.0,0.02,1.0,15.0,35.0,1486.0,1526.0,1657.7779541015625,1664.0,0.0,1534.0
131113,57414,300,3.0,7.0,X,0.01,0.38,0.43,0.0,0.02,1.0,17.0,9.0,1486.0,1526.0,1656.853271484375,1662.0,0.0,1539.0
131112,57414,300,2.0,7.0,X,0.01,0.38,0.43,0.0,0.02,1.0,2.0,41.0,1486.0,1526.0,1658.469482421875,1672.0,0.0,1539.0
131111,57414,300,1.0,7.0,X,0.01,0.38,0.43,0.0,0.02,1.0,6.0,48.0,1486.0,1526.0,1680.676025390625,1700.0,0.0,1542.0
131110,27480,300,6.0,6.0,X,0.02,0.21,0.23,0.009,0.02,24.0,2.0,40.0,1506.0,1551.0,1675.4996337890625,1675.0,7035.0,1566.0
131109,27480,300,5.0,6.0,X,0.02,0.21,0.23,0.009,0.02,6.0,5.0,62.0,1506.0,1551.0,1668.8048095703125,1680.0,1388.0,1557.0
131108,27480,300,4.0,6.0,X,0.02,0.21,0.23,0.009,0.02,7.0,15.0,34.0,1506.0,1551.0,1676.152587890625,1679.0,1680.0,1559.0
131107,27480,300,3.0,6.0,X,0.02,0.21,0.23,0.009,0.02,8.0,17.0,8.0,1506.0,1551.0,1676.970947265625,1681.0,2024.0,1559.0
131106,248B5,300,2.0,6.0,X,0.02,0.21,0.23,0.009,0.02,23.0,2.0,39.0,1506.0,1551.0,1676.490478515625,1680.0,6796.0,1557.0
131105,248B5,300,1.0,6.0,X,0.02,0.21,0.23,0.009,0.02,4.0,6.0,47.0,1506.0,1551.0,1682.689697265625,1694.0,813.0,1554.0
131104,248B5,300,7.0,7.0,X,0.02,0.21,0.23,0.009,0.02,5.0,5.0,61.0,1506.0,1551.0,1673.444091796875,1681.0,1087.0,1556.0
131103,248B5,300,6.0,7.0,X,0.02,0.21,0.23,0.009,0.02,6.0,15.0,33.0,1506.0,1551.0,1668.91845703125,1679.0,1386.0,1550.0
131102,248B5,300,5.0,7.0,X,0.02,0.21,0.23,0.009,0.02,7.0,17.0,7.0,1506.0,1551.0,1670.573974609375,1679.0,1738.0,1560.0
131101,248B5,300,4.0,7.0,X,0.02,0.21,0.23,0.009,0.02,22.0,2.0,38.0,1506.0,1551.0,1669.8966064453125,1675.0,6525.0,1552.0
131100,248B5,300,3.0,7.0,X,0.02,0.21,0.23,0.009,0.02,3.0,6.0,46.0,1506.0,1551.0,1669.8436279296875,1675.0,556.0,1547.0
131099,248B5,300,2.0,7.0,X,0.02,0.21,0.23,0.009,0.02,4.0,5.0,60.0,1506.0,1551.0,1669.75146484375,1672.0,835.0,1543.0
131098,248B5,300,1.0,7.0,X,0.02,0.21,0.23,0.009,0.02,5.0,15.0,32.0,1506.0,1551.0,1682.689697265625,1684.0,1136.0,1538.0
131097,CA2FD,300,8.0,8.0,X,0.02,0.15,0.17,0.009,0.02,6.0,17.0,6.0,1507.0,1552.0,1670.17529296875,1675.0,1484.0,1552.0
131096,CA2FD,300,7.0,8.0,X,0.02,0.15,0.17,0.009,0.02,21.0,2.0,37.0,1507.0,1552.0,1670.47998046875,1667.0,6269.0,1560.0
131095,4B82B,300,6.0,8.0,X,0.02,0.3,0.33,0.006,0.02,2.0,6.0,45.0,1495.0,1540.0,1649.5362548828125,1657.0,291.0,1546.0
131094,4B82B,300,5.0,8.0,X,0.02,0.3,0.33,0.006,0.02,3.0,5.0,59.0,1495.0,1540.0,1646.15380859375,1654.0,565.0,1550.0
131093,4B82B,300,4.0,8.0,X,0.02,0.3,0.33,0.006,0.02,4.0,15.0,31.0,1495.0,1540.0,1646.42724609375,1665.0,845.0,1544.0
131092,4B82B,300,3.0,8.0,X,0.02,0.3,0.33,0.006,0.02,5.0,17.0,5.0,1495.0,1540.0,1646.9425048828125,1659.0,1193.0,1556.0
131091,4B82B,300,2.0,8.0,X,0.02,0.3,0.33,0.006,0.02,20.0,2.0,36.0,1495.0,1540.0,1644.4222412109375,1658.0,5967.0,1567.0
131090,4B82B,300,1.0,8.0,X,0.02,0.3,0.33,0.006,0.02,1.0,6.0,44.0,1495.0,1540.0,1682.6126708984375,1698.0,0.0,1556.0
131089,33D10,300,6.0,6.0,X,0.015,0.39,0.42,0.0,0.0,2.0,5.0,58.0,1485.0,1530.0,1639.1148681640625,1647.0,278.0,1535.0
131088,5692D,300,5.0,6.0,X,0.015,0.39,0.41,0.0,0.01,3.0,15.0,30.0,1486.0,1521.0,1636.296142578125,1644.0,573.0,1527.0
131087,3D92C,300,4.0,6.0,X,0.01,0.39,0.41,0.0,0.02,21.0,16.0,65.0,1485.0,1520.0,1634.7000732421875,1629.0,6216.0,1527.0
131086,3D92C,300,3.0,6.0,X,0.01,0.39,0.41,0.0,0.02,4.0,17.0,4.0,1485.0,1520.0,1627.6693115234375,1644.0,859.0,1530.0
131085,3D92C,300,2.0,6.0,X,0.01,0.39,0.41,0.0,0.02,19.0,2.0,35.0,1485.0,1520.0,1640.0113525390625,1645.0,5642.0,1526.0
131084,8ECC3,300,1.0,6.0,X,0.01,0.48,0.51,0.0,0.0,1.0,5.0,57.0,1477.0,1522.0,1666.415771484375,1679.0,0.0,1536.0
131083,1E183,300,6.0,6.0,X,0.01,0.38,0.43,0.0,0.02,2.0,15.0,29.0,1486.0,1526.0,1647.72705078125,1650.0,298.0,1533.0
131082,1E183,300,5.0,6.0,X,0.01,0.38,0.43,0.0,0.02,20.0,16.0,64.0,1486.0,1526.0,1636.814208984375,1650.0,5938.0,1541.0
131081,1E183,300,4.0,6.0,X,0.01,0.38,0.43,0.0,0.02,3.0,17.0,3.0,1486.0,1526.0,1644.2960205078125,1671.0,581.0,1539.0
131080,1E183,300,3.0,6.0,X,0.01,0.38,0.43,0.0,0.02,2.0,6.0,43.0,1486.0,1526.0,1645.89599609375,1646.0,274.0,1537.0
131079,734B0,300,2.0,6.0,X,0.01,0.4,0.43,0.0,0.02,18.0,2.0,34.0,1486.0,1526.0,1638.03173828125,1645.0,5307.0,1542.0
131078,734B0,300,1.0,6.0,X,0.01,0.4,0.43,0.0,0.02,1.0,15.0,28.0,1486.0,1526.0,1670.123779296875,1672.0,0.0,1534.0
131077,CE16F,300,7.0,7.0,X,0.02,0.15,0.17,0.008,0.02,19.0,16.0,63.0,1507.0,1552.0,1666.5689697265625,1693.0,5647.0,1553.0
131076,AFB81,300,6.0,7.0,X,0.02,0.15,0.17,0.009,0.02,2.0,17.0,2.0,1506.0,1546.0,1666.369384765625,1675.0,304.0,1549.0
131075,885B2,300,5.0,7.0,X,0.025,0.17,0.19,0.01,0.008,1.0,6.0,42.0,1507.0,1552.0,1686.89306640625,1710.0,0.0,1563.0
131074,B3CD5,300,4.0,7.0,X,0.015,0.41,0.44,0.0,0.02,17.0,2.0,33.0,1484.0,1519.0,1632.885009765625,1634.0,5033.0,1519.0
131073,B3CD5,300,3.0,7.0,X,0.015,0.41,0.44,0.0,0.02,18.0,5.0,56.0,1484.0,1519.0,1627.121826171875,1632.0,5286.0,1514.0
131072,B3CD5,300,2.0,7.0,X,0.015,0.41,0.44,0.0,0.02,18.0,16.0,62.0,1484.0,1519.0,1629.054931640625,1636.0,5362.0,1524.0
131071,B3CD5,300,1.0,7.0,X,0.015,0.41,0.44,0.0,0.02,1.0,17.0,1.0,1484.0,1519.0,1675.1517333984375,1682.0,0.0,1533.0
131070,E109B,300,8.0,8.0,X,0.02,0.2,0.22,0.0,0.02,18.0,15.0,27.0,1502.0,1542.0,1661.600341796875,1672.0,5294.0,1559.0
131069,87A17,300,7.0,8.0,X,0.022,0.2,0.22,0.0,0.02,16.0,2.0,32.0,1505.0,1535.0,1651.6656494140625,1653.0,4709.0,1551.0
131068,87A17,300,6.0,8.0,X,0.022,0.2,0.22,0.0,0.02,17.0,5.0,55.0,1505.0,1535.0,1652.606201171875,1658.0,4971.0,1530.0
131067,C2394,300,5.0,8.0,X,0.02,0.17,0.22,0.01,0.01,17.0,6.0,41.0,1502.0,1537.0,1659.3875732421875,1658.0,4934.0,1553.0
131066,C2394,300,4.0,8.0,X,0.02,0.17,0.22,0.01,0.01,17.0,16.0,61.0,1502.0,1537.0,1658.000244140625,1658.0,5004.0,1549.0
131065,C2394,300,3.0,8.0,X,0.02,0.17,0.22,0.01,0.01,17.0,15.0,26.0,1502.0,1537.0,1648.5863037109375,1648.0,5023.0,1536.0
131064,C2394,300,2.0,8.0,X,0.02,0.17,0.22,0.01,0.01,15.0,2.0,31.0,1502.0,1537.0,1651.927734375,1651.0,4423.0,1543.0
131063,C2394,300,1.0,8.0,X,0.02,0.17,0.22,0.01,0.01,16.0,5.0,54.0,1502.0,1537.0,1667.767333984375,1663.0,4677.0,1545.0
131062,0BFF6,300,6.0,6.0,X,0.0,0.93,1.0,0.006,0.0,16.0,6.0,40.0,1462.0,1488.0,1603.540771484375,1614.0,4633.0,1498.0
131059,0BFF6,300,3.0,6.0,X,0.0,0.93,1.0,0.006,0.0,14.0,2.0,30.0,1462.0,1488.0,1603.566650390625,1626.0,4105.0,1499.0
131058,0BFF6,300,2.0,6.0,X,0.0,0.93,1.0,0.006,0.0,15.0,5.0,53.0,1462.0,1488.0,1603.765625,1632.0,4359.0,1497.0
131057,0BFF6,300,1.0,6.0,X,0.0,0.93,1.0,0.006,0.0,15.0,6.0,39.0,1462.0,1488.0,1617.8651123046875,1646.0,4304.0,1511.0
131056,0BFF6,300,6.0,6.0,X,0.0,0.93,1.0,0.006,0.0,15.0,16.0,59.0,1462.0,1488.0,1606.4534912109375,1628.0,4369.0,1508.0
131055,0BFF6,300,5.0,6.0,X,0.0,0.93,1.0,0.006,0.0,15.0,15.0,24.0,1462.0,1488.0,1603.566650390625,1620.0,4377.0,1496.0
131054,0BFF6,300,4.0,6.0,X,0.0,0.93,1.0,0.006,0.0,13.0,2.0,29.0,1462.0,1488.0,1603.566650390625,1626.0,3788.0,1500.0
131053,EB041,300,3.0,6.0,X,0.0,0.94,1.0,0.0,0.0,14.0,5.0,52.0,1463.0,1489.0,1612.17041015625,1622.0,4050.0,1492.0
131052,EB041,300,2.0,6.0,X,0.0,0.94,1.0,0.0,0.0,14.0,6.0,38.0,1463.0,1489.0,1613.7039794921875,1620.0,4008.0,1491.0
131051,EB041,300,1.0,6.0,X,0.0,0.94,1.0,0.0,0.0,14.0,16.0,58.0,1463.0,1489.0,1622.457763671875,1621.0,4078.0,1494.0
131050,B248F,300,5.0,5.0,X,0.0,0.93,0.97,0.0,0.0,14.0,15.0,23.0,1462.0,1488.0,1608.7796630859375,1612.0,4075.0,1479.0
131049,B248F,300,4.0,5.0,X,0.0,0.93,0.97,0.0,0.0,12.0,2.0,28.0,1462.0,1488.0,1604.985595703125,1606.0,3487.0,1490.0
131048,B248F,300,3.0,5.0,X,0.0,0.93,0.97,0.0,0.0,13.0,5.0,51.0,1462.0,1488.0,1605.819580078125,1602.0,3743.0,1489.0
131047,B248F,300,2.0,5.0,X,0.0,0.93,0.97,0.0,0.0,13.0,6.0,37.0,1462.0,1488.0,1604.80908203125,1607.0,3698.0,1494.0
131046,B248F,300,1.0,5.0,X,0.0,0.93,0.97,0.0,0.0,13.0,16.0,57.0,1462.0,1488.0,1614.3636474609375,1620.0,3759.0,1491.0
131045,C635C,300,4.0,4.0,X,0.0,0.9,0.94,0.0,0.0,13.0,15.0,22.0,1460.0,1485.0,1606.9661865234375,1610.0,3760.0,1478.0
131044,C635C,300,3.0,4.0,X,0.0,0.9,0.94,0.0,0.0,11.0,2.0,27.0,1460.0,1485.0,1610.322998046875,1606.0,3170.0,1490.0
131043,C635C,300,2.0,4.0,X,0.0,0.9,0.94,0.0,0.0,12.0,5.0,50.0,1460.0,1485.0,1604.742431640625,1608.0,3417.0,1493.0
131042,B248F,300,1.0,5.0,X,0.0,0.93,0.97,0.0,0.0,12.0,6.0,36.0,1462.0,1488.0,1618.8092041015625,,3354.0,1486.0
131041,DDC4A,300,6.0,6.0,X,0.01,0.32,0.38,0.0,0.0,12.0,16.0,56.0,1493.0,1543.0,1668.6043701171875,1670.0,3428.0,1539.0
131040,DDC4A,300,5.0,6.0,X,0.01,0.32,0.38,0.0,0.0,12.0,15.0,21.0,1493.0,1543.0,1664.9761962890625,1665.0,3449.0,1541.0
131039,2CC2D,300,4.0,6.0,X,0.015,0.08,0.11,0.0,0.0,10.0,2.0,26.0,1522.0,1557.0,1675.98291015625,1681.0,2867.0,1549.0
131038,A0D69,300,3.0,6.0,X,0.02,0.18,0.21,0.0,0.0,11.0,5.0,49.0,1510.0,1550.0,1668.8447265625,1672.0,3132.0,1551.0
131037,A0D69,300,2.0,6.0,X,0.02,0.18,0.21,0.0,0.0,11.0,6.0,35.0,1510.0,1550.0,1661.5850830078125,1673.0,3095.0,1551.0
131036,A0D69,300,1.0,6.0,X,0.02,0.18,0.21,0.0,0.0,11.0,16.0,55.0,1510.0,1550.0,1686.5377197265625,1691.0,3153.0,1564.0
131035,A0D69,150,8.0,8.0,X,0.02,0.18,0.21,0.0,0.0,11.0,15.0,20.0,1510.0,1555.0,1658.497314453125,1670.0,3094.0,1551.0
131034,2737C,150,7.0,8.0,X,0.005,0.45,0.49,0.0,0.015,9.0,2.0,25.0,1480.0,1525.0,1620.1727294921875,1635.0,2513.0,1526.0
131033,CB239,150,6.0,8.0,V,0.0,0.69,0.73,0.012,0.06,10.0,5.0,48.0,1474.0,1509.0,1615.707763671875,1628.0,2772.0,1523.0
131032,81216,150,5.0,8.0,V,0.0,0.68,0.73,0.01,0.06,10.0,6.0,34.0,1474.0,1509.0,1600.9727783203125,1611.0,2732.0,1515.0
131031,81216,150,4.0,8.0,V,0.0,0.68,0.73,0.01,0.06,10.0,16.0,54.0,1474.0,1509.0,1599.39013671875,1588.0,2808.0,1504.0
131030,BB21B,150,3.0,8.0,V,0.0,0.45,0.48,0.018,0.05,10.0,15.0,19.0,1472.0,1517.0,1637.7349853515625,1636.0,2822.0,1524.0
131029,BB21B,150,2.0,8.0,V,0.0,0.45,0.48,0.018,0.05,8.0,2.0,24.0,1472.0,1517.0,1621.9971923828125,1620.0,2210.0,1531.0
131028,BB21B,150,1.0,8.0,V,0.0,0.45,0.48,0.018,0.05,9.0,5.0,47.0,1472.0,1517.0,1634.942626953125,1635.0,2466.0,1521.0
131027,47D7D,150,7.0,7.0,X,0.0,0.37,0.41,0.011,0.08,9.0,6.0,33.0,1480.0,1530.0,1623.558349609375,1632.0,2419.0,1533.0
131026,47D7D,150,6.0,7.0,X,0.0,0.37,0.41,0.011,0.08,9.0,16.0,53.0,1480.0,1530.0,1620.673095703125,1623.0,2489.0,1522.0
131025,47D7D,150,5.0,7.0,X,0.0,0.37,0.41,0.011,0.08,9.0,15.0,18.0,1480.0,1530.0,1622.5145263671875,1626.0,2493.0,1524.0
131024,47D7D,150,4.0,7.0,X,0.0,0.37,0.41,0.011,0.08,7.0,2.0,23.0,1480.0,1530.0,1630.9595947265625,1638.0,1902.0,1527.0
131023,47D7D,150,3.0,7.0,X,0.0,0.37,0.41,0.011,0.08,8.0,5.0,46.0,1480.0,1530.0,1630.7110595703125,1638.0,2157.0,1539.0
131022,47D7D,150,2.0,7.0,X,0.0,0.37,0.41,0.011,0.08,8.0,6.0,32.0,1480.0,1530.0,1628.5340576171875,1637.0,2107.0,1525.0
131021,47D7D,150,1.0,7.0,X,0.0,0.37,0.41,0.011,0.08,8.0,16.0,52.0,1480.0,1530.0,1654.9736328125,1656.0,2180.0,1542.0
131020,A7B3C,150,2.0,2.0,X,0.025,0.2,0.23,0.01,0.01,8.0,15.0,17.0,1504.0,1549.0,1650.7474365234375,1664.0,2192.0,1560.0
131019,9C4F0,150,1.0,2.0,X,0.015,0.18,0.23,0.01,0.0,6.0,2.0,22.0,1504.0,1549.0,1678.0723876953125,1673.0,1593.0,1557.0
131018,9E44C,150,5.0,5.0,X,0.02,0.18,0.2,0.01,0.02,7.0,5.0,45.0,1500.0,1540.0,1650.9332275390625,1673.0,1862.0,1558.0
131017,9E44C,150,4.0,5.0,X,0.02,0.18,0.2,0.01,0.02,7.0,6.0,31.0,1500.0,1540.0,1659.8450927734375,1657.0,1815.0,1548.0
131016,9E44C,150,3.0,5.0,X,0.02,0.18,0.2,0.01,0.02,7.0,16.0,51.0,1500.0,1540.0,1658.4588623046875,1674.0,1885.0,1551.0
131015,E60DC,150,2.0,5.0,X,0.02,0.18,0.2,0.01,0.0,7.0,15.0,16.0,1504.0,1544.0,1653.77587890625,1662.0,1901.0,1545.0
131014,D2FCF,150,1.0,5.0,X,0.015,0.19,0.21,0.01,0.02,5.0,2.0,21.0,1500.0,1545.0,1675.658935546875,1678.0,1316.0,1552.0
131013,59F71,150,8.0,8.0,X,0.02,0.19,0.22,0.008,0.0,6.0,5.0,44.0,1502.0,1547.0,1652.8031005859375,1677.0,1577.0,1557.0
131012,68448,150,7.0,8.0,X,0.02,0.15,0.17,0.008,0.02,6.0,6.0,30.0,1507.0,1551.0,1666.1495361328125,1676.0,1539.0,1565.0
131011,FB109,150,6.0,8.0,X,0.02,0.17,0.19,0.008,0.02,6.0,16.0,50.0,1507.0,1552.0,1669.60791015625,1671.0,1612.0,1568.0
131010,FB109,150,5.0,8.0,X,0.02,0.17,0.19,0.008,0.02,6.0,15.0,15.0,1507.0,1552.0,1661.986083984375,1677.0,1622.0,1562.0
131009,FB109,150,4.0,8.0,X,0.02,0.17,0.19,0.008,0.02,4.0,2.0,20.0,1507.0,1552.0,1665.6475830078125,1665.0,1044.0,1556.0
131008,FB109,150,3.0,8.0,X,0.02,0.17,0.19,0.008,0.02,5.0,5.0,43.0,1507.0,1552.0,1664.59228515625,1669.0,1305.0,1560.0
131007,FB109,150,2.0,8.0,X,0.02,0.17,0.19,0.008,0.02,5.0,6.0,29.0,1507.0,1552.0,1665.9498291015625,1662.0,1246.0,1552.0
131006,3EFD8,150,1.0,8.0,X,0.005,0.33,0.36,0.0,0.02,5.0,16.0,49.0,1490.0,1540.0,1669.8890380859375,1671.0,1317.0,1547.0
131005,7F484,150,7.0,7.0,X,0.02,0.15,0.17,0.008,0.02,5.0,15.0,14.0,1512.0,1557.0,1664.546142578125,1688.0,1335.0,1562.0
131004,CA2FD,150,6.0,7.0,X,0.02,0.15,0.17,0.009,0.02,3.0,2.0,19.0,1507.0,1551.0,1662.1361083984375,1673.0,750.0,1553.0
131003,CA2FD,150,5.0,7.0,X,0.02,0.15,0.17,0.009,0.02,4.0,5.0,42.0,1507.0,1551.0,1660.9227294921875,1668.0,1012.0,1556.0
131002,CA2FD,150,4.0,7.0,X,0.02,0.15,0.17,0.009,0.02,4.0,6.0,28.0,1507.0,1551.0,1665.4720458984375,1669.0,976.0,1537.0
131001,E7999,150,3.0,7.0,X,0.02,0.16,0.18,0.012,0.01,4.0,16.0,48.0,1506.0,1551.0,1674.3544921875,1673.0,911.0,1554.0
131000,E7999,150,3.0,8.0,X,0.02,0.16,0.18,0.012,0.01,4.0,15.0,13.0,1506.0,1551.0,1673.7393798828125,1666.0,893.0,1555.0
130999,E7999,150,2.0,8.0,X,0.02,0.16,0.18,0.012,0.01,2.0,2.0,18.0,1506.0,1551.0,1675.72509765625,1687.0,308.0,1554.0
130998,E7999,150,1.0,8.0,X,0.02,0.16,0.18,0.012,0.01,3.0,5.0,41.0,1506.0,1551.0,1689.6629638671875,1689.0,569.0,
130997,AB910,150,5.0,5.0,X,0.02,0.4,0.45,0.0,0.02,3.0,6.0,27.0,1483.0,1538.0,1643.23876953125,1645.0,528.0,1549.0
130996,AB910,150,4.0,5.0,X,0.02,0.4,0.45,0.0,0.02,3.0,16.0,47.0,1483.0,1538.0,1645.40380859375,1648.0,593.0,1550.0
130995,AB910,150,3.0,5.0,X,0.02,0.4,0.45,0.0,0.02,3.0,15.0,12.0,1483.0,1538.0,1644.3970947265625,1645.0,591.0,1550.0
130994,AB910,150,2.0,5.0,X,0.02,0.4,0.45,0.0,0.02,1.0,2.0,17.0,1483.0,1538.0,1659.5518798828125,1657.0,0.0,1540.0
130993,509A2,150,1.0,5.0,X,0.015,0.42,0.44,0.0,0.015,2.0,5.0,40.0,1482.0,1527.0,1645.1796875,1665.0,263.0,1538.0
130992,B0EC5,150,7.0,7.0,V,0.01,0.36,0.39,0.015,0.02,2.0,6.0,26.0,1480.0,1530.0,1645.3382568359375,1665.0,220.0,1553.0
130991,B7DF0,150,6.0,7.0,X,0.015,0.38,0.42,0.0,0.02,2.0,16.0,46.0,1486.0,1531.0,1621.5892333984375,1625.0,274.0,1540.0
130990,81216,150,5.0,7.0,V,0.0,0.68,0.73,0.01,0.06,2.0,15.0,11.0,1474.0,1509.0,1600.92333984375,1598.0,285.0,1518.0
130989,81216,150,4.0,7.0,V,0.0,0.68,0.73,0.01,0.06,1.0,5.0,39.0,1474.0,1509.0,1623.9615478515625,1635.0,0.0,1521.0
130988,9A58C,150,3.0,7.0,X,0.0,0.37,0.45,0.008,0.08,1.0,6.0,25.0,1480.0,1530.0,1647.8011474609375,1680.0,0.0,1550.0
130987,9A58C,150,2.0,7.0,X,0.0,0.37,0.45,0.008,0.08,1.0,16.0,45.0,1480.0,1530.0,1646.40869140625,1657.0,0.0,1536.0
130986,9A58C,150,1.0,7.0,X,0.0,0.37,0.45,0.008,0.08,1.0,15.0,10.0,1480.0,1530.0,1666.7930908203125,1665.0,0.0,1532.0
130985,7B0D4,300,4.0,4.0,X,0.01,0.47,0.5,0.0,0.02,17.0,16.0,44.0,1483.0,1523.0,1630.6051025390625,1661.0,4898.0,1535.0
130984,7B0D4,300,3.0,4.0,X,0.01,0.47,0.5,0.0,0.02,14.0,4.0,37.0,1483.0,1523.0,1634.8233642578125,1637.0,3910.0,1534.0
130983,7B0D4,300,2.0,7.0,X,0.01,0.47,0.5,0.0,0.02,15.0,6.0,24.0,1483.0,1523.0,1625.99169921875,1635.0,4204.0,1537.0
130982,7B0D4,300,1.0,7.0,X,0.01,0.47,0.5,0.0,0.02,16.0,2.0,16.0,1483.0,1523.0,1652.0733642578125,1656.0,4490.0,1526.0
130981,EF256,300,4.0,4.0,B,0.015,0.56,0.64,0.0,0.0,9.0,15.0,9.0,1481.0,1526.0,1642.8828125,1658.0,2491.0,1527.0
130980,EF256,300,3.0,4.0,B,0.015,0.56,0.64,0.0,0.0,16.0,16.0,43.0,1481.0,1526.0,1640.80810546875,1641.0,4572.0,1531.0
130979,EF256,300,2.0,4.0,B,0.015,0.56,0.64,0.0,0.0,13.0,4.0,36.0,1481.0,1526.0,1635.1676025390625,1638.0,3538.0,1532.0
130978,EF256,300,1.0,4.0,B,0.015,0.56,0.64,0.0,0.0,14.0,6.0,23.0,1481.0,1526.0,1649.6781005859375,1643.0,3842.0,1537.0
130977,59A4E,300,6.0,6.0,X,0.01,0.19,0.21,0.01,0.02,15.0,2.0,15.0,1503.0,1543.0,1668.5396728515625,1655.0,4134.0,1546.0
130976,59A4E,300,5.0,6.0,X,0.01,0.19,0.21,0.01,0.02,8.0,15.0,8.0,1503.0,1543.0,1661.7711181640625,1666.0,2147.0,1549.0
130975,59A4E,300,4.0,6.0,X,0.01,0.19,0.21,0.01,0.02,15.0,16.0,42.0,1503.0,1543.0,1663.5137939453125,1665.0,4255.0,1553.0
130974,C33FA,300,3.0,6.0,X,0.015,0.24,0.27,0.008,0.02,12.0,4.0,35.0,1499.0,1539.0,1659.0235595703125,1663.0,3262.0,1544.0
130973,C33FA,300,2.0,6.0,X,0.015,0.24,0.27,0.008,0.02,13.0,6.0,22.0,1499.0,1539.0,1652.89990234375,1662.0,3546.0,1550.0
130972,C33FA,300,1.0,6.0,X,0.015,0.24,0.27,0.008,0.02,14.0,2.0,14.0,1499.0,1539.0,1674.5777587890625,1676.0,3823.0,1548.0
130971,77C04,300,4.0,4.0,X,0.02,0.17,0.22,0.01,0.01,7.0,15.0,7.0,1502.0,1547.0,1663.266845703125,1673.0,1837.0,1556.0
130970,77C04,300,3.0,4.0,X,0.02,0.17,0.22,0.01,0.01,14.0,16.0,41.0,1502.0,1547.0,1666.7147216796875,1681.0,3934.0,1566.0
130969,77C04,300,2.0,4.0,X,0.02,0.17,0.22,0.01,0.01,11.0,4.0,34.0,1502.0,1547.0,1666.6361083984375,1668.0,2940.0,1559.0
130968,77C04,300,1.0,4.0,X,0.02,0.17,0.22,0.01,0.01,12.0,6.0,21.0,1502.0,1547.0,1688.777587890625,1691.0,3247.0,1560.0
130967,E86A6,300,5.0,5.0,X,0.018,0.28,0.31,0.007,0.015,13.0,2.0,13.0,1497.0,1537.0,1653.1680908203125,1661.0,3538.0,1554.0
130966,E86A6,300,4.0,5.0,X,0.018,0.28,0.31,0.007,0.015,6.0,15.0,6.0,1497.0,1537.0,1656.367431640625,1659.0,1541.0,1551.0
130965,A7B3C,300,3.0,5.0,X,0.025,0.2,0.23,0.01,0.01,13.0,16.0,40.0,1504.0,1549.0,1678.191650390625,1674.0,3646.0,1555.0
130964,A7B3C,300,2.0,5.0,X,0.025,0.2,0.23,0.01,0.01,10.0,4.0,33.0,1504.0,1549.0,1664.161865234375,1682.0,2644.0,1558.0
130963,E86A6,300,5.0,6.0,X,0.018,0.28,0.31,0.007,0.015,11.0,6.0,21.0,1497.0,1537.0,1654.7275390625,,2913.0,1549.0
130962,E86A6,300,4.0,6.0,X,0.018,0.28,0.31,0.007,0.015,12.0,2.0,12.0,1497.0,1537.0,1656.27734375,1657.0,3208.0,1545.0
130961,E86A6,300,3.0,6.0,X,0.018,0.28,0.31,0.007,0.015,5.0,15.0,5.0,1497.0,1537.0,1662.4547119140625,1657.0,1228.0,1546.0
130960,E86A6,300,2.0,6.0,X,0.018,0.28,0.31,0.007,0.015,12.0,16.0,38.0,1497.0,1537.0,1651.9962158203125,1666.0,3305.0,1548.0
130959,E86A6,300,1.0,3.0,X,0.018,0.28,0.31,0.007,0.015,9.0,4.0,31.0,1497.0,1537.0,1666.7412109375,1670.0,2320.0,1540.0
130958,E86A6,300,3.0,6.0,X,0.018,0.28,0.31,0.007,0.015,10.0,6.0,20.0,1497.0,1537.0,1653.653076171875,1666.0,2599.0,1553.0
130957,E86A6,300,2.0,6.0,X,0.018,0.28,0.31,0.007,0.015,11.0,2.0,11.0,1497.0,1537.0,1653.984375,1655.0,2896.0,1536.0
130956,E86A6,300,1.0,6.0,X,0.018,0.28,0.31,0.007,0.015,4.0,15.0,4.0,1497.0,1537.0,1666.6763916015625,1673.0,907.0,1536.0
130955,E86A6,300,7.0,7.0,X,0.018,0.28,0.31,0.007,0.015,11.0,16.0,37.0,1497.0,1537.0,1654.604248046875,1670.0,3017.0,1542.0
130954,E86A6,300,6.0,7.0,X,0.018,0.28,0.31,0.007,0.015,8.0,4.0,30.0,1497.0,1537.0,1659.4638671875,1666.0,2028.0,1549.0
130953,E86A6,300,5.0,7.0,X,0.018,0.28,0.31,0.007,0.015,9.0,6.0,19.0,1497.0,1537.0,1652.582275390625,1662.0,2331.0,1547.0
130952,E86A6,300,4.0,7.0,X,0.018,0.28,0.31,0.007,0.015,10.0,2.0,10.0,1497.0,1537.0,1653.090087890625,1659.0,2628.0,1527.0
130951,E86A6,300,3.0,7.0,X,0.018,0.28,0.31,0.007,0.015,3.0,15.0,3.0,1497.0,1537.0,1651.95361328125,1666.0,640.0,1536.0
130950,E86A6,300,2.0,7.0,X,0.018,0.28,0.31,0.007,0.015,10.0,16.0,36.0,1497.0,1537.0,1647.823486328125,1653.0,2735.0,1550.0
130949,E86A6,300,1.0,7.0,X,0.018,0.28,0.31,0.007,0.015,7.0,4.0,29.0,1497.0,1537.0,1664.7138671875,1668.0,1747.0,1547.0
130948,CB239,300,2.0,2.0,V,0.0,0.69,0.73,0.012,0.06,8.0,6.0,18.0,1474.0,1499.0,1615.6334228515625,1615.0,1985.0,1509.0
130947,F5743,300,7.0,8.0,V,0.0,0.69,0.72,0.008,0.055,9.0,2.0,9.0,1476.0,1501.0,1618.0406494140625,1614.0,2282.0,1506.0
130946,3B7FC,300,6.0,8.0,X,0.005,0.46,0.5,0.0,0.015,2.0,15.0,2.0,1480.0,1525.0,1649.66943359375,1651.0,292.0,1530.0
130945,3B7FC,300,5.0,8.0,X,0.005,0.46,0.5,0.0,0.015,9.0,16.0,35.0,1480.0,1525.0,1641.7041015625,1642.0,2395.0,1524.0
130944,3B7FC,300,4.0,8.0,X,0.005,0.46,0.5,0.0,0.015,6.0,4.0,28.0,1480.0,1525.0,1635.454833984375,1637.0,1396.0,1537.0
130943,11307,300,3.0,8.0,X,0.01,0.45,0.5,0.0,0.02,7.0,6.0,17.0,1480.0,1520.0,1628.4119873046875,1628.0,1703.0,1529.0
130942,27A7C,300,2.0,8.0,X,0.02,0.43,0.47,0.0,0.015,8.0,2.0,8.0,1480.0,1515.0,1633.6370849609375,1641.0,1976.0,1531.0
130941,4D097,300,1.0,8.0,X,0.015,0.51,0.55,0.0,0.01,1.0,15.0,1.0,1487.0,1527.0,1681.2818603515625,1699.0,0.0,1524.0
130940,EB957,300,6.0,6.0,X,0.015,0.53,0.56,0.0,0.01,8.0,16.0,34.0,1486.0,1536.0,1659.0267333984375,1675.0,2110.0,1534.0
130939,EC630,300,5.0,6.0,X,0.005,0.55,0.57,0.009,0.0,5.0,4.0,27.0,1485.0,1535.0,1661.6865234375,1659.0,1128.0,1548.0
130938,EC630,300,4.0,6.0,X,0.005,0.55,0.57,0.009,0.0,6.0,6.0,16.0,1485.0,1535.0,1660.3087158203125,1659.0,1436.0,1535.0
130937,D033D,300,3.0,6.0,X,0.02,0.47,0.49,0.009,0.0,7.0,2.0,7.0,1480.0,1515.0,1633.667236328125,1636.0,1704.0,1525.0
130936,116A5,300,2.0,6.0,X,0.02,0.5,0.52,0.0,0.0,13.0,7.0,57.0,1488.0,1528.0,1647.0897216796875,1653.0,3895.0,1536.0
130935,116A5,300,1.0,6.0,X,0.02,0.5,0.52,0.0,0.0,7.0,16.0,33.0,1488.0,1528.0,1661.8028564453125,1665.0,1833.0,1527.0
130934,DE12C,300,9.0,9.0,X,0.02,0.53,0.55,0.0,0.02,4.0,4.0,26.0,1486.0,1536.0,1658.8453369140625,1678.0,843.0,1544.0
130933,DE12C,300,8.0,9.0,X,0.02,0.53,0.55,0.0,0.02,5.0,6.0,15.0,1486.0,1536.0,1651.4661865234375,1660.0,1147.0,1543.0
130932,DE12C,300,7.0,9.0,X,0.02,0.53,0.55,0.0,0.02,6.0,2.0,6.0,1486.0,1536.0,1652.361083984375,1664.0,1433.0,1545.0
130931,DE12C,300,6.0,9.0,X,0.02,0.53,0.55,0.0,0.02,12.0,7.0,56.0,1486.0,1536.0,1655.135009765625,1666.0,3622.0,1541.0
130930,DE12C,300,5.0,9.0,X,0.02,0.53,0.55,0.0,0.02,6.0,16.0,32.0,1486.0,1536.0,1656.2208251953125,1659.0,1554.0,1539.0
130929,DE12C,300,4.0,9.0,X,0.02,0.53,0.55,0.0,0.02,3.0,4.0,25.0,1486.0,1536.0,1657.155029296875,1656.0,565.0,1547.0
130928,DE12C,300,3.0,9.0,X,0.02,0.53,0.55,0.0,0.02,4.0,6.0,14.0,1486.0,1536.0,1657.891357421875,1661.0,858.0,1546.0
130927,DE12C,300,2.0,9.0,X,0.02,0.53,0.55,0.0,0.02,5.0,2.0,5.0,1486.0,1536.0,1656.28955078125,1661.0,1137.0,1538.0
130926,DE12C,300,5.0,7.0,X,0.02,0.53,0.55,0.0,0.02,11.0,7.0,55.0,1486.0,1536.0,1654.520263671875,1673.0,3324.0,1547.0
130925,DE12C,300,4.0,7.0,X,0.02,0.53,0.55,0.0,0.02,2.0,4.0,24.0,1486.0,1536.0,1661.2508544921875,1654.0,317.0,1539.0
130924,DE12C,300,3.0,7.0,X,0.02,0.53,0.55,0.0,0.02,5.0,16.0,31.0,1486.0,1536.0,1665.1639404296875,1662.0,1169.0,1536.0
130923,DE12C,300,2.0,7.0,X,0.02,0.53,0.55,0.0,0.02,3.0,6.0,13.0,1486.0,1536.0,1660.6632080078125,1662.0,524.0,1534.0
130922,DE12C,300,1.0,7.0,X,0.02,0.53,0.55,0.0,0.02,4.0,2.0,4.0,1486.0,1536.0,1670.0384521484375,1672.0,808.0,1545.0
130921,4A0F0,300,2.0,2.0,X,0.0,0.39,0.42,0.0,0.03,10.0,7.0,54.0,1488.0,1528.0,1649.135009765625,1647.0,2994.0,1533.0
130920,4A0F0,300,1.0,2.0,X,0.0,0.39,0.42,0.0,0.03,1.0,4.0,23.0,1488.0,1528.0,1670.4854736328125,1672.0,0.0,1544.0
130919,5AF4D,300,7.0,7.0,V,0.006,0.43,0.46,0.015,0.06,4.0,16.0,30.0,1470.0,1515.0,1625.1378173828125,1631.0,884.0,1525.0
130918,5AF4D,300,6.0,7.0,V,0.006,0.43,0.46,0.015,0.06,2.0,6.0,12.0,1470.0,1515.0,1627.3543701171875,1632.0,262.0,1521.0
130917,5AF4D,300,5.0,7.0,V,0.006,0.43,0.46,0.015,0.06,3.0,2.0,3.0,1470.0,1515.0,1627.637939453125,1635.0,556.0,1513.0
130916,5AF4D,300,4.0,7.0,V,0.006,0.43,0.46,0.015,0.06,13.0,8.0,62.0,1470.0,1515.0,1617.4559326171875,1629.0,3538.0,1520.0
130915,5AF4D,300,3.0,7.0,V,0.006,0.43,0.46,0.015,0.06,9.0,7.0,53.0,1470.0,1515.0,1619.794189453125,1633.0,2687.0,1519.0
130914,5AF4D,300,2.0,7.0,V,0.006,0.43,0.46,0.015,0.06,3.0,16.0,29.0,1470.0,1515.0,1618.7298583984375,1632.0,627.0,1519.0
130913,5AF4D,300,1.0,7.0,V,0.006,0.43,0.46,0.015,0.06,1.0,6.0,11.0,1470.0,1515.0,1665.0751953125,1661.0,0.0,1508.0
130912,5AF4D,300,8.0,8.0,V,0.006,0.43,0.46,0.015,0.06,2.0,2.0,2.0,1470.0,1515.0,1634.1705322265625,1644.0,239.0,1516.0
130911,5AF4D,300,7.0,8.0,V,0.006,0.43,0.46,0.015,0.06,12.0,8.0,61.0,1470.0,1515.0,1624.828125,1625.0,3254.0,1529.0
130910,5AF4D,300,6.0,8.0,V,0.006,0.43,0.46,0.015,0.06,8.0,7.0,52.0,1470.0,1515.0,1620.7216796875,1637.0,2405.0,1528.0
130909,5AF4D,300,5.0,8.0,V,0.006,0.43,0.46,0.015,0.06,2.0,16.0,28.0,1470.0,1515.0,1631.9925537109375,1635.0,338.0,1523.0
130908,5AF4D,300,4.0,8.0,V,0.006,0.43,0.46,0.015,0.06,11.0,4.0,22.0,1470.0,1515.0,1638.4466552734375,1642.0,3220.0,1530.0
130907,5AF4D,300,3.0,8.0,V,0.006,0.43,0.46,0.015,0.06,1.0,2.0,1.0,1470.0,1515.0,1648.901611328125,1666.0,0.0,1525.0
130906,D63DF,300,2.0,8.0,V,0.005,0.37,0.4,0.01,0.03,11.0,8.0,60.0,1480.0,1525.0,1635.3975830078125,1639.0,2979.0,1535.0
130905,D63DF,300,1.0,2.0,V,0.005,0.37,0.4,0.01,0.03,7.0,7.0,51.0,1480.0,1525.0,1659.3173828125,1671.0,2136.0,1536.0
130904,D63DF,300,4.0,6.0,V,0.005,0.37,0.4,0.01,0.03,1.0,16.0,27.0,1480.0,1525.0,1649.0380859375,1658.0,0.0,1534.0
130903,D63DF,300,4.0,7.0,V,0.005,0.37,0.4,0.01,0.03,1.0,6.0,10.0,1480.0,1525.0,1649.8800048828125,1660.0,0.0,1531.0
130902,D63DF,300,3.0,7.0,V,0.005,0.37,0.4,0.01,0.03,10.0,8.0,59.0,1480.0,1525.0,1630.4140625,1633.0,2555.0,1520.0
130901,D63DF,300,2.0,7.0,V,0.005,0.37,0.4,0.01,0.03,10.0,4.0,21.0,1480.0,1525.0,1641.6539306640625,1650.0,2628.0,1523.0
130900,D63DF,300,1.0,7.0,V,0.005,0.37,0.4,0.01,0.03,6.0,7.0,50.0,1480.0,1525.0,1653.2159423828125,1656.0,1564.0,1533.0
130899,D63DF,300,7.0,7.0,V,0.005,0.37,0.4,0.01,0.03,9.0,16.0,26.0,1480.0,1525.0,1636.530029296875,1647.0,2183.0,1532.0
130898,D63DF,300,6.0,7.0,V,0.005,0.37,0.4,0.01,0.03,9.0,8.0,58.0,1480.0,1525.0,1633.83642578125,1644.0,2190.0,1530.0
130897,D63DF,300,5.0,7.0,V,0.005,0.37,0.4,0.01,0.03,9.0,6.0,9.0,1480.0,1525.0,1635.0244140625,1647.0,2193.0,1524.0
130896,D63DF,300,4.0,7.0,V,0.005,0.37,0.4,0.01,0.03,9.0,4.0,20.0,1480.0,1525.0,1634.867431640625,1645.0,2223.0,1523.0
130895,D63DF,300,3.0,7.0,V,0.005,0.37,0.4,0.01,0.03,5.0,7.0,49.0,1480.0,1525.0,1633.7342529296875,1643.0,1237.0,1528.0
130894,D63DF,300,2.0,7.0,V,0.005,0.37,0.4,0.01,0.03,8.0,16.0,25.0,1480.0,1525.0,1635.611328125,1642.0,1909.0,1525.0
130893,D63DF,300,1.0,7.0,V,0.005,0.37,0.4,0.01,0.03,8.0,8.0,57.0,1480.0,1525.0,1662.5155029296875,1668.0,1913.0,1530.0
130892,D63DF,300,8.0,8.0,V,0.005,0.37,0.4,0.01,0.03,8.0,6.0,8.0,1480.0,1525.0,1635.392822265625,1658.0,1915.0,1532.0
130891,D63DF,300,7.0,8.0,V,0.005,0.37,0.4,0.01,0.03,8.0,4.0,19.0,1480.0,1525.0,1635.533447265625,1633.0,1948.0,1527.0
130890,D63DF,300,6.0,7.0,V,0.005,0.37,0.4,0.01,0.03,4.0,7.0,48.0,1480.0,1525.0,1634.1182861328125,1641.0,974.0,1527.0
130889,D63DF,300,5.0,7.0,V,0.005,0.37,0.4,0.01,0.03,7.0,16.0,24.0,1480.0,1525.0,1634.9569091796875,,1641.0,1517.0
130888,B7DF0,300,4.0,7.0,X,0.015,0.38,0.42,0.0,0.02,7.0,8.0,56.0,1486.0,1531.0,1650.6527099609375,1658.0,1658.0,1535.0
130887,6D507,300,3.0,7.0,X,0.02,0.27,0.29,0.009,0.02,7.0,6.0,7.0,1500.0,1540.0,1661.68310546875,1668.0,1652.0,1545.0
130886,6D507,300,2.0,7.0,X,0.02,0.27,0.29,0.009,0.02,7.0,4.0,18.0,1500.0,1540.0,1667.5771484375,1681.0,1671.0,1544.0
130885,8CEF4,300,1.0,7.0,X,0.01,0.29,0.34,0.0,0.0,3.0,7.0,47.0,1494.0,1534.0,1662.451171875,1672.0,690.0,1544.0
130884,9A58C,300,4.0,4.0,X,0.0,0.37,0.45,0.008,0.08,6.0,16.0,23.0,1480.0,1525.0,1631.2857666015625,1654.0,1354.0,1536.0
130883,9A58C,300,3.0,4.0,X,0.0,0.37,0.45,0.008,0.08,6.0,8.0,55.0,1480.0,1525.0,1627.8280029296875,1631.0,1359.0,1523.0
130882,9A58C,300,2.0,4.0,X,0.0,0.37,0.45,0.008,0.08,6.0,6.0,6.0,1480.0,1525.0,1631.804931640625,1633.0,1347.0,1531.0
130881,9A58C,300,1.0,4.0,X,0.0,0.37,0.45,0.008,0.08,6.0,4.0,17.0,1480.0,1525.0,1647.7509765625,1646.0,1285.0,1528.0
130880,A0D69,300,8.0,8.0,X,0.02,0.18,0.21,0.0,0.0,2.0,7.0,46.0,1510.0,1550.0,1658.4212646484375,1664.0,293.0,1541.0
130879,5146B,300,7.0,8.0,X,0.005,0.45,0.48,0.0,0.0,5.0,16.0,22.0,1481.0,1526.0,1655.556884765625,1653.0,959.0,1526.0
130878,5146B,300,6.0,8.0,X,0.005,0.45,0.48,0.0,0.0,5.0,8.0,54.0,1481.0,1526.0,1656.5284423828125,1657.0,973.0,1543.0
130877,1E6E6,300,5.0,8.0,X,0.025,0.19,0.23,0.01,0.015,5.0,6.0,5.0,1505.0,1545.0,1661.33349609375,1653.0,954.0,1551.0
130876,1E6E6,300,4.0,8.0,X,0.025,0.19,0.23,0.01,0.015,5.0,4.0,16.0,1505.0,1545.0,1659.990234375,1653.0,981.0,1544.0
130875,E109B,300,3.0,8.0,X,0.02,0.2,0.22,0.0,0.02,1.0,7.0,45.0,1502.0,1542.0,1662.0899658203125,1664.0,0.0,1541.0
130874,87A17,300,2.0,8.0,X,0.022,0.2,0.22,0.0,0.02,4.0,16.0,21.0,1505.0,1535.0,1649.226806640625,1654.0,674.0,1548.0
130873,C2394,300,1.0,8.0,X,0.02,0.17,0.22,0.01,0.01,4.0,8.0,53.0,1502.0,1537.0,1665.2353515625,1656.0,689.0,1551.0
130872,7FEAB,300,5.0,5.0,X,0.02,0.2,0.22,0.009,0.02,4.0,6.0,4.0,1506.0,1546.0,1659.644775390625,1672.0,691.0,1557.0
130871,7FEAB,300,4.0,5.0,X,0.02,0.2,0.22,0.009,0.02,4.0,4.0,15.0,1506.0,1546.0,1661.04052734375,1677.0,716.0,1554.0
130870,7FEAB,300,3.0,5.0,X,0.02,0.2,0.22,0.009,0.02,3.0,16.0,20.0,1506.0,1546.0,1662.0599365234375,1669.0,454.0,1547.0
130869,7FEAB,300,2.0,5.0,X,0.02,0.2,0.22,0.009,0.02,3.0,8.0,52.0,1506.0,1546.0,1660.2459716796875,1673.0,466.0,1553.0
130868,7FEAB,300,1.0,5.0,X,0.02,0.2,0.22,0.009,0.02,3.0,6.0,3.0,1506.0,1546.0,1706.2188720703125,1711.0,463.0,1566.0
130867,248B5,300,9.0,9.0,X,0.02,0.21,0.23,0.009,0.02,3.0,4.0,14.0,1506.0,1551.0,1673.26025390625,1686.0,489.0,1560.0
130866,248B5,300,8.0,9.0,X,0.02,0.21,0.23,0.009,0.02,2.0,16.0,19.0,1506.0,1551.0,1668.6326904296875,1676.0,232.0,1556.0
130865,248B5,300,7.0,9.0,X,0.02,0.21,0.23,0.009,0.02,2.0,8.0,51.0,1506.0,1551.0,1671.7672119140625,1678.0,245.0,1547.0
130864,248B5,300,6.0,9.0,X,0.02,0.21,0.23,0.009,0.02,2.0,6.0,2.0,1506.0,1551.0,1675.9205322265625,1677.0,243.0,1555.0
130863,248B5,300,5.0,9.0,X,0.02,0.21,0.23,0.009,0.02,2.0,4.0,13.0,1506.0,1551.0,1670.259765625,1679.0,269.0,1553.0
130862,248B5,300,4.0,9.0,X,0.02,0.21,0.23,0.009,0.02,1.0,16.0,18.0,1506.0,1551.0,1682.1427001953125,1687.0,0.0,1559.0
130861,248B5,300,3.0,9.0,X,0.02,0.21,0.23,0.009,0.02,1.0,8.0,50.0,1506.0,1551.0,1682.447509765625,1688.0,0.0,1549.0
130860,D398B,300,2.0,9.0,X,0.02,0.2,0.22,0.009,0.02,1.0,6.0,1.0,1506.0,1551.0,1689.519775390625,1714.0,0.0,1564.0
130859,D398B,300,1.0,9.0,X,0.02,0.2,0.22,0.009,0.02,1.0,4.0,12.0,1506.0,1551.0,1710.2144775390625,1713.0,0.0,1551.0
130858,59A4E,300,3.0,3.0,X,0.01,0.19,0.21,0.01,0.02,16.0,8.0,49.0,1503.0,1543.0,1667.780517578125,1674.0,4298.0,1555.0
130857,C33FA,300,2.0,5.0,X,0.015,0.24,0.27,0.008,0.02,16.0,16.0,17.0,1499.0,1539.0,1661.2098388671875,1664.0,4296.0,1537.0
130856,F7C5E,300,1.0,5.0,X,0.015,0.27,0.29,0.009,0.0,16.0,5.0,38.0,1501.0,1551.0,1712.867919921875,1715.0,4296.0,1553.0
130855,57DF3,300,7.0,7.0,B,0.005,0.4,0.42,0.0,0.01,16.0,7.0,44.0,1486.0,1526.0,1644.7890625,1643.0,4315.0,1524.0
130854,E0B89,300,6.0,7.0,X,0.02,0.24,0.27,0.01,0.01,11.0,4.0,11.0,1501.0,1546.0,1663.1964111328125,1672.0,2932.0,1542.0
130853,E0B89,300,5.0,7.0,X,0.02,0.24,0.27,0.01,0.01,15.0,8.0,48.0,1501.0,1546.0,1663.0296630859375,1677.0,4020.0,1560.0
130852,5692D,300,4.0,7.0,X,0.015,0.39,0.41,0.0,0.01,15.0,16.0,16.0,1486.0,1521.0,1630.7486572265625,1646.0,4027.0,1530.0
130851,1E183,300,3.0,7.0,X,0.01,0.38,0.43,0.0,0.02,15.0,5.0,37.0,1486.0,1526.0,1637.52001953125,1639.0,4018.0,1537.0
130850,1E183,300,2.0,7.0,X,0.01,0.38,0.43,0.0,0.02,15.0,7.0,43.0,1486.0,1526.0,1641.2706298828125,1642.0,4039.0,1537.0
130849,1E183,300,1.0,7.0,X,0.01,0.38,0.43,0.0,0.02,10.0,4.0,10.0,1486.0,1526.0,1656.221435546875,1663.0,2660.0,1537.0
130848,4B82B,300,8.0,8.0,X,0.02,0.3,0.33,0.006,0.02,14.0,8.0,47.0,1495.0,1540.0,1648.7427978515625,1659.0,3750.0,1544.0
130847,4B82B,300,7.0,8.0,X,0.02,0.3,0.33,0.006,0.02,14.0,16.0,15.0,1495.0,1540.0,1644.044921875,1647.0,3742.0,1546.0
130846,4B82B,300,6.0,8.0,X,0.02,0.3,0.33,0.006,0.02,14.0,5.0,36.0,1495.0,1540.0,1645.6131591796875,1657.0,3738.0,1550.0
130845,4B82B,300,5.0,8.0,X,0.02,0.3,0.33,0.006,0.02,14.0,7.0,42.0,1495.0,1540.0,1646.6651611328125,1652.0,3762.0,1548.0
130844,4B82B,300,4.0,8.0,X,0.02,0.3,0.33,0.006,0.02,9.0,4.0,9.0,1495.0,1540.0,1646.308837890625,1653.0,2387.0,1541.0
130843,4B82B,300,3.0,8.0,X,0.02,0.3,0.33,0.006,0.02,13.0,8.0,46.0,1495.0,1540.0,1650.37158203125,1653.0,3469.0,1544.0
130842,4B82B,300,2.0,8.0,X,0.02,0.3,0.33,0.006,0.02,13.0,16.0,14.0,1495.0,1540.0,1652.725341796875,1661.0,3468.0,1544.0
130841,4B82B,300,1.0,8.0,X,0.02,0.3,0.33,0.006,0.02,13.0,5.0,35.0,1495.0,1540.0,1672.84521484375,1674.0,3467.0,1541.0
130840,FE39B,300,7.0,7.0,X,0.02,0.21,0.23,0.0,0.02,13.0,7.0,41.0,1503.0,1548.0,1671.19580078125,1670.0,3493.0,1555.0
130839,FE39B,300,6.0,7.0,X,0.02,0.21,0.23,0.0,0.02,8.0,4.0,8.0,1503.0,1548.0,1669.32275390625,1671.0,2115.0,1552.0
130838,6E222,300,5.0,7.0,X,0.015,0.21,0.23,0.0,0.01,12.0,8.0,45.0,1504.0,1549.0,1674.13134765625,1677.0,3207.0,1548.0
130837,6E222,300,4.0,7.0,X,0.015,0.21,0.23,0.0,0.01,12.0,16.0,13.0,1504.0,1549.0,1671.951416015625,1671.0,3214.0,1542.0
130836,6E222,300,3.0,7.0,X,0.015,0.21,0.23,0.0,0.01,12.0,5.0,34.0,1504.0,1549.0,1662.2420654296875,1672.0,3214.0,1540.0
130835,6E222,300,2.0,7.0,X,0.015,0.21,0.23,0.0,0.01,12.0,7.0,40.0,1504.0,1549.0,1661.383056640625,1666.0,3234.0,1548.0
130834,6E222,300,1.0,7.0,X,0.015,0.21,0.23,0.0,0.01,7.0,4.0,7.0,1504.0,1549.0,1682.762451171875,1682.0,1857.0,1541.0
130833,3575C,300,7.0,7.0,X,0.015,0.19,0.22,0.005,0.03,11.0,8.0,44.0,1500.0,1540.0,1653.411865234375,1667.0,2940.0,1543.0
130832,FAAAA,300,6.0,7.0,X,0.015,0.39,0.41,0.008,0.0,11.0,16.0,12.0,1483.0,1523.0,1639.8304443359375,1639.0,2940.0,1527.0
130831,1697B,300,5.0,7.0,X,0.02,0.18,0.22,0.009,0.015,11.0,7.0,39.0,1501.0,1536.0,1655.2066650390625,1658.0,3012.0,1545.0
130830,AA222,300,4.0,7.0,X,0.018,0.19,0.22,0.0,0.025,11.0,5.0,33.0,1502.0,1552.0,1671.084716796875,1668.0,2885.0,1554.0
130829,AA222,300,3.0,7.0,X,0.018,0.19,0.22,0.0,0.025,6.0,4.0,6.0,1502.0,1552.0,1664.5054931640625,1670.0,1470.0,1558.0
130828,AA222,300,2.0,7.0,X,0.018,0.19,0.22,0.0,0.025,10.0,8.0,43.0,1502.0,1552.0,1663.037841796875,1675.0,2564.0,1557.0
130827,4F121,300,1.0,7.0,X,0.01,0.38,0.43,0.0,0.0,10.0,16.0,11.0,1480.0,1520.0,1658.309814453125,1664.0,2573.0,1536.0
130826,6E222,300,7.0,7.0,X,0.015,0.21,0.23,0.0,0.01,10.0,7.0,38.0,1504.0,1549.0,1671.1082763671875,1668.0,2636.0,1545.0
130825,6E222,300,6.0,7.0,X,0.015,0.21,0.23,0.0,0.01,10.0,5.0,32.0,1504.0,1549.0,1671.115234375,1667.0,2508.0,1550.0
130824,6E222,300,5.0,7.0,X,0.015,0.21,0.23,0.0,0.01,5.0,4.0,5.0,1504.0,1549.0,1667.2742919921875,1664.0,1202.0,1554.0
130823,6E222,300,4.0,7.0,X,0.015,0.21,0.23,0.0,0.01,9.0,8.0,42.0,1504.0,1549.0,1666.3665771484375,1677.0,2284.0,1550.0
130822,6E222,300,3.0,7.0,X,0.015,0.21,0.23,0.0,0.01,9.0,16.0,10.0,1504.0,1549.0,1665.5472412109375,1669.0,2277.0,1552.0
130821,6E222,300,2.0,7.0,X,0.015,0.21,0.23,0.0,0.01,9.0,7.0,37.0,1504.0,1549.0,1668.5689697265625,1675.0,2343.0,1545.0
130820,6E222,300,1.0,7.0,X,0.015,0.21,0.23,0.0,0.01,9.0,5.0,31.0,1504.0,1549.0,1678.9295654296875,1675.0,2220.0,1532.0
130819,51FF2,300,3.0,3.0,X,0.015,0.21,0.23,0.0,0.02,4.0,4.0,4.0,1503.0,1543.0,1658.4998779296875,1670.0,808.0,1559.0
130818,51FF2,300,6.0,7.0,X,0.015,0.21,0.23,0.0,0.02,8.0,8.0,41.0,1503.0,1543.0,1656.858154296875,1655.0,1901.0,1558.0
130817,51FF2,300,5.0,7.0,X,0.015,0.21,0.23,0.0,0.02,8.0,16.0,9.0,1503.0,1543.0,1665.5733642578125,1655.0,1910.0,1543.0
130816,51FF2,300,4.0,7.0,X,0.015,0.21,0.23,0.0,0.02,8.0,5.0,30.0,1503.0,1543.0,1663.80029296875,1665.0,1907.0,1547.0
130815,9C4F0,300,3.0,7.0,X,0.015,0.18,0.23,0.01,0.0,8.0,7.0,36.0,1504.0,1544.0,1658.399658203125,1667.0,1928.0,1550.0
130814,9C4F0,300,2.0,7.0,X,0.015,0.18,0.23,0.01,0.0,3.0,4.0,3.0,1504.0,1544.0,1672.0635986328125,1671.0,545.0,1553.0
130813,9C4F0,300,1.0,7.0,X,0.015,0.18,0.23,0.01,0.0,7.0,8.0,40.0,1504.0,1544.0,1671.9774169921875,1681.0,1631.0,1553.0
130812,E60DC,300,5.0,5.0,X,0.02,0.18,0.2,0.01,0.0,7.0,16.0,8.0,1504.0,1539.0,1665.11669921875,1670.0,1633.0,1548.0
130811,E60DC,300,4.0,5.0,X,0.02,0.18,0.2,0.01,0.0,7.0,5.0,29.0,1504.0,1539.0,1660.82373046875,1663.0,1632.0,1544.0
130810,8F8C3,300,3.0,5.0,X,0.015,0.19,0.22,0.009,0.025,7.0,7.0,35.0,1502.0,1537.0,1654.931884765625,1665.0,1654.0,1548.0
130809,8F8C3,300,2.0,5.0,X,0.015,0.19,0.22,0.009,0.025,2.0,4.0,2.0,1502.0,1537.0,1662.9122314453125,1666.0,276.0,1545.0
130808,8F8C3,300,1.0,5.0,X,0.015,0.19,0.22,0.009,0.025,6.0,8.0,39.0,1502.0,1537.0,1671.4510498046875,1666.0,1366.0,1542.0
130807,889AE,300,4.0,4.0,B,0.02,0.16,0.18,0.012,0.01,6.0,16.0,7.0,1507.0,1532.0,1641.8714599609375,1653.0,1370.0,1541.0
130806,889AE,300,3.0,4.0,B,0.02,0.16,0.18,0.012,0.01,6.0,5.0,28.0,1507.0,1532.0,1638.076416015625,1653.0,1370.0,1542.0
130805,889AE,300,2.0,4.0,B,0.02,0.16,0.18,0.012,0.01,6.0,7.0,34.0,1507.0,1532.0,1645.886962890625,1655.0,1381.0,1547.0
130804,889AE,300,1.0,4.0,B,0.02,0.16,0.18,0.012,0.01,1.0,4.0,1.0,1507.0,1532.0,1700.902099609375,1716.0,0.0,1560.0
130803,25632,300,5.0,5.0,X,0.01,0.96,1.02,0.008,0.0,5.0,8.0,38.0,1460.0,1485.0,1609.4952392578125,1605.0,1083.0,1494.0
130802,25632,300,4.0,5.0,X,0.01,0.96,1.02,0.008,0.0,5.0,16.0,6.0,1460.0,1485.0,1597.113037109375,1605.0,1073.0,1485.0
130801,25632,300,3.0,5.0,X,0.01,0.96,1.02,0.008,0.0,5.0,5.0,27.0,1460.0,1485.0,1594.078125,1608.0,1019.0,1492.0
130800,25632,300,3.0,6.0,X,0.01,0.96,1.02,0.008,0.0,5.0,7.0,33.0,1460.0,1485.0,1601.273681640625,1606.0,1017.0,1489.0
130799,25632,300,2.0,6.0,X,0.01,0.96,1.02,0.008,0.0,4.0,8.0,37.0,1460.0,1485.0,1604.8060302734375,1610.0,764.0,1499.0
130798,25632,300,1.0,6.0,X,0.01,0.96,1.02,0.008,0.0,4.0,16.0,5.0,1460.0,1485.0,1620.25048828125,1615.0,751.0,1480.0
130797,B248F,300,4.0,4.0,X,0.0,0.93,0.97,0.0,0.0,4.0,5.0,26.0,1462.0,1488.0,1609.115478515625,1609.0,744.0,1489.0
130796,C635C,300,3.0,4.0,X,0.0,0.9,0.94,0.0,0.0,4.0,7.0,32.0,1460.0,1485.0,1608.4456787109375,1607.0,750.0,1497.0
130795,C635C,300,2.0,4.0,X,0.0,0.9,0.94,0.0,0.0,3.0,8.0,36.0,1460.0,1485.0,1605.228515625,1622.0,504.0,1495.0
130794,C635C,300,1.0,4.0,X,0.0,0.9,0.94,0.0,0.0,3.0,16.0,4.0,1460.0,1485.0,1624.33154296875,1619.0,506.0,1492.0
130793,5EDBA,300,3.0,3.0,V,0.005,0.46,0.49,0.0,0.015,3.0,5.0,25.0,1474.0,1519.0,1623.522705078125,1635.0,495.0,1524.0
130792,5EDBA,300,2.0,3.0,V,0.005,0.46,0.49,0.0,0.015,3.0,7.0,31.0,1474.0,1519.0,1621.2330322265625,1650.0,498.0,1531.0
130791,5EDBA,300,1.0,3.0,V,0.005,0.46,0.49,0.0,0.015,2.0,8.0,35.0,1474.0,1519.0,1653.636962890625,1661.0,260.0,1530.0
130790,105F9,300,7.0,7.0,X,0.015,0.4,0.43,0.0,0.02,2.0,16.0,3.0,1486.0,1531.0,1647.6097412109375,1669.0,260.0,1545.0
130789,57414,300,6.0,7.0,X,0.01,0.38,0.43,0.0,0.02,2.0,5.0,24.0,1486.0,1526.0,1638.859619140625,1649.0,236.0,1526.0
130788,57414,300,5.0,7.0,X,0.01,0.38,0.43,0.0,0.02,2.0,7.0,30.0,1486.0,1526.0,1638.859619140625,1637.0,250.0,1534.0
130787,57414,300,4.0,7.0,X,0.01,0.38,0.43,0.0,0.02,1.0,8.0,34.0,1486.0,1526.0,1658.469482421875,1659.0,0.0,1536.0
130786,57414,300,3.0,7.0,X,0.01,0.38,0.43,0.0,0.02,1.0,16.0,2.0,1486.0,1526.0,1664.2364501953125,1677.0,0.0,1550.0
130785,57414,300,2.0,7.0,X,0.01,0.38,0.43,0.0,0.02,1.0,5.0,23.0,1486.0,1526.0,1657.3529052734375,1661.0,0.0,1542.0
130784,57414,300,1.0,7.0,X,0.01,0.38,0.43,0.0,0.02,1.0,7.0,29.0,1486.0,1526.0,1681.0069580078125,1693.0,0.0,1549.0
130783,A2DFA,300,2.0,2.0,X,0.005,0.43,0.5,0.0,0.0,1.0,16.0,1.0,1480.0,1525.0,1651.5089111328125,1673.0,0.0,1539.0
130782,A2DFA,300,1.0,2.0,X,0.005,0.43,0.5,0.0,0.0,1.0,5.0,22.0,1480.0,1525.0,1670.4688720703125,1652.0,0.0,1539.0
130781,47D7D,150,6.0,6.0,X,0.0,0.37,0.41,0.011,0.08,22.0,6.0,41.0,1480.0,1530.0,1631.5340576171875,1644.0,6502.0,1539.0
130780,47D7D,150,5.0,6.0,X,0.0,0.37,0.41,0.011,0.08,22.0,7.0,28.0,1480.0,1530.0,1633.4818115234375,1635.0,6183.0,1535.0
130779,47D7D,150,4.0,6.0,X,0.0,0.37,0.41,0.011,0.08,8.0,8.0,33.0,1480.0,1530.0,1626.7047119140625,1630.0,2180.0,1541.0
130778,47D7D,150,3.0,6.0,X,0.0,0.37,0.41,0.011,0.08,20.0,17.0,59.0,1480.0,1530.0,1630.721923828125,1644.0,5738.0,1540.0
130777,47D7D,150,2.0,6.0,X,0.0,0.37,0.41,0.011,0.08,8.0,5.0,21.0,1480.0,1530.0,1619.7969970703125,1629.0,2119.0,1532.0
130776,47D7D,150,1.0,6.0,X,0.0,0.37,0.41,0.011,0.08,21.0,6.0,40.0,1480.0,1530.0,1649.30712890625,1648.0,6193.0,1538.0
130775,47D7D,150,7.0,7.0,X,0.0,0.37,0.41,0.011,0.08,21.0,7.0,27.0,1480.0,1530.0,1624.370361328125,1638.0,5876.0,1534.0
130774,47D7D,150,6.0,7.0,X,0.0,0.37,0.41,0.011,0.08,7.0,8.0,32.0,1480.0,1530.0,1619.9136962890625,1640.0,1869.0,1543.0
130773,47D7D,150,5.0,7.0,X,0.0,0.37,0.41,0.011,0.08,19.0,17.0,58.0,1480.0,1530.0,1618.8670654296875,1646.0,5428.0,1540.0
130772,47D7D,150,4.0,7.0,X,0.0,0.37,0.41,0.011,0.08,7.0,5.0,20.0,1480.0,1530.0,1619.6163330078125,1635.0,1790.0,1547.0
130771,47D7D,150,3.0,7.0,X,0.0,0.37,0.41,0.011,0.08,20.0,6.0,39.0,1480.0,1530.0,1620.8458251953125,1632.0,5871.0,1534.0
130770,47D7D,150,2.0,7.0,X,0.0,0.37,0.41,0.011,0.08,20.0,7.0,26.0,1480.0,1530.0,1632.71240234375,1629.0,5552.0,1525.0
130769,47D7D,150,1.0,7.0,X,0.0,0.37,0.41,0.011,0.08,6.0,8.0,31.0,1480.0,1530.0,1655.166259765625,1655.0,1552.0,1525.0
130768,9A58C,150,6.0,6.0,X,0.0,0.37,0.4,0.008,0.08,18.0,17.0,57.0,1480.0,1530.0,1635.859375,1650.0,5114.0,1529.0
130767,9A58C,150,5.0,6.0,X,0.0,0.37,0.4,0.008,0.08,6.0,5.0,19.0,1480.0,1530.0,1630.901123046875,1630.0,1488.0,1535.0
130766,9A58C,150,4.0,6.0,X,0.0,0.37,0.4,0.008,0.08,19.0,6.0,38.0,1480.0,1530.0,1633.87109375,1638.0,5560.0,1529.0
130765,9A58C,150,3.0,6.0,X,0.0,0.37,0.4,0.008,0.08,19.0,7.0,25.0,1480.0,1530.0,1623.3948974609375,1634.0,5250.0,1521.0
130764,9A58C,150,2.0,6.0,X,0.0,0.37,0.4,0.008,0.08,5.0,8.0,30.0,1480.0,1530.0,1623.9776611328125,1623.0,1253.0,1521.0
130763,9A58C,150,1.0,6.0,X,0.0,0.37,0.4,0.008,0.08,5.0,5.0,18.0,1480.0,1530.0,1643.025634765625,1643.0,1249.0,1525.0
130762,BB21B,150,7.0,7.0,V,0.0,0.45,0.48,0.018,0.05,17.0,17.0,55.0,1472.0,1517.0,1626.69677734375,1644.0,4757.0,1533.0
130761,BB21B,150,6.0,7.0,V,0.0,0.45,0.48,0.018,0.05,18.0,6.0,37.0,1472.0,1517.0,1616.4493408203125,1637.0,5278.0,1512.0
130760,BB21B,150,5.0,7.0,V,0.0,0.45,0.48,0.018,0.05,18.0,7.0,24.0,1472.0,1517.0,1622.190673828125,1636.0,4962.0,1514.0
130759,BB21B,150,4.0,7.0,V,0.0,0.45,0.48,0.018,0.05,4.0,8.0,29.0,1472.0,1517.0,1623.96240234375,1648.0,950.0,1521.0
130758,BB21B,150,3.0,7.0,V,0.0,0.45,0.48,0.018,0.05,4.0,5.0,17.0,1472.0,1517.0,1618.2587890625,1644.0,948.0,1514.0
130757,BB21B,150,2.0,7.0,V,0.0,0.45,0.48,0.018,0.05,16.0,17.0,54.0,1472.0,1517.0,1622.61376953125,1639.0,4446.0,1520.0
130756,BB21B,150,1.0,7.0,V,0.0,0.45,0.48,0.018,0.05,17.0,6.0,36.0,1472.0,1517.0,1644.566650390625,1653.0,4966.0,1524.0
130755,BB21B,150,6.0,6.0,V,0.0,0.45,0.48,0.018,0.05,17.0,7.0,23.0,1472.0,1517.0,1630.6787109375,1660.0,4663.0,1528.0
130754,BB21B,150,5.0,6.0,V,0.0,0.45,0.48,0.018,0.05,3.0,8.0,28.0,1472.0,1517.0,1633.2852783203125,1649.0,659.0,1531.0
130753,F10E0,150,4.0,6.0,X,0.02,0.15,0.18,0.008,0.0,3.0,5.0,16.0,1511.0,1552.0,1650.8875732421875,1674.0,657.0,1557.0
130752,7BE94,150,3.0,6.0,X,0.02,0.15,0.17,0.008,0.02,15.0,17.0,53.0,1509.0,1554.0,1667.0572509765625,1677.0,4152.0,1563.0
130751,7BE94,150,3.0,7.0,X,0.02,0.15,0.17,0.008,0.02,16.0,7.0,22.0,1509.0,1554.0,1666.2254638671875,1676.0,4381.0,1558.0
130750,7BE94,150,2.0,7.0,X,0.02,0.15,0.17,0.008,0.02,16.0,6.0,35.0,1509.0,1554.0,1664.7388916015625,1663.0,4577.0,1573.0
130749,7F484,150,1.0,7.0,X,0.02,0.15,0.17,0.008,0.02,2.0,8.0,27.0,1512.0,1557.0,1679.786376953125,1687.0,328.0,1543.0
130748,4D097,150,4.0,4.0,X,0.015,0.51,0.55,0.0,0.01,2.0,5.0,15.0,1487.0,1537.0,1651.211669921875,1663.0,326.0,1538.0
130747,4D097,150,3.0,4.0,X,0.015,0.51,0.55,0.0,0.01,14.0,17.0,52.0,1487.0,1537.0,1653.076171875,1648.0,3815.0,1538.0
130746,4D097,150,2.0,4.0,X,0.015,0.51,0.55,0.0,0.01,15.0,7.0,21.0,1487.0,1537.0,1654.8218994140625,1651.0,4062.0,1544.0
130745,4D097,150,1.0,4.0,X,0.015,0.51,0.55,0.0,0.01,15.0,6.0,34.0,1487.0,1537.0,1658.546875,1661.0,4255.0,1536.0
130744,AB910,150,5.0,5.0,X,0.02,0.4,0.45,0.0,0.02,1.0,8.0,26.0,1483.0,1538.0,1656.910888671875,1680.0,0.0,1555.0
130743,E7999,150,4.0,5.0,X,0.02,0.16,0.18,0.012,0.01,1.0,5.0,14.0,1506.0,1551.0,1677.080810546875,1676.0,0.0,1548.0
130742,E7999,150,3.0,5.0,X,0.02,0.16,0.18,0.012,0.01,13.0,17.0,51.0,1506.0,1551.0,1669.3348388671875,1672.0,3492.0,1555.0
130741,E7999,150,2.0,5.0,X,0.02,0.16,0.18,0.012,0.01,14.0,7.0,20.0,1506.0,1551.0,1669.031005859375,1672.0,3762.0,1554.0
130740,E7999,150,1.0,5.0,X,0.02,0.16,0.18,0.012,0.01,14.0,6.0,33.0,1506.0,1551.0,1686.7725830078125,1684.0,3944.0,1552.0
130739,DCC51,300,5.0,5.0,V,0.01,0.29,0.32,0.012,0.03,12.0,17.0,50.0,1486.0,1536.0,1663.71630859375,1668.0,3226.0,1545.0
130738,31262,300,4.0,5.0,X,0.01,0.46,0.48,0.01,0.0,13.0,7.0,19.0,1480.0,1525.0,1642.0802001953125,1644.0,3487.0,1534.0
130737,31262,300,3.0,5.0,X,0.01,0.46,0.48,0.01,0.0,13.0,8.0,25.0,1480.0,1525.0,1638.75,1641.0,3559.0,1533.0
130736,31262,300,2.0,5.0,X,0.01,0.46,0.48,0.01,0.0,13.0,5.0,13.0,1480.0,1525.0,1638.038818359375,1645.0,3566.0,1529.0
130735,31262,300,1.0,5.0,X,0.01,0.46,0.48,0.01,0.0,13.0,6.0,32.0,1480.0,1525.0,1667.1353759765625,1669.0,3570.0,1532.0
130734,EA23B,300,7.0,7.0,V,0.01,0.36,0.4,0.013,0.05,11.0,17.0,49.0,1480.0,1540.0,1662.572265625,1673.0,2939.0,1545.0
130733,EA23B,300,6.0,7.0,V,0.01,0.36,0.4,0.013,0.05,12.0,7.0,18.0,1480.0,1540.0,1656.4046630859375,1667.0,3208.0,1534.0
130732,EA23B,300,5.0,7.0,V,0.01,0.36,0.4,0.013,0.05,12.0,8.0,24.0,1480.0,1540.0,1653.4320068359375,1657.0,3278.0,1533.0
130731,F4A5E,300,4.0,7.0,V,0.01,0.35,0.37,0.01,0.045,12.0,5.0,12.0,1482.0,1532.0,1650.571533203125,1659.0,3281.0,1537.0
130730,F4A5E,300,3.0,7.0,V,0.01,0.35,0.37,0.01,0.045,12.0,6.0,31.0,1482.0,1532.0,1653.71826171875,1658.0,3281.0,1536.0
130729,44D42,300,2.0,7.0,V,0.01,0.34,0.37,0.01,0.02,10.0,17.0,48.0,1489.0,1534.0,1656.5047607421875,1667.0,2642.0,1553.0
130728,44D42,300,1.0,7.0,V,0.01,0.34,0.37,0.01,0.02,11.0,7.0,17.0,1489.0,1534.0,1662.901123046875,1670.0,2912.0,1535.0
130727,2D42F,300,6.0,6.0,B,0.005,0.36,0.39,0.0,0.01,11.0,8.0,23.0,1492.0,1547.0,1675.67138671875,1680.0,2986.0,1563.0
130726,2D42F,300,5.0,6.0,B,0.005,0.36,0.39,0.0,0.01,11.0,5.0,11.0,1492.0,1547.0,1672.0523681640625,1668.0,2991.0,1558.0
130725,2D42F,300,4.0,6.0,B,0.005,0.36,0.39,0.0,0.01,11.0,6.0,30.0,1492.0,1547.0,1670.4981689453125,1670.0,3002.0,1558.0
130724,2D42F,300,3.0,6.0,B,0.005,0.36,0.39,0.0,0.01,9.0,17.0,47.0,1492.0,1547.0,1669.0704345703125,1680.0,2372.0,1553.0
130723,2D42F,300,2.0,6.0,B,0.005,0.36,0.39,0.0,0.01,10.0,7.0,16.0,1492.0,1547.0,1675.3184814453125,1675.0,2641.0,1553.0
130722,2D42F,300,1.0,6.0,B,0.005,0.36,0.39,0.0,0.01,10.0,8.0,22.0,1492.0,1547.0,1699.8406982421875,1699.0,2717.0,1548.0
130721,2D42F,300,6.0,6.0,B,0.005,0.36,0.39,0.0,0.01,10.0,5.0,10.0,1492.0,1547.0,1671.0501708984375,1682.0,2716.0,1549.0
130720,2D42F,300,5.0,6.0,B,0.005,0.36,0.39,0.0,0.01,10.0,6.0,29.0,1492.0,1547.0,1670.0423583984375,1680.0,2719.0,1553.0
130719,2D42F,300,4.0,6.0,B,0.005,0.36,0.39,0.0,0.01,8.0,17.0,46.0,1492.0,1547.0,1670.16845703125,1677.0,2091.0,1550.0
130718,2D42F,300,3.0,6.0,B,0.005,0.36,0.39,0.0,0.01,9.0,7.0,15.0,1492.0,1547.0,1668.173095703125,1672.0,2356.0,1544.0
130717,2D42F,300,2.0,6.0,B,0.005,0.36,0.39,0.0,0.01,9.0,8.0,21.0,1492.0,1547.0,1669.1490478515625,1675.0,2435.0,1549.0
130716,2D42F,300,1.0,6.0,B,0.005,0.36,0.39,0.0,0.01,9.0,5.0,9.0,1492.0,1547.0,1699.4576416015625,1701.0,2436.0,1544.0
130715,05ED3,300,5.0,5.0,X,0.01,0.25,0.28,0.009,0.02,9.0,6.0,28.0,1498.0,1538.0,1657.1575927734375,1665.0,2441.0,1550.0
130714,603D2,300,4.0,5.0,X,0.01,0.26,0.29,0.009,0.02,7.0,17.0,45.0,1496.0,1536.0,1653.509765625,1650.0,1812.0,1536.0
130713,248B5,300,3.0,5.0,X,0.02,0.21,0.23,0.009,0.02,8.0,7.0,14.0,1506.0,1551.0,1674.675537109375,1671.0,2085.0,1556.0
130712,248B5,300,3.0,6.0,X,0.02,0.21,0.23,0.009,0.02,8.0,8.0,20.0,1506.0,1551.0,1670.52587890625,1666.0,2088.0,1555.0
130711,D398B,300,2.0,6.0,X,0.02,0.2,0.22,0.009,0.02,8.0,5.0,8.0,1506.0,1551.0,1672.47998046875,1661.0,2085.0,1557.0
130710,D398B,300,1.0,6.0,X,0.02,0.2,0.22,0.009,0.02,8.0,6.0,27.0,1506.0,1551.0,1690.68701171875,1684.0,2089.0,1541.0
130709,33D10,300,5.0,5.0,X,0.015,0.39,0.42,0.0,0.0,6.0,17.0,44.0,1485.0,1530.0,1640.4503173828125,1667.0,1451.0,1545.0
130708,5692D,300,4.0,5.0,X,0.015,0.39,0.41,0.0,0.01,7.0,7.0,13.0,1486.0,1521.0,1633.6776123046875,1641.0,1715.0,1522.0
130707,B3CD5,300,3.0,5.0,X,0.015,0.4,0.43,0.0,0.02,7.0,8.0,19.0,1484.0,1519.0,1635.0992431640625,1642.0,1773.0,1528.0
130706,B3CD5,300,3.0,6.0,X,0.015,0.4,0.43,0.0,0.02,7.0,5.0,7.0,1484.0,1519.0,1638.8145751953125,1643.0,1730.0,1535.0
130705,B3CD5,300,2.0,6.0,X,0.015,0.4,0.43,0.0,0.02,7.0,6.0,26.0,1484.0,1519.0,1634.556640625,1653.0,1738.0,1535.0
130704,F7C5E,300,1.0,6.0,X,0.015,0.27,0.29,0.009,0.0,5.0,17.0,43.0,1501.0,1551.0,1705.53173828125,1711.0,1108.0,1535.0
130703,80160,300,8.0,8.0,X,0.015,0.4,0.45,0.0,0.02,6.0,7.0,12.0,1487.0,1522.0,1649.8182373046875,1658.0,1383.0,1534.0
130702,80160,300,7.0,8.0,X,0.015,0.4,0.45,0.0,0.02,6.0,8.0,18.0,1487.0,1522.0,1638.7254638671875,1653.0,1465.0,1534.0
130701,80160,300,6.0,8.0,X,0.015,0.4,0.45,0.0,0.02,6.0,5.0,6.0,1487.0,1522.0,1640.88525390625,1646.0,1473.0,1529.0
130700,80160,300,5.0,8.0,X,0.015,0.4,0.45,0.0,0.02,6.0,6.0,25.0,1487.0,1522.0,1634.3018798828125,1648.0,1481.0,1528.0
130699,80160,300,4.0,8.0,X,0.015,0.4,0.45,0.0,0.02,4.0,17.0,42.0,1487.0,1522.0,1636.7432861328125,1629.0,851.0,1533.0
130698,80160,300,3.0,8.0,X,0.015,0.4,0.45,0.0,0.02,5.0,7.0,11.0,1487.0,1522.0,1638.6214599609375,1644.0,1109.0,1541.0
130697,80160,300,2.0,8.0,X,0.015,0.4,0.45,0.0,0.02,5.0,8.0,17.0,1487.0,1522.0,1637.1666259765625,1646.0,1191.0,1540.0
130696,80160,300,1.0,8.0,X,0.015,0.4,0.45,0.0,0.02,5.0,5.0,5.0,1487.0,1522.0,1654.46044921875,1660.0,1197.0,1528.0
130695,FA128,300,6.0,6.0,X,0.02,0.18,0.21,0.009,0.02,5.0,6.0,24.0,1504.0,1544.0,1661.67138671875,1670.0,1205.0,1552.0
130694,FA128,300,5.0,6.0,X,0.02,0.18,0.21,0.009,0.02,3.0,17.0,41.0,1504.0,1544.0,1662.4864501953125,1670.0,577.0,1544.0
130693,FA128,300,4.0,6.0,X,0.02,0.18,0.21,0.009,0.02,4.0,7.0,10.0,1504.0,1544.0,1663.4906005859375,1672.0,851.0,1536.0
130692,FA128,300,3.0,6.0,X,0.02,0.18,0.21,0.009,0.02,4.0,8.0,16.0,1504.0,1544.0,1660.901123046875,1665.0,933.0,1539.0
130691,87A17,300,2.0,6.0,X,0.022,0.2,0.22,0.0,0.02,4.0,5.0,4.0,1505.0,1535.0,1655.1234130859375,1663.0,927.0,1539.0
130690,77C04,300,1.0,6.0,X,0.02,0.17,0.22,0.01,0.01,4.0,6.0,23.0,1502.0,1547.0,1695.8521728515625,1694.0,934.0,1552.0
130689,51C01,300,8.0,8.0,X,0.02,0.12,0.15,0.0,0.02,2.0,17.0,40.0,1511.0,1556.0,1670.717041015625,1671.0,294.0,1561.0
130688,E1B6A,300,7.0,8.0,X,0.02,0.18,0.2,0.0,0.015,3.0,7.0,9.0,1501.0,1546.0,1664.9205322265625,1668.0,570.0,1546.0
130687,3B7FC,300,6.0,8.0,X,0.005,0.46,0.5,0.0,0.015,3.0,8.0,15.0,1480.0,1525.0,1646.1229248046875,1645.0,643.0,1532.0
130686,A2DFA,300,5.0,8.0,X,0.005,0.43,0.5,0.0,0.0,3.0,5.0,3.0,1480.0,1525.0,1630.4727783203125,1630.0,634.0,1536.0
130685,27A7C,300,4.0,8.0,X,0.02,0.43,0.47,0.0,0.015,3.0,6.0,22.0,1480.0,1515.0,1629.096923828125,1632.0,628.0,1525.0
130684,27A7C,300,3.0,8.0,X,0.02,0.43,0.47,0.0,0.015,1.0,17.0,39.0,1480.0,1515.0,1645.7418212890625,1657.0,0.0,1533.0
130683,27A7C,300,2.0,8.0,X,0.02,0.43,0.47,0.0,0.015,2.0,7.0,8.0,1480.0,1515.0,1628.7904052734375,1632.0,247.0,1526.0
130682,B131E,300,1.0,8.0,X,0.02,0.46,0.49,0.005,0.02,2.0,8.0,14.0,1483.0,1518.0,1642.946533203125,1645.0,328.0,1518.0
130681,F5743,300,3.0,3.0,V,0.0,0.69,0.72,0.008,0.055,2.0,5.0,2.0,1476.0,1501.0,1617.52099609375,1637.0,310.0,1514.0
130680,F5743,300,2.0,3.0,V,0.0,0.69,0.72,0.008,0.055,2.0,6.0,21.0,1476.0,1501.0,1612.407470703125,1620.0,313.0,1506.0
130679,F5743,300,1.0,3.0,V,0.0,0.69,0.72,0.008,0.055,1.0,7.0,7.0,1476.0,1501.0,1652.3507080078125,1654.0,0.0,1509.0
130678,F5743,300,3.0,6.0,V,0.0,0.69,0.72,0.008,0.055,1.0,8.0,13.0,1476.0,1501.0,1629.774169921875,1646.0,0.0,1516.0
130677,F5743,300,2.0,6.0,V,0.0,0.69,0.72,0.008,0.055,1.0,5.0,1.0,1476.0,1501.0,1635.5565185546875,1644.0,0.0,1514.0
130676,CB239,300,1.0,6.0,V,0.0,0.69,0.73,0.012,0.06,1.0,6.0,20.0,1474.0,1499.0,1651.8541259765625,1649.0,0.0,1510.0
130675,80160,300,2.0,2.0,X,0.015,0.4,0.45,0.0,0.02,5.0,7.0,6.0,1487.0,1522.0,1645.37109375,1651.0,1062.0,1540.0
130674,CB239,300,1.0,2.0,V,0.0,0.69,0.73,0.012,0.06,6.0,4.0,53.0,1474.0,1499.0,1632.63037109375,1679.0,1312.0,1540.0
130673,25632,300,1.0,1.0,X,0.01,0.96,1.02,0.008,0.0,3.0,2.0,64.0,1460.0,1485.0,1623.496826171875,1620.0,571.0,1492.0
130672,E0B89,300,5.0,5.0,X,0.02,0.22,0.25,0.01,0.01,12.0,8.0,12.0,1501.0,1546.0,1667.53369140625,1673.0,3016.0,1549.0
130671,E0B89,300,4.0,5.0,X,0.02,0.22,0.25,0.01,0.01,16.0,17.0,38.0,1501.0,1546.0,1668.693603515625,1671.0,4327.0,1545.0
130670,E0B89,300,3.0,5.0,X,0.02,0.22,0.25,0.01,0.01,4.0,7.0,5.0,1501.0,1546.0,1659.1695556640625,1672.0,779.0,1550.0
130669,E0B89,300,2.0,5.0,X,0.02,0.22,0.25,0.01,0.01,5.0,4.0,52.0,1501.0,1546.0,1664.0302734375,1668.0,1042.0,1543.0
130668,E0B89,300,1.0,5.0,X,0.02,0.22,0.25,0.01,0.01,2.0,2.0,63.0,1501.0,1546.0,1684.0777587890625,1688.0,305.0,1540.0
130667,BF6EC,300,3.0,3.0,X,0.015,0.19,0.23,0.009,0.0,11.0,8.0,11.0,1504.0,1549.0,1663.11376953125,1671.0,2750.0,1555.0
130666,60329,300,1.0,3.0,X,0.015,0.22,0.25,0.01,0.0,3.0,7.0,4.0,1501.0,1536.0,1673.592041015625,1675.0,517.0,1548.0
130665,60329,300,3.0,5.0,X,0.015,0.22,0.25,0.01,0.0,5.0,6.0,20.0,1501.0,1536.0,1648.2840576171875,1656.0,1116.0,1546.0
130664,60329,300,2.0,5.0,X,0.015,0.22,0.25,0.01,0.0,4.0,4.0,51.0,1501.0,1536.0,1650.5999755859375,1654.0,735.0,1546.0
130663,60329,300,1.0,5.0,X,0.015,0.22,0.25,0.01,0.0,1.0,2.0,62.0,1501.0,1536.0,1678.1993408203125,1674.0,0.0,1523.0
130662,1E6E6,300,7.0,7.0,X,0.025,0.19,0.23,0.01,0.015,10.0,8.0,10.0,1505.0,1545.0,1660.59228515625,1667.0,2445.0,1553.0
130661,1E6E6,300,6.0,7.0,X,0.025,0.19,0.23,0.01,0.015,2.0,7.0,3.0,1505.0,1545.0,1666.8863525390625,1669.0,264.0,1549.0
130660,1E6E6,300,5.0,7.0,X,0.025,0.19,0.23,0.01,0.015,4.0,6.0,19.0,1505.0,1545.0,1664.6734619140625,1664.0,868.0,1554.0
130659,1E6E6,300,4.0,7.0,X,0.025,0.19,0.23,0.01,0.015,3.0,4.0,50.0,1505.0,1545.0,1659.2279052734375,1668.0,482.0,1545.0
130658,1E6E6,300,3.0,7.0,X,0.025,0.19,0.23,0.01,0.015,14.0,17.0,36.0,1505.0,1545.0,1665.748046875,1668.0,3600.0,1557.0
130657,1E6E6,300,2.0,7.0,X,0.025,0.19,0.23,0.01,0.015,9.0,8.0,9.0,1505.0,1545.0,1666.7120361328125,1668.0,2182.0,1553.0
130656,1E6E6,300,1.0,7.0,X,0.025,0.19,0.23,0.01,0.015,1.0,7.0,2.0,1505.0,1545.0,1696.005615234375,1698.0,0.0,1565.0
130655,CA2FD,300,7.0,7.0,X,0.02,0.15,0.17,0.009,0.02,3.0,6.0,18.0,1507.0,1552.0,1678.661376953125,1681.0,597.0,1559.0
130654,CA2FD,300,6.0,7.0,X,0.02,0.15,0.17,0.009,0.02,2.0,4.0,49.0,1507.0,1552.0,1670.421875,1673.0,216.0,1554.0
130653,CA2FD,300,5.0,7.0,X,0.02,0.15,0.17,0.009,0.02,13.0,17.0,35.0,1507.0,1552.0,1666.411865234375,1672.0,3336.0,1549.0
130652,CA2FD,300,4.0,7.0,X,0.02,0.15,0.17,0.009,0.02,8.0,8.0,8.0,1507.0,1552.0,1669.1077880859375,1671.0,1923.0,1545.0
130651,CA2FD,300,3.0,7.0,X,0.02,0.15,0.17,0.009,0.02,12.0,2.0,61.0,1507.0,1552.0,1666.795654296875,1671.0,3113.0,1554.0
130650,CA2FD,300,2.0,7.0,X,0.02,0.15,0.17,0.009,0.02,1.0,4.0,48.0,1507.0,1552.0,1681.4935302734375,1701.0,0.0,1566.0
130649,7F484,300,1.0,7.0,X,0.02,0.15,0.17,0.008,0.02,1.0,4.0,48.0,1512.0,1557.0,1707.951171875,1694.0,0.0,1554.0
130648,889AE,300,4.0,4.0,B,0.02,0.16,0.18,0.012,0.01,12.0,17.0,34.0,1507.0,1532.0,1641.6253662109375,1656.0,3075.0,1544.0
130647,889AE,300,3.0,4.0,B,0.02,0.16,0.18,0.012,0.01,7.0,8.0,7.0,1507.0,1532.0,1642.7679443359375,1651.0,1661.0,1546.0
130646,889AE,300,2.0,4.0,B,0.02,0.16,0.18,0.012,0.01,11.0,2.0,60.0,1507.0,1532.0,1640.8739013671875,1647.0,2839.0,1540.0
130645,889AE,300,1.0,4.0,B,0.02,0.16,0.18,0.012,0.01,1.0,7.0,1.0,1507.0,1532.0,1700.902099609375,1712.0,0.0,1549.0
130644,EF256,300,8.0,8.0,B,0.015,0.56,0.64,0.0,0.0,1.0,6.0,16.0,1481.0,1526.0,1660.573974609375,1671.0,0.0,1530.0
130643,E7641,300,7.0,8.0,X,0.015,0.58,0.62,0.0,0.0,11.0,17.0,33.0,1480.0,1520.0,1619.69482421875,1633.0,2789.0,1526.0
130642,E7641,300,6.0,8.0,X,0.015,0.58,0.62,0.0,0.0,6.0,8.0,6.0,1480.0,1520.0,1619.69482421875,1619.0,1375.0,1528.0
130641,90F69,300,5.0,8.0,V,0.015,0.28,0.31,0.0,0.0,10.0,2.0,59.0,1496.0,1551.0,1664.8704833984375,1663.0,2566.0,1556.0
130640,90F69,300,4.0,8.0,V,0.015,0.28,0.31,0.0,0.0,10.0,4.0,47.0,1496.0,1551.0,1665.577392578125,1654.0,2569.0,1555.0
130639,90F69,300,3.0,8.0,V,0.015,0.28,0.31,0.0,0.0,10.0,17.0,32.0,1496.0,1551.0,1669.3909912109375,1660.0,2572.0,1559.0
130638,90F69,300,2.0,8.0,V,0.015,0.28,0.31,0.0,0.0,5.0,8.0,5.0,1496.0,1551.0,1668.0404052734375,1672.0,1155.0,1557.0
130637,90F69,300,1.0,8.0,V,0.015,0.28,0.31,0.0,0.0,9.0,2.0,58.0,1496.0,1551.0,1691.782958984375,1688.0,2331.0,1549.0
130636,5692D,300,7.0,7.0,X,0.015,0.39,0.41,0.0,0.01,9.0,4.0,46.0,1486.0,1521.0,1631.5009765625,1640.0,2332.0,1539.0
130635,5692D,300,6.0,7.0,X,0.015,0.39,0.41,0.0,0.01,9.0,17.0,31.0,1486.0,1521.0,1627.43798828125,1642.0,2331.0,1536.0
130634,5692D,300,5.0,7.0,X,0.015,0.39,0.41,0.0,0.01,4.0,8.0,4.0,1486.0,1521.0,1631.3431396484375,1630.0,913.0,1527.0
130633,4B4F5,300,4.0,7.0,X,0.02,0.4,0.42,0.007,0.015,8.0,2.0,57.0,1484.0,1524.0,1636.7445068359375,1649.0,2087.0,1532.0
130632,57414,300,3.0,7.0,X,0.01,0.38,0.43,0.0,0.02,8.0,4.0,45.0,1486.0,1526.0,1645.13818359375,1660.0,2086.0,1534.0
130631,B3CD5,300,2.0,7.0,X,0.015,0.4,0.43,0.0,0.02,8.0,17.0,30.0,1484.0,1519.0,1631.9168701171875,1635.0,2092.0,1526.0
130630,B3CD5,300,1.0,7.0,X,0.015,0.4,0.43,0.0,0.02,3.0,8.0,3.0,1484.0,1519.0,1651.071044921875,1673.0,678.0,1537.0
130629,889AE,300,3.0,3.0,B,0.02,0.16,0.18,0.012,0.01,7.0,2.0,56.0,1507.0,1532.0,1636.862548828125,1651.0,1750.0,1541.0
130628,889AE,300,2.0,3.0,B,0.02,0.16,0.18,0.012,0.01,7.0,4.0,44.0,1507.0,1532.0,1636.7886962890625,1657.0,1733.0,1541.0
130627,889AE,300,1.0,3.0,B,0.02,0.16,0.18,0.012,0.01,7.0,17.0,29.0,1507.0,1532.0,1683.7740478515625,1700.0,1736.0,1545.0
130626,EB041,300,6.0,6.0,X,0.0,0.94,1.0,0.0,0.0,2.0,8.0,2.0,1463.0,1489.0,1623.9466552734375,1641.0,310.0,1510.0
130625,0BFF6,300,5.0,6.0,X,0.0,0.93,0.98,0.006,0.0,7.0,6.0,15.0,1462.0,1488.0,1601.5782470703125,1621.0,1675.0,1498.0
130624,0BFF6,300,4.0,6.0,X,0.0,0.93,0.98,0.006,0.0,6.0,2.0,55.0,1462.0,1488.0,1603.5521240234375,1613.0,1428.0,1492.0
130623,0BFF6,300,3.0,6.0,X,0.0,0.93,0.98,0.006,0.0,6.0,4.0,43.0,1462.0,1488.0,1612.0882568359375,1619.0,1426.0,1493.0
130622,0BFF6,300,2.0,6.0,X,0.0,0.93,0.98,0.006,0.0,6.0,17.0,28.0,1462.0,1488.0,1601.6551513671875,1620.0,1418.0,1503.0
130621,0BFF6,300,1.0,6.0,X,0.0,0.93,0.98,0.006,0.0,1.0,8.0,1.0,1462.0,1488.0,1648.908447265625,1656.0,0.0,1514.0
130620,2D42F,300,6.0,6.0,B,0.005,0.36,0.39,0.0,0.01,6.0,6.0,14.0,1492.0,1547.0,1678.9866943359375,1672.0,1372.0,1549.0
130619,2D42F,300,5.0,6.0,B,0.005,0.36,0.39,0.0,0.01,3.0,15.0,60.0,1492.0,1547.0,1673.9049072265625,1674.0,586.0,1560.0
130618,2D42F,300,4.0,6.0,B,0.005,0.36,0.39,0.0,0.01,5.0,2.0,54.0,1492.0,1547.0,1674.7142333984375,1681.0,1079.0,1550.0
130617,2D42F,300,3.0,6.0,B,0.005,0.36,0.39,0.0,0.01,5.0,4.0,42.0,1492.0,1547.0,1674.899658203125,1679.0,1079.0,1551.0
130616,2D42F,300,2.0,6.0,B,0.005,0.36,0.39,0.0,0.01,5.0,17.0,27.0,1492.0,1547.0,1668.168701171875,1675.0,1075.0,1545.0
130615,2D42F,300,1.0,6.0,B,0.005,0.36,0.39,0.0,0.01,5.0,6.0,13.0,1492.0,1547.0,1694.0577392578125,1699.0,1087.0,1560.0
130614,2D42F,300,6.0,6.0,B,0.005,0.36,0.39,0.0,0.01,2.0,15.0,59.0,1492.0,1547.0,1670.002685546875,1680.0,300.0,1550.0
130613,2D42F,300,5.0,6.0,B,0.005,0.36,0.39,0.0,0.01,4.0,2.0,53.0,1492.0,1547.0,1671.229736328125,1673.0,792.0,1558.0
130612,2D42F,300,4.0,6.0,B,0.005,0.36,0.39,0.0,0.01,4.0,4.0,41.0,1492.0,1547.0,1671.607421875,1678.0,800.0,1553.0
130611,2D42F,300,3.0,6.0,B,0.005,0.36,0.39,0.0,0.01,4.0,17.0,26.0,1492.0,1547.0,1670.376220703125,1678.0,801.0,1560.0
130610,2D42F,300,2.0,6.0,B,0.005,0.36,0.39,0.0,0.01,4.0,6.0,12.0,1492.0,1547.0,1675.08203125,1677.0,804.0,1556.0
130609,2D42F,300,1.0,6.0,B,0.005,0.36,0.39,0.0,0.01,1.0,15.0,58.0,1492.0,1547.0,1712.6510009765625,1712.0,0.0,1549.0
130608,D63DF,300,4.0,4.0,V,0.005,0.37,0.4,0.01,0.03,3.0,2.0,52.0,1480.0,1525.0,1635.3287353515625,1633.0,497.0,1530.0
130607,D63DF,300,3.0,4.0,V,0.005,0.37,0.4,0.01,0.03,3.0,4.0,40.0,1480.0,1525.0,1635.623291015625,1641.0,501.0,1537.0
130606,D63DF,300,2.0,4.0,V,0.005,0.37,0.4,0.01,0.03,3.0,17.0,25.0,1480.0,1525.0,1629.2242431640625,1635.0,507.0,1542.0
130605,BCEE1,300,1.0,4.0,X,0.02,0.23,0.25,0.0,0.017,3.0,6.0,11.0,1497.0,1537.0,1665.7952880859375,1669.0,483.0,1535.0
130604,5AF4D,300,8.0,8.0,V,0.006,0.43,0.46,0.015,0.06,2.0,2.0,51.0,1470.0,1515.0,1626.36328125,1634.0,248.0,1527.0
130603,5AF4D,300,7.0,8.0,V,0.006,0.43,0.46,0.015,0.06,2.0,4.0,39.0,1470.0,1515.0,1629.8228759765625,1632.0,249.0,1523.0
130602,5AF4D,300,6.0,8.0,V,0.006,0.43,0.46,0.015,0.06,2.0,17.0,24.0,1470.0,1515.0,1627.0277099609375,1635.0,254.0,1527.0
130601,5AF4D,300,5.0,8.0,V,0.006,0.43,0.46,0.015,0.06,2.0,6.0,10.0,1470.0,1515.0,1623.060546875,1632.0,249.0,1523.0
130600,5AF4D,300,4.0,8.0,V,0.006,0.43,0.46,0.015,0.06,1.0,2.0,50.0,1470.0,1515.0,1641.028076171875,1646.0,0.0,1526.0
130599,5AF4D,300,3.0,8.0,V,0.006,0.43,0.46,0.015,0.06,1.0,4.0,38.0,1470.0,1515.0,1641.028076171875,1644.0,0.0,1515.0
130598,5AF4D,300,2.0,8.0,V,0.006,0.43,0.46,0.015,0.06,1.0,17.0,23.0,1470.0,1515.0,1643.6134033203125,1643.0,0.0,1524.0
130597,5AF4D,300,1.0,8.0,V,0.006,0.43,0.46,0.015,0.06,1.0,6.0,9.0,1470.0,1515.0,1672.16650390625,1681.0,0.0,1532.0
130596,889AE,300,1.0,4.0,B,0.02,0.16,0.18,0.012,0.01,5.0,15.0,57.0,1507.0,1532.0,1666.5692138671875,1670.0,1082.0,1546.0
130595,E8F0F,300,7.0,7.0,X,0.02,0.4,0.42,0.007,0.025,3.0,2.0,49.0,1484.0,1539.0,1663.472900390625,1662.0,574.0,1541.0
130594,E8F0F,300,6.0,7.0,X,0.02,0.4,0.42,0.007,0.025,5.0,6.0,8.0,1484.0,1539.0,1648.7955322265625,1652.0,1020.0,1535.0
130593,E8F0F,300,5.0,7.0,X,0.02,0.4,0.42,0.007,0.025,4.0,4.0,37.0,1484.0,1539.0,1652.8917236328125,1660.0,788.0,1541.0
130592,E8F0F,300,4.0,7.0,X,0.02,0.4,0.42,0.007,0.025,4.0,17.0,22.0,1484.0,1539.0,1659.0714111328125,1665.0,787.0,1548.0
130591,E8F0F,300,3.0,7.0,X,0.02,0.4,0.42,0.007,0.025,4.0,15.0,56.0,1484.0,1539.0,1659.9385986328125,1660.0,789.0,1546.0
130590,E8F0F,300,2.0,7.0,X,0.02,0.4,0.42,0.007,0.025,2.0,2.0,48.0,1484.0,1539.0,1664.5782470703125,1660.0,283.0,1527.0
130589,8E733,300,1.0,7.0,X,0.02,0.19,0.22,0.01,0.02,4.0,6.0,7.0,1506.0,1546.0,1684.8138427734375,1682.0,741.0,1549.0
130588,889AE,300,4.0,4.0,B,0.02,0.16,0.18,0.012,0.01,3.0,4.0,36.0,1507.0,1532.0,1638.708251953125,1643.0,520.0,1541.0
130587,889AE,300,3.0,4.0,B,0.02,0.16,0.18,0.012,0.01,3.0,17.0,21.0,1507.0,1532.0,1637.879150390625,1640.0,508.0,1542.0
130586,889AE,300,2.0,4.0,B,0.02,0.16,0.18,0.012,0.01,3.0,15.0,55.0,1507.0,1532.0,1640.0174560546875,1642.0,502.0,1547.0
130585,889AE,300,1.0,4.0,B,0.02,0.16,0.18,0.012,0.01,1.0,2.0,47.0,1507.0,1532.0,1694.333251953125,1691.0,0.0,1539.0
130584,27A7C,300,9.0,9.0,X,0.02,0.43,0.47,0.0,0.015,3.0,6.0,6.0,1480.0,1515.0,1630.0572509765625,1632.0,461.0,1522.0
130583,A2DFA,300,8.0,9.0,X,0.005,0.43,0.5,0.0,0.0,2.0,4.0,35.0,1480.0,1525.0,1626.4794921875,1627.0,237.0,1533.0
130582,A2DFA,300,7.0,9.0,X,0.005,0.43,0.5,0.0,0.0,2.0,17.0,20.0,1480.0,1525.0,1626.4794921875,1629.0,235.0,1529.0
130581,DE12C,300,6.0,9.0,X,0.02,0.53,0.55,0.0,0.02,2.0,15.0,54.0,1486.0,1536.0,1654.06591796875,1667.0,228.0,1544.0
130580,EB957,300,5.0,9.0,X,0.015,0.53,0.56,0.0,0.01,2.0,6.0,5.0,1486.0,1536.0,1653.2305908203125,1677.0,226.0,1537.0
130579,4A0F0,300,4.0,9.0,X,0.0,0.39,0.42,0.0,0.03,1.0,4.0,34.0,1488.0,1528.0,1657.0396728515625,1664.0,0.0,1538.0
130578,4A0F0,300,3.0,9.0,X,0.0,0.39,0.42,0.0,0.03,1.0,17.0,19.0,1488.0,1528.0,1656.57666015625,1672.0,0.0,1538.0
130577,4A0F0,300,2.0,9.0,X,0.0,0.39,0.42,0.0,0.03,1.0,15.0,53.0,1488.0,1528.0,1656.3182373046875,1670.0,0.0,1535.0
130576,4A0F0,300,1.0,9.0,X,0.0,0.39,0.42,0.0,0.03,1.0,6.0,4.0,1488.0,1528.0,1674.1236572265625,1682.0,0.0,1536.0
130575,4A0F0,300,6.0,6.0,X,0.0,0.39,0.42,0.0,0.03,11.0,15.0,52.0,1488.0,1528.0,1652.87060546875,1656.0,2863.0,1529.0
130574,4A0F0,300,5.0,6.0,X,0.0,0.39,0.42,0.0,0.03,18.0,17.0,18.0,1488.0,1528.0,1647.2567138671875,1654.0,4844.0,1530.0
130573,4A0F0,300,4.0,6.0,X,0.0,0.39,0.42,0.0,0.03,26.0,5.0,63.0,1488.0,1528.0,1641.13916015625,1652.0,7288.0,1525.0
130572,4A0F0,300,3.0,6.0,X,0.0,0.39,0.42,0.0,0.03,26.0,4.0,33.0,1488.0,1528.0,1653.02685546875,1653.0,7091.0,1530.0
130571,4A0F0,300,2.0,5.0,X,0.0,0.39,0.42,0.0,0.03,3.0,6.0,3.0,1488.0,1528.0,1657.4654541015625,1665.0,606.0,1535.0
130570,4A0F0,300,1.0,5.0,X,0.0,0.39,0.42,0.0,0.03,10.0,15.0,51.0,1488.0,1528.0,1653.43603515625,1650.0,2598.0,1531.0
130569,E198F,300,3.0,3.0,X,0.0,0.07,0.1,0.0,0.27,17.0,17.0,17.0,1509.0,1549.0,1633.675537109375,1634.0,4572.0,1555.0
130568,E198F,300,2.0,3.0,X,0.0,0.07,0.1,0.0,0.27,25.0,5.0,62.0,1509.0,1549.0,1628.7880859375,1631.0,7002.0,1551.0
130567,E198F,300,1.0,3.0,X,0.0,0.07,0.1,0.0,0.27,25.0,4.0,32.0,1509.0,1549.0,1633.6458740234375,1640.0,6797.0,1564.0
130566,F4A5E,300,6.0,6.0,V,0.01,0.35,0.37,0.01,0.045,2.0,6.0,2.0,1482.0,1532.0,1659.7169189453125,1680.0,306.0,1539.0
130565,F4A5E,300,5.0,6.0,V,0.01,0.35,0.37,0.01,0.045,9.0,15.0,50.0,1482.0,1532.0,1647.367919921875,1650.0,2289.0,1539.0
130564,E1B6A,300,4.0,6.0,X,0.02,0.18,0.2,0.0,0.015,16.0,17.0,16.0,1501.0,1546.0,1655.3062744140625,1662.0,4268.0,1547.0
130563,E1B6A,300,3.0,6.0,X,0.02,0.18,0.2,0.0,0.015,24.0,5.0,61.0,1501.0,1546.0,1656.0284423828125,1667.0,6709.0,1547.0
130562,D63DF,300,2.0,6.0,V,0.005,0.37,0.4,0.01,0.03,24.0,4.0,31.0,1480.0,1525.0,1636.212890625,1641.0,6490.0,1526.0
130561,A63F7,300,1.0,6.0,V,0.01,0.42,0.44,0.014,0.02,1.0,6.0,1.0,1475.0,1520.0,1674.5390625,1685.0,0.0,1530.0
130560,27A7C,300,7.0,7.0,X,0.02,0.43,0.47,0.0,0.015,8.0,15.0,49.0,1480.0,1515.0,1634.845947265625,1646.0,1990.0,1521.0
130559,27A7C,300,6.0,7.0,X,0.02,0.43,0.47,0.0,0.015,15.0,17.0,15.0,1480.0,1515.0,1638.89892578125,1643.0,3969.0,1525.0
130558,A2DFA,300,5.0,7.0,X,0.005,0.43,0.5,0.0,0.0,23.0,2.0,46.0,1480.0,1525.0,1630.6292724609375,1642.0,6525.0,1533.0
130557,A2DFA,300,4.0,7.0,X,0.005,0.43,0.5,0.0,0.0,23.0,5.0,60.0,1480.0,1525.0,1641.4691162109375,1640.0,6358.0,1531.0
130556,A2DFA,300,3.0,7.0,X,0.005,0.43,0.5,0.0,0.0,23.0,4.0,30.0,1480.0,1525.0,1633.9404296875,1642.0,6151.0,1535.0
130555,3B7FC,300,2.0,7.0,X,0.005,0.46,0.5,0.0,0.015,7.0,15.0,48.0,1480.0,1525.0,1636.375,1647.0,1723.0,1533.0
130554,3B7FC,300,1.0,7.0,X,0.005,0.46,0.5,0.0,0.015,14.0,17.0,14.0,1480.0,1525.0,1656.5943603515625,1664.0,3711.0,1531.0
130553,2D42F,300,8.0,8.0,B,0.005,0.36,0.39,0.0,0.01,22.0,2.0,45.0,1492.0,1547.0,1670.4449462890625,1670.0,6257.0,1556.0
130552,2D42F,300,7.0,8.0,B,0.005,0.36,0.39,0.0,0.01,22.0,5.0,59.0,1492.0,1547.0,1672.9921875,1676.0,6090.0,1554.0
130551,2D42F,300,6.0,8.0,B,0.005,0.36,0.39,0.0,0.01,22.0,4.0,29.0,1492.0,1547.0,1672.6444091796875,1677.0,5879.0,1554.0
130550,2D42F,300,5.0,8.0,B,0.005,0.36,0.39,0.0,0.01,6.0,15.0,47.0,1492.0,1547.0,1677.2628173828125,1680.0,1445.0,1548.0
130549,2D42F,300,4.0,8.0,B,0.005,0.36,0.39,0.0,0.01,13.0,17.0,13.0,1492.0,1547.0,1675.9365234375,1681.0,3426.0,1548.0
130548,2D42F,300,3.0,8.0,B,0.005,0.36,0.39,0.0,0.01,21.0,2.0,44.0,1492.0,1547.0,1677.333740234375,1673.0,5976.0,1554.0
130547,2D42F,300,2.0,8.0,B,0.005,0.36,0.39,0.0,0.01,21.0,5.0,58.0,1492.0,1547.0,1677.2628173828125,1681.0,5796.0,1562.0
130546,2D42F,300,1.0,8.0,B,0.005,0.36,0.39,0.0,0.01,21.0,4.0,28.0,1492.0,1547.0,1691.667236328125,1698.0,5599.0,1543.0
130545,EB957,300,8.0,8.0,X,0.015,0.53,0.56,0.0,0.01,5.0,15.0,46.0,1486.0,1536.0,1657.11328125,1675.0,1154.0,1545.0
130544,EB957,300,7.0,8.0,X,0.015,0.53,0.56,0.0,0.01,12.0,17.0,12.0,1486.0,1536.0,1651.0357666015625,1653.0,3137.0,1542.0
130543,EB957,300,6.0,8.0,X,0.015,0.53,0.56,0.0,0.01,20.0,2.0,43.0,1486.0,1536.0,1655.7255859375,1658.0,5692.0,1534.0
130542,D033D,300,5.0,8.0,X,0.02,0.47,0.49,0.009,0.0,20.0,5.0,57.0,1480.0,1515.0,1628.930908203125,1639.0,5516.0,1521.0
130541,D033D,300,4.0,8.0,X,0.02,0.47,0.49,0.009,0.0,20.0,4.0,27.0,1480.0,1515.0,1622.8427734375,1625.0,5317.0,1521.0
130540,D033D,300,3.0,8.0,X,0.02,0.47,0.49,0.009,0.0,4.0,15.0,45.0,1480.0,1515.0,1620.299072265625,1627.0,875.0,1514.0
130539,D033D,300,2.0,8.0,X,0.02,0.47,0.49,0.009,0.0,11.0,17.0,11.0,1480.0,1515.0,1624.693359375,1627.0,2858.0,1513.0
130538,D033D,300,1.0,8.0,X,0.02,0.47,0.49,0.009,0.0,19.0,2.0,42.0,1480.0,1515.0,1643.788818359375,1652.0,5390.0,1527.0
130537,7B0D4,300,7.0,7.0,X,0.01,0.47,0.5,0.0,0.02,19.0,5.0,56.0,1483.0,1523.0,1635.590087890625,1646.0,5221.0,1529.0
130536,DE12C,300,6.0,7.0,X,0.02,0.53,0.55,0.0,0.02,19.0,4.0,26.0,1486.0,1536.0,1664.3428955078125,1663.0,5014.0,1531.0
130535,DE12C,300,5.0,7.0,X,0.02,0.53,0.55,0.0,0.02,3.0,15.0,44.0,1486.0,1536.0,1656.2091064453125,1661.0,570.0,1540.0
130534,DE12C,300,4.0,7.0,X,0.02,0.53,0.55,0.0,0.02,10.0,17.0,10.0,1486.0,1536.0,1661.036376953125,1663.0,2540.0,1549.0
130533,5146B,300,3.0,7.0,X,0.005,0.45,0.48,0.0,0.0,18.0,2.0,41.0,1481.0,1526.0,1660.0897216796875,1662.0,5089.0,1526.0
130532,5146B,300,2.0,7.0,X,0.005,0.45,0.48,0.0,0.0,18.0,5.0,55.0,1481.0,1526.0,1655.72216796875,1658.0,4916.0,1537.0
130531,44B90,300,1.0,7.0,X,0.01,0.28,0.31,0.0,0.02,18.0,4.0,25.0,1496.0,1541.0,1673.33056640625,1681.0,4717.0,1551.0
130530,FE1F9,300,6.0,6.0,B,0.005,0.33,0.35,0.0,0.015,2.0,15.0,43.0,1491.0,1531.0,1642.5478515625,1648.0,275.0,1537.0
130529,6D507,300,5.0,6.0,X,0.02,0.27,0.29,0.009,0.02,9.0,17.0,9.0,1500.0,1540.0,1660.6185302734375,1665.0,2252.0,1545.0
130528,6D507,300,4.0,6.0,X,0.02,0.27,0.29,0.009,0.02,17.0,2.0,40.0,1500.0,1540.0,1662.220703125,1671.0,4805.0,1542.0
130527,6D507,300,3.0,6.0,X,0.02,0.27,0.29,0.009,0.02,17.0,5.0,54.0,1500.0,1540.0,1670.8955078125,1671.0,4639.0,1551.0
130526,6D507,300,2.0,6.0,X,0.02,0.27,0.29,0.009,0.02,17.0,4.0,24.0,1500.0,1540.0,1669.5301513671875,1673.0,4429.0,1540.0
130525,6D507,300,1.0,6.0,X,0.02,0.27,0.29,0.009,0.02,1.0,15.0,42.0,1500.0,1540.0,1702.299072265625,1705.0,0.0,1539.0
130524,4A0F0,300,8.0,8.0,X,0.0,0.39,0.42,0.0,0.03,8.0,17.0,8.0,1488.0,1528.0,1649.551025390625,1656.0,1974.0,1533.0
130523,4A0F0,300,7.0,8.0,X,0.0,0.39,0.42,0.0,0.03,16.0,16.0,59.0,1488.0,1528.0,1641.4267578125,1653.0,4301.0,1527.0
130522,4A0F0,300,6.0,8.0,X,0.0,0.39,0.42,0.0,0.03,16.0,5.0,53.0,1488.0,1528.0,1641.4771728515625,1651.0,4361.0,1539.0
130521,4A0F0,300,5.0,8.0,X,0.0,0.39,0.42,0.0,0.03,16.0,2.0,39.0,1488.0,1528.0,1650.0892333984375,1653.0,4418.0,1536.0
130520,4A0F0,300,4.0,8.0,X,0.0,0.39,0.42,0.0,0.03,16.0,4.0,23.0,1488.0,1528.0,1644.950927734375,1654.0,4113.0,1539.0
130519,4A0F0,300,3.0,8.0,X,0.0,0.39,0.42,0.0,0.03,7.0,17.0,7.0,1488.0,1528.0,1637.31884765625,1645.0,1712.0,1535.0
130518,4A0F0,300,2.0,8.0,X,0.0,0.39,0.42,0.0,0.03,15.0,16.0,58.0,1488.0,1528.0,1644.45263671875,1653.0,4036.0,1539.0
130517,4A0F0,300,1.0,8.0,X,0.0,0.39,0.42,0.0,0.03,15.0,5.0,52.0,1488.0,1528.0,1660.716064453125,1658.0,4096.0,1536.0
130516,6E222,300,6.0,6.0,X,0.015,0.21,0.23,0.0,0.01,15.0,2.0,38.0,1504.0,1549.0,1670.8990478515625,1675.0,4155.0,1545.0
130515,6E222,300,5.0,6.0,X,0.015,0.21,0.23,0.0,0.01,15.0,4.0,22.0,1504.0,1549.0,1667.8277587890625,1674.0,3843.0,1547.0
130514,6E222,300,4.0,6.0,X,0.015,0.21,0.23,0.0,0.01,6.0,17.0,6.0,1504.0,1549.0,1664.9251708984375,1675.0,1443.0,1541.0
130513,6E222,300,3.0,6.0,X,0.015,0.21,0.23,0.0,0.01,14.0,16.0,57.0,1504.0,1549.0,1664.3848876953125,1667.0,3764.0,1547.0
130512,6E222,300,2.0,6.0,X,0.015,0.21,0.23,0.0,0.01,14.0,5.0,51.0,1504.0,1549.0,1663.78662109375,1675.0,3826.0,1564.0
130511,6E222,300,1.0,6.0,X,0.015,0.21,0.23,0.0,0.01,14.0,2.0,37.0,1504.0,1549.0,1680.9879150390625,1675.0,3877.0,1554.0
130510,E86A6,300,4.0,4.0,X,0.018,0.28,0.31,0.007,0.015,14.0,4.0,21.0,1497.0,1537.0,1650.2015380859375,1657.0,3568.0,1547.0
130509,E86A6,300,3.0,4.0,X,0.018,0.28,0.31,0.007,0.015,5.0,17.0,5.0,1497.0,1537.0,1651.5484619140625,1655.0,1166.0,1549.0
130508,E86A6,300,3.0,5.0,X,0.018,0.28,0.31,0.007,0.015,13.0,5.0,50.0,1497.0,1537.0,1656.241455078125,1667.0,3541.0,1547.0
130507,E86A6,300,2.0,5.0,X,0.018,0.28,0.31,0.007,0.015,13.0,16.0,56.0,1497.0,1537.0,1648.3455810546875,1652.0,3373.0,1554.0
130506,E86A6,300,1.0,5.0,X,0.018,0.28,0.31,0.007,0.015,13.0,2.0,36.0,1497.0,1537.0,1663.37744140625,1671.0,3534.0,1542.0
130505,E86A6,300,5.0,5.0,X,0.018,0.28,0.31,0.007,0.015,13.0,4.0,20.0,1497.0,1537.0,1659.6793212890625,1662.0,3218.0,1561.0
130504,E86A6,300,4.0,5.0,X,0.018,0.28,0.31,0.007,0.015,4.0,17.0,4.0,1497.0,1537.0,1653.0701904296875,1664.0,822.0,1556.0
130503,E86A6,300,3.0,5.0,X,0.018,0.28,0.31,0.007,0.015,12.0,5.0,49.0,1497.0,1537.0,1658.583984375,1662.0,3260.0,1547.0
130502,E86A6,300,2.0,5.0,X,0.018,0.28,0.31,0.007,0.015,12.0,16.0,55.0,1497.0,1537.0,1658.6590576171875,1667.0,3096.0,1543.0
130501,E86A6,300,1.0,5.0,X,0.018,0.28,0.31,0.007,0.015,12.0,2.0,35.0,1497.0,1537.0,1662.725830078125,1674.0,3270.0,1553.0
130500,15493,300,6.0,6.0,X,0.01,0.38,0.43,0.0,0.0,12.0,4.0,19.0,1485.0,1525.0,1643.819580078125,1648.0,2956.0,1530.0
130499,9C4F0,300,5.0,6.0,X,0.015,0.18,0.23,0.01,0.0,3.0,17.0,3.0,1504.0,1544.0,1664.33544921875,1680.0,555.0,1561.0
130498,51FF2,300,4.0,6.0,X,0.015,0.21,0.23,0.0,0.01,11.0,5.0,48.0,1503.0,1543.0,1657.1597900390625,1665.0,2990.0,1555.0
130497,51FF2,300,3.0,6.0,X,0.015,0.21,0.23,0.0,0.01,11.0,16.0,54.0,1503.0,1543.0,1657.9969482421875,1658.0,2812.0,1557.0
130496,51FF2,300,2.0,6.0,X,0.015,0.21,0.23,0.0,0.01,11.0,2.0,34.0,1503.0,1543.0,1657.0211181640625,1657.0,2989.0,1552.0
130495,51FF2,300,1.0,6.0,X,0.015,0.21,0.23,0.0,0.01,11.0,4.0,18.0,1503.0,1543.0,1670.453125,1675.0,2676.0,1545.0
130494,BF6EC,300,6.0,6.0,X,0.015,0.19,0.23,0.009,0.0,2.0,17.0,2.0,1504.0,1549.0,1681.4639892578125,1685.0,276.0,1569.0
130493,1E6E6,300,5.0,6.0,X,0.025,0.19,0.23,0.01,0.015,10.0,5.0,47.0,1505.0,1545.0,1659.3673095703125,1659.0,2718.0,1559.0
130492,1E6E6,300,4.0,6.0,X,0.025,0.19,0.23,0.01,0.015,10.0,16.0,53.0,1505.0,1545.0,1665.2689208984375,1667.0,2549.0,1543.0
130491,E0B89,300,3.0,6.0,X,0.02,0.22,0.25,0.01,0.01,10.0,2.0,33.0,1501.0,1546.0,1674.2501220703125,1662.0,2725.0,1550.0
130490,E0B89,300,2.0,6.0,X,0.02,0.22,0.25,0.01,0.01,10.0,4.0,17.0,1501.0,1546.0,1660.7843017578125,1662.0,2399.0,1544.0
130489,60329,300,1.0,6.0,X,0.015,0.22,0.25,0.01,0.0,1.0,17.0,1.0,1501.0,1536.0,1694.38818359375,1691.0,0.0,1537.0
130488,7FEAB,300,8.0,8.0,X,0.02,0.19,0.21,0.009,0.02,9.0,5.0,46.0,1506.0,1546.0,1661.2315673828125,1680.0,2439.0,1559.0
130487,7FEAB,300,7.0,8.0,X,0.02,0.19,0.21,0.009,0.02,9.0,16.0,52.0,1506.0,1546.0,1661.0086669921875,1679.0,2272.0,1560.0
130486,7FEAB,300,6.0,8.0,X,0.02,0.19,0.21,0.009,0.02,10.0,7.0,60.0,1506.0,1546.0,1658.118408203125,1668.0,2515.0,1557.0
130485,7FEAB,300,5.0,8.0,X,0.02,0.19,0.21,0.009,0.02,9.0,4.0,16.0,1506.0,1546.0,1660.632080078125,1674.0,2137.0,1549.0
130484,7FEAB,300,4.0,8.0,X,0.02,0.19,0.21,0.009,0.02,9.0,2.0,32.0,1506.0,1546.0,1661.5701904296875,1674.0,2338.0,1545.0
130483,7FEAB,300,3.0,8.0,X,0.02,0.19,0.21,0.009,0.02,8.0,5.0,45.0,1506.0,1546.0,1661.203857421875,1672.0,2156.0,1557.0
130482,7FEAB,300,2.0,8.0,X,0.02,0.19,0.21,0.009,0.02,8.0,16.0,51.0,1506.0,1546.0,1661.8953857421875,1676.0,1987.0,1539.0
130481,7FEAB,300,1.0,8.0,X,0.02,0.19,0.21,0.009,0.02,9.0,7.0,59.0,1506.0,1546.0,1692.48388671875,1713.0,2225.0,1551.0
130480,EF256,300,8.0,8.0,B,0.015,0.56,0.64,0.0,0.0,8.0,4.0,15.0,1481.0,1526.0,1639.4107666015625,1656.0,1838.0,1530.0
130479,EF256,300,7.0,8.0,B,0.015,0.56,0.64,0.0,0.0,8.0,2.0,31.0,1481.0,1526.0,1644.9071044921875,1646.0,2033.0,1530.0
130478,EF256,300,6.0,8.0,B,0.015,0.56,0.64,0.0,0.0,7.0,5.0,44.0,1481.0,1526.0,1643.628662109375,1645.0,1855.0,1532.0
130477,E36E1,300,5.0,8.0,X,0.02,0.34,0.37,0.0,0.02,7.0,16.0,50.0,1489.0,1534.0,1654.063720703125,1660.0,1687.0,1539.0
130476,CA2FD,300,4.0,8.0,X,0.02,0.15,0.17,0.009,0.02,8.0,7.0,58.0,1507.0,1552.0,1667.3687744140625,1674.0,1926.0,1557.0
130475,CA2FD,300,3.0,8.0,X,0.02,0.15,0.17,0.009,0.02,7.0,4.0,14.0,1507.0,1552.0,1667.4708251953125,1680.0,1548.0,1561.0
130474,CA2FD,300,2.0,8.0,X,0.02,0.15,0.17,0.009,0.02,7.0,2.0,30.0,1507.0,1552.0,1677.1290283203125,1691.0,1743.0,1565.0
130473,CA2FD,300,1.0,8.0,X,0.02,0.15,0.17,0.009,0.02,6.0,5.0,43.0,1507.0,1552.0,1680.8839111328125,1709.0,1579.0,1559.0
130472,33D10,300,4.0,4.0,X,0.015,0.39,0.42,0.0,0.0,6.0,16.0,49.0,1485.0,1530.0,1647.4835205078125,1666.0,1411.0,1527.0
130471,5692D,300,3.0,4.0,X,0.015,0.39,0.41,0.0,0.01,7.0,7.0,57.0,1486.0,1521.0,1637.54541015625,1639.0,1651.0,1530.0
130470,3D92C,300,2.0,4.0,X,0.01,0.39,0.41,0.0,0.02,6.0,4.0,13.0,1485.0,1520.0,1624.974365234375,1631.0,1276.0,1518.0
130469,3D92C,300,1.0,4.0,X,0.01,0.39,0.41,0.0,0.02,6.0,4.0,13.0,1485.0,1520.0,1648.202880859375,1648.0,1478.0,
130468,734B0,300,6.0,6.0,X,0.01,0.4,0.43,0.0,0.02,5.0,16.0,48.0,1486.0,1526.0,1638.4886474609375,1660.0,1119.0,1529.0
130467,734B0,300,5.0,6.0,X,0.01,0.4,0.43,0.0,0.02,6.0,7.0,56.0,1486.0,1526.0,1643.105224609375,1648.0,1352.0,1527.0
130466,734B0,300,4.0,6.0,X,0.01,0.4,0.43,0.0,0.02,5.0,5.0,42.0,1486.0,1526.0,1640.2427978515625,1648.0,1123.0,1532.0
130465,734B0,300,3.0,6.0,X,0.01,0.4,0.43,0.0,0.02,5.0,2.0,28.0,1486.0,1526.0,1644.06005859375,1639.0,1129.0,1538.0
130464,734B0,300,2.0,6.0,X,0.01,0.4,0.43,0.0,0.02,5.0,4.0,12.0,1486.0,1526.0,1638.1026611328125,1647.0,1128.0,1529.0
130463,734B0,300,1.0,6.0,X,0.01,0.4,0.43,0.0,0.02,4.0,16.0,47.0,1486.0,1526.0,1653.904052734375,1657.0,848.0,1528.0
130462,8ECC3,300,7.0,7.0,X,0.01,0.48,0.51,0.0,0.0,5.0,7.0,55.0,1477.0,1522.0,1634.857666015625,1637.0,1082.0,1527.0
130461,FEDC9,300,6.0,7.0,X,0.02,0.17,0.19,0.01,0.01,4.0,5.0,41.0,1506.0,1551.0,1667.6331787109375,1664.0,849.0,1559.0
130460,8E733,300,5.0,7.0,X,0.02,0.19,0.22,0.01,0.02,4.0,2.0,27.0,1506.0,1546.0,1659.1170654296875,1670.0,847.0,1542.0
130459,8E733,300,4.0,7.0,X,0.02,0.19,0.22,0.01,0.02,4.0,4.0,11.0,1506.0,1546.0,1665.8740234375,1663.0,845.0,1552.0
130458,8E733,300,3.0,7.0,X,0.02,0.19,0.22,0.01,0.02,3.0,16.0,46.0,1506.0,1546.0,1665.08447265625,1662.0,565.0,1550.0
130457,8E733,300,2.0,7.0,X,0.02,0.19,0.22,0.01,0.02,4.0,7.0,54.0,1506.0,1546.0,1662.9398193359375,1668.0,807.0,1556.0
130456,8E733,300,1.0,7.0,X,0.02,0.19,0.22,0.01,0.02,3.0,5.0,40.0,1506.0,1546.0,1680.4417724609375,1678.0,582.0,1545.0
130455,57414,300,6.0,6.0,X,0.01,0.38,0.43,0.0,0.02,3.0,2.0,26.0,1486.0,1526.0,1645.2486572265625,1651.0,569.0,1540.0
130454,57414,300,5.0,6.0,X,0.01,0.38,0.43,0.0,0.02,3.0,4.0,10.0,1486.0,1526.0,1635.508056640625,1648.0,562.0,1532.0
130453,57414,300,4.0,6.0,X,0.01,0.38,0.43,0.0,0.02,2.0,16.0,45.0,1486.0,1526.0,1639.3697509765625,1636.0,286.0,1527.0
130452,57414,300,3.0,6.0,X,0.01,0.38,0.43,0.0,0.02,3.0,7.0,53.0,1486.0,1526.0,1640.7230224609375,1644.0,525.0,1544.0
130451,57414,300,2.0,6.0,X,0.01,0.38,0.43,0.0,0.02,2.0,5.0,39.0,1486.0,1526.0,1636.1524658203125,1639.0,299.0,1536.0
130450,57414,300,1.0,6.0,X,0.01,0.38,0.43,0.0,0.02,2.0,2.0,25.0,1486.0,1526.0,1662.7235107421875,1665.0,299.0,1535.0
130449,E109B,300,7.0,7.0,X,0.02,0.2,0.22,0.0,0.02,2.0,4.0,9.0,1502.0,1542.0,1663.4339599609375,1665.0,298.0,1542.0
130448,77C04,300,6.0,7.0,X,0.02,0.17,0.22,0.01,0.01,1.0,16.0,44.0,1502.0,1547.0,1677.4749755859375,1680.0,0.0,1545.0
130447,77C04,300,5.0,7.0,X,0.02,0.17,0.22,0.01,0.01,2.0,7.0,52.0,1502.0,1547.0,1662.6678466796875,1670.0,235.0,1554.0
130446,77C04,300,4.0,7.0,X,0.02,0.17,0.22,0.01,0.01,1.0,5.0,38.0,1502.0,1547.0,1677.147705078125,1690.0,0.0,1553.0
130445,FA128,300,3.0,7.0,X,0.02,0.18,0.21,0.009,0.02,1.0,2.0,24.0,1504.0,1544.0,1672.924072265625,1678.0,0.0,1541.0
130444,FA128,300,2.0,7.0,X,0.02,0.18,0.21,0.009,0.02,1.0,4.0,8.0,1504.0,1544.0,1671.1514892578125,1680.0,0.0,1548.0
130443,FA128,300,1.0,7.0,X,0.02,0.18,0.21,0.009,0.02,1.0,7.0,51.0,1504.0,1544.0,1698.5865478515625,1689.0,0.0,1544.0
130442,D398B,300,6.0,6.0,X,0.02,0.2,0.22,0.009,0.02,23.0,2.0,23.0,1506.0,1551.0,1669.0391845703125,1680.0,7311.0,1557.0
130441,D398B,300,5.0,6.0,X,0.02,0.2,0.22,0.009,0.02,3.0,5.0,37.0,1506.0,1551.0,1676.43896484375,1678.0,582.0,1563.0
130440,248B5,300,4.0,6.0,X,0.02,0.21,0.23,0.009,0.02,20.0,16.0,43.0,1506.0,1551.0,1679.31396484375,1677.0,6321.0,1554.0
130439,248B5,300,3.0,7.0,X,0.02,0.21,0.23,0.009,0.02,7.0,4.0,7.0,1506.0,1551.0,1677.712158203125,1680.0,1816.0,1563.0
130438,248B5,300,2.0,7.0,X,0.02,0.21,0.23,0.009,0.02,22.0,7.0,50.0,1506.0,1551.0,1676.4677734375,1681.0,7086.0,1556.0
130437,248B5,300,1.0,7.0,X,0.02,0.21,0.23,0.009,0.02,22.0,2.0,22.0,1506.0,1551.0,1690.724365234375,1691.0,7016.0,1551.0
130436,889AE,300,4.0,4.0,B,0.02,0.16,0.18,0.012,0.01,2.0,5.0,36.0,1507.0,1532.0,1639.434326171875,1659.0,301.0,1549.0
130435,889AE,300,3.0,4.0,B,0.02,0.16,0.18,0.012,0.01,19.0,16.0,42.0,1507.0,1532.0,1636.5931396484375,1642.0,6046.0,1542.0
130434,889AE,300,2.0,4.0,B,0.02,0.16,0.18,0.012,0.01,6.0,4.0,6.0,1507.0,1532.0,1636.75830078125,1641.0,1548.0,1527.0
130433,889AE,300,1.0,4.0,B,0.02,0.16,0.18,0.012,0.01,21.0,7.0,49.0,1507.0,1532.0,1672.1737060546875,1683.0,6807.0,1549.0
130432,25632,300,6.0,6.0,X,0.01,0.96,1.02,0.008,0.0,21.0,2.0,21.0,1460.0,1485.0,1597.1065673828125,1602.0,6730.0,1485.0
130431,C635C,300,5.0,6.0,X,0.0,0.9,0.94,0.0,0.0,1.0,5.0,35.0,1460.0,1485.0,1630.80908203125,1645.0,0.0,1511.0
130430,200CA,300,4.0,6.0,X,0.0,0.93,0.98,0.006,0.0,18.0,16.0,41.0,1462.0,1488.0,1609.6510009765625,1618.0,5737.0,1495.0
130429,200CA,300,3.0,6.0,X,0.0,0.93,0.98,0.006,0.0,5.0,4.0,5.0,1462.0,1488.0,1602.5018310546875,1612.0,1232.0,1499.0
130428,0BFF6,300,2.0,6.0,X,0.0,0.93,0.98,0.006,0.0,20.0,7.0,48.0,1462.0,1488.0,1608.9228515625,1620.0,6496.0,1495.0
130427,B248F,300,1.0,6.0,X,0.0,0.93,0.97,0.0,0.0,20.0,2.0,20.0,1462.0,1488.0,1620.462890625,1625.0,6407.0,1503.0
130426,47D7D,150,7.0,7.0,X,0.0,0.37,0.41,0.011,0.08,4.0,4.0,4.0,1480.0,1530.0,1633.7813720703125,1647.0,947.0,1540.0
130425,47D7D,150,6.0,7.0,X,0.0,0.37,0.41,0.011,0.08,17.0,16.0,40.0,1480.0,1530.0,1629.775146484375,1638.0,5324.0,1529.0
130424,47D7D,150,5.0,7.0,X,0.0,0.37,0.41,0.011,0.08,14.0,5.0,34.0,1480.0,1530.0,1630.3828125,1640.0,4268.0,1531.0
130423,47D7D,150,4.0,7.0,X,0.0,0.37,0.41,0.011,0.08,19.0,7.0,47.0,1480.0,1530.0,1621.493896484375,1635.0,6087.0,1535.0
130422,47D7D,150,3.0,7.0,X,0.0,0.37,0.41,0.011,0.08,19.0,2.0,19.0,1480.0,1530.0,1621.927978515625,1635.0,6006.0,1527.0
130421,47D7D,150,2.0,7.0,X,0.0,0.37,0.41,0.011,0.08,3.0,4.0,3.0,1480.0,1530.0,1637.46240234375,1642.0,620.0,1541.0
130420,47D7D,150,1.0,7.0,X,0.0,0.37,0.41,0.011,0.08,16.0,16.0,39.0,1480.0,1530.0,1648.106689453125,1657.0,5001.0,1531.0
130419,9A58C,150,4.0,4.0,X,0.0,0.37,0.4,0.008,0.08,13.0,5.0,33.0,1480.0,1530.0,1635.755615234375,1658.0,3946.0,1541.0
130418,9A58C,150,3.0,4.0,X,0.0,0.37,0.4,0.008,0.08,18.0,7.0,46.0,1480.0,1530.0,1622.8289794921875,1643.0,5758.0,1535.0
130417,9A58C,150,2.0,4.0,X,0.0,0.37,0.4,0.008,0.08,18.0,2.0,18.0,1480.0,1530.0,1634.5341796875,1634.0,5679.0,1532.0
130416,9A58C,150,1.0,4.0,X,0.0,0.37,0.4,0.008,0.08,2.0,4.0,2.0,1480.0,1530.0,1667.629150390625,1672.0,303.0,1538.0
130415,FC47C,150,5.0,5.0,X,0.015,0.45,0.48,0.0,0.01,15.0,16.0,38.0,1482.0,1537.0,1646.821533203125,1666.0,4682.0,1540.0
130414,FC47C,150,4.0,5.0,X,0.015,0.45,0.48,0.0,0.01,12.0,5.0,32.0,1482.0,1537.0,1642.784423828125,1653.0,3629.0,1533.0
130413,FC47C,150,3.0,5.0,X,0.015,0.45,0.48,0.0,0.01,17.0,7.0,45.0,1482.0,1537.0,1640.8870849609375,1649.0,5444.0,1546.0
130412,FC47C,150,2.0,5.0,X,0.015,0.45,0.48,0.0,0.01,17.0,2.0,17.0,1482.0,1537.0,1642.9041748046875,1649.0,5363.0,1533.0
130411,FC47C,150,1.0,5.0,X,0.015,0.45,0.48,0.0,0.01,1.0,4.0,1.0,1482.0,1537.0,1683.853515625,1691.0,0.0,1548.0
130410,FC47C,150,10.0,10.0,X,0.015,0.45,0.48,0.0,0.01,14.0,16.0,37.0,1482.0,1537.0,1645.2398681640625,1656.0,4379.0,1546.0
130409,FC47C,150,9.0,10.0,X,0.015,0.45,0.48,0.0,0.01,11.0,5.0,31.0,1482.0,1537.0,1642.38623046875,1644.0,3319.0,1546.0
130408,FC47C,150,8.0,10.0,X,0.015,0.45,0.48,0.0,0.01,16.0,7.0,44.0,1482.0,1537.0,1640.7996826171875,1641.0,5132.0,1544.0
130407,FC47C,150,7.0,10.0,X,0.015,0.45,0.48,0.0,0.01,16.0,2.0,16.0,1482.0,1537.0,1643.552978515625,1655.0,5052.0,1547.0
130406,FC47C,150,6.0,10.0,X,0.015,0.45,0.48,0.0,0.01,15.0,15.0,41.0,1482.0,1537.0,1641.778076171875,1643.0,4742.0,1553.0
130405,FC47C,150,5.0,10.0,X,0.015,0.45,0.48,0.0,0.01,13.0,16.0,36.0,1482.0,1537.0,1642.920166015625,1649.0,4068.0,1542.0
130404,FC47C,150,4.0,10.0,X,0.015,0.45,0.48,0.0,0.01,10.0,5.0,30.0,1482.0,1537.0,1644.2635498046875,1643.0,3013.0,1539.0
130403,FC47C,150,3.0,10.0,X,0.015,0.45,0.48,0.0,0.01,15.0,7.0,43.0,1482.0,1537.0,1642.2098388671875,1639.0,4834.0,1549.0
130402,FC47C,150,2.0,10.0,X,0.015,0.45,0.48,0.0,0.01,15.0,2.0,15.0,1482.0,1537.0,1644.50244140625,1642.0,4743.0,1540.0
130401,FC47C,150,1.0,10.0,X,0.015,0.45,0.48,0.0,0.01,14.0,15.0,40.0,1482.0,1537.0,1661.2757568359375,1660.0,4431.0,1545.0
130400,FC47C,150,10.0,10.0,X,0.015,0.45,0.48,0.0,0.01,12.0,16.0,35.0,1482.0,1537.0,1650.1424560546875,1646.0,3758.0,1542.0
130399,FC47C,150,9.0,10.0,X,0.015,0.45,0.48,0.0,0.01,9.0,5.0,29.0,1482.0,1537.0,1650.110107421875,1649.0,2702.0,1541.0
130398,FC47C,150,8.0,10.0,X,0.015,0.45,0.48,0.0,0.01,14.0,7.0,42.0,1482.0,1537.0,1661.167236328125,1655.0,4519.0,1549.0
130397,FC47C,150,7.0,10.0,X,0.015,0.45,0.48,0.0,0.01,14.0,2.0,14.0,1482.0,1537.0,1660.5396728515625,1663.0,4436.0,1544.0
130396,FC47C,150,6.0,10.0,X,0.015,0.45,0.48,0.0,0.01,13.0,15.0,39.0,1482.0,1537.0,1659.3289794921875,1661.0,4126.0,1538.0
130395,FC47C,150,5.0,10.0,X,0.015,0.45,0.48,0.0,0.01,11.0,16.0,34.0,1482.0,1537.0,1660.6396484375,1657.0,3448.0,1541.0
130394,FC47C,150,4.0,10.0,X,0.015,0.45,0.48,0.0,0.01,8.0,5.0,28.0,1482.0,1537.0,1657.7276611328125,1659.0,2397.0,1538.0
130393,FC47C,150,3.0,10.0,X,0.015,0.45,0.48,0.0,0.01,13.0,7.0,41.0,1482.0,1537.0,1657.7261962890625,1658.0,4227.0,1548.0
130392,FC47C,150,2.0,10.0,X,0.015,0.45,0.48,0.0,0.01,13.0,2.0,13.0,1482.0,1537.0,1658.64697265625,1657.0,4150.0,1537.0
130391,FC47C,150,1.0,10.0,X,0.015,0.45,0.48,0.0,0.01,12.0,15.0,38.0,1482.0,1537.0,1656.049560546875,1655.0,3834.0,1538.0
130390,FC47C,150,6.0,6.0,X,0.015,0.45,0.48,0.0,0.01,10.0,16.0,33.0,1482.0,1537.0,1652.941650390625,1659.0,3100.0,1535.0
130389,4D097,150,5.0,6.0,X,0.015,0.51,0.55,0.0,0.01,7.0,5.0,27.0,1487.0,1537.0,1649.2601318359375,1656.0,2049.0,1538.0
130388,4D097,150,4.0,5.0,X,0.015,0.51,0.55,0.0,0.01,12.0,7.0,40.0,1487.0,1537.0,1645.0970458984375,1643.0,3866.0,1536.0
130387,4D097,150,3.0,5.0,X,0.015,0.51,0.55,0.0,0.01,12.0,2.0,12.0,1487.0,1537.0,1645.5372314453125,1665.0,3719.0,1551.0
130386,4D097,150,3.0,6.0,X,0.015,0.51,0.55,0.0,0.01,11.0,15.0,37.0,1487.0,1537.0,1641.62744140625,1639.0,3365.0,1542.0
130385,4D097,150,2.0,6.0,X,0.015,0.51,0.55,0.0,0.01,9.0,16.0,32.0,1487.0,1537.0,1642.073486328125,1639.0,2691.0,1530.0
130384,4D097,150,1.0,6.0,X,0.015,0.51,0.55,0.0,0.01,6.0,5.0,26.0,1487.0,1537.0,1658.375244140625,1657.0,1639.0,1529.0
130383,4D097,150,9.0,9.0,X,0.015,0.51,0.55,0.0,0.01,11.0,7.0,39.0,1487.0,1537.0,1642.9813232421875,1645.0,3457.0,1538.0
130382,4D097,150,8.0,9.0,X,0.015,0.51,0.55,0.0,0.01,11.0,2.0,11.0,1487.0,1537.0,1642.431396484375,1645.0,3384.0,1541.0
130381,4D097,150,7.0,9.0,X,0.015,0.51,0.55,0.0,0.01,10.0,15.0,36.0,1487.0,1537.0,1643.1685791015625,1644.0,3074.0,1542.0
130380,4D097,150,6.0,9.0,X,0.015,0.51,0.55,0.0,0.01,8.0,16.0,31.0,1487.0,1537.0,1644.0452880859375,1641.0,2403.0,1549.0
130379,4D097,150,5.0,9.0,X,0.015,0.51,0.55,0.0,0.01,5.0,5.0,25.0,1487.0,1537.0,1649.77001953125,1653.0,1354.0,1549.0
130378,4D097,150,4.0,9.0,X,0.015,0.51,0.55,0.0,0.01,10.0,7.0,38.0,1487.0,1537.0,1649.76416015625,1648.0,3176.0,1558.0
130377,4D097,150,3.0,9.0,X,0.015,0.51,0.55,0.0,0.01,10.0,2.0,10.0,1487.0,1537.0,1655.2318115234375,1657.0,3088.0,1545.0
130376,4D097,150,2.0,9.0,X,0.015,0.51,0.55,0.0,0.01,9.0,15.0,35.0,1487.0,1537.0,1655.53857421875,1657.0,2773.0,1555.0
130375,4D097,150,1.0,9.0,X,0.015,0.51,0.55,0.0,0.01,7.0,16.0,30.0,1487.0,1537.0,1665.6866455078125,1670.0,2109.0,1540.0
130374,4D097,150,3.0,9.0,X,0.015,0.51,0.55,0.0,0.01,4.0,5.0,24.0,1487.0,1537.0,1643.56640625,1647.0,886.0,1547.0
130373,4D097,150,2.0,9.0,X,0.015,0.51,0.55,0.0,0.01,9.0,7.0,37.0,1487.0,1537.0,1647.6094970703125,1648.0,2693.0,1542.0
130372,4D097,150,1.0,9.0,X,0.015,0.51,0.55,0.0,0.01,9.0,2.0,9.0,1487.0,1537.0,1659.7685546875,1667.0,2614.0,1540.0
130371,4D097,150,9.0,9.0,X,0.015,0.51,0.55,0.0,0.01,8.0,15.0,34.0,1487.0,1537.0,1648.50341796875,1657.0,2300.0,1537.0
130370,4D097,150,8.0,9.0,X,0.015,0.51,0.55,0.0,0.01,6.0,16.0,29.0,1487.0,1537.0,1646.693115234375,1652.0,1630.0,1534.0
130369,4D097,150,7.0,9.0,X,0.015,0.51,0.55,0.0,0.01,3.0,5.0,23.0,1487.0,1537.0,1644.45751953125,1651.0,582.0,1537.0
130368,4D097,150,6.0,9.0,X,0.015,0.51,0.55,0.0,0.01,8.0,7.0,36.0,1487.0,1537.0,1644.888427734375,1648.0,2405.0,1542.0
130367,4D097,150,5.0,9.0,X,0.015,0.51,0.55,0.0,0.01,8.0,2.0,8.0,1487.0,1537.0,1647.7310791015625,1653.0,2325.0,1540.0
130366,4D097,150,4.0,9.0,X,0.015,0.51,0.55,0.0,0.01,7.0,15.0,33.0,1487.0,1537.0,1644.0968017578125,1649.0,2011.0,1534.0
130365,4D097,150,3.0,9.0,X,0.015,0.51,0.55,0.0,0.01,5.0,16.0,28.0,1487.0,1537.0,1642.8338623046875,1642.0,1335.0,1530.0
130364,4D097,150,2.0,9.0,X,0.015,0.51,0.55,0.0,0.01,2.0,5.0,22.0,1487.0,1537.0,1644.618408203125,1646.0,279.0,1540.0
130363,4D097,150,1.0,9.0,X,0.015,0.51,0.55,0.0,0.01,7.0,7.0,35.0,1487.0,1537.0,1658.6640625,1658.0,2104.0,1537.0
130362,9A0AD,150,4.0,4.0,V,0.0,0.67,0.7,0.008,0.06,7.0,2.0,7.0,1474.0,1509.0,1613.18896484375,1601.0,2032.0,1514.0
130361,43C5C,150,3.0,4.0,X,0.005,0.5,0.53,0.0,0.02,6.0,15.0,32.0,1487.0,1532.0,1637.3087158203125,1632.0,1722.0,1535.0
130360,43C5C,150,2.0,4.0,X,0.005,0.5,0.53,0.0,0.02,4.0,16.0,27.0,1487.0,1532.0,1636.2867431640625,1640.0,1046.0,1541.0
130359,43C5C,150,1.0,4.0,X,0.005,0.5,0.53,0.0,0.02,1.0,5.0,21.0,1487.0,1532.0,1675.8076171875,1672.0,0.0,1537.0
130358,B0EC5,150,3.0,3.0,V,0.01,0.36,0.39,0.015,0.02,6.0,7.0,34.0,1480.0,1530.0,1644.735595703125,1671.0,1824.0,1554.0
130357,E1B6A,150,2.0,3.0,X,0.02,0.18,0.2,0.0,0.015,6.0,2.0,6.0,1501.0,1546.0,1652.4981689453125,1660.0,1750.0,1537.0
130356,E1B6A,150,1.0,3.0,X,0.02,0.18,0.2,0.0,0.015,5.0,15.0,31.0,1501.0,1546.0,1668.6002197265625,1678.0,1437.0,1529.0
130355,C8C14,150,3.0,3.0,X,0.02,0.16,0.18,0.008,0.015,1.0,5.0,20.0,1507.0,1547.0,1666.4600830078125,1675.0,0.0,1551.0
130354,AB910,150,3.0,4.0,X,0.02,0.4,0.45,0.0,0.02,6.0,7.0,34.0,1483.0,1538.0,1651.0751953125,1672.0,1806.0,
130353,F10E0,150,2.0,4.0,X,0.02,0.15,0.18,0.008,0.0,6.0,5.0,20.0,1511.0,1552.0,1651.179931640625,1667.0,1676.0,1545.0
130352,BB21B,150,1.0,4.0,V,0.0,0.45,0.48,0.018,0.05,5.0,2.0,5.0,1472.0,1517.0,1645.1865234375,1636.0,1422.0,1514.0
130351,BB21B,150,3.0,7.0,V,0.0,0.45,0.48,0.018,0.05,4.0,15.0,30.0,1472.0,1517.0,1636.651611328125,1636.0,1017.0,1516.0
130350,BB21B,150,2.0,7.0,V,0.0,0.45,0.48,0.018,0.05,2.0,16.0,25.0,1472.0,1517.0,1629.090576171875,1645.0,349.0,1517.0
130349,BB21B,150,1.0,7.0,V,0.0,0.45,0.48,0.018,0.05,5.0,7.0,33.0,1472.0,1517.0,1642.0040283203125,1647.0,1398.0,1527.0
130348,B7DF0,150,5.0,8.0,X,0.015,0.38,0.42,0.0,0.02,5.0,5.0,19.0,1486.0,1531.0,1642.786865234375,1645.0,1249.0,1541.0
130347,E0B89,150,4.0,8.0,X,0.02,0.22,0.25,0.01,0.01,4.0,2.0,4.0,1501.0,1541.0,1641.7109375,1654.0,988.0,1549.0
130346,1E6E6,150,3.0,8.0,X,0.025,0.19,0.23,0.01,0.015,3.0,15.0,29.0,1505.0,1550.0,1654.391845703125,1664.0,675.0,1556.0
130345,1E6E6,150,2.0,8.0,X,0.025,0.19,0.23,0.01,0.015,1.0,16.0,24.0,1505.0,1550.0,1667.67138671875,1676.0,0.0,1555.0
130344,57414,150,1.0,8.0,X,0.01,0.38,0.43,0.0,0.02,4.0,7.0,32.0,1486.0,1531.0,1647.6761474609375,1657.0,1069.0,1538.0
130343,7F484,150,3.0,3.0,X,0.02,0.15,0.17,0.008,0.02,4.0,5.0,18.0,1512.0,1557.0,1665.07958984375,1668.0,940.0,1555.0
130342,7BE94,150,2.0,3.0,X,0.02,0.15,0.17,0.008,0.02,3.0,2.0,3.0,1509.0,1554.0,1674.1636962890625,1678.0,699.0,1552.0
130341,E7999,150,1.0,3.0,X,0.02,0.16,0.18,0.012,0.01,2.0,15.0,28.0,1506.0,1551.0,1690.0235595703125,1699.0,375.0,1558.0
130340,68448,150,4.0,4.0,X,0.02,0.15,0.17,0.008,0.02,3.0,5.0,17.0,1507.0,1551.0,1661.494384765625,1667.0,671.0,1570.0
130339,FB109,150,3.0,4.0,X,0.02,0.17,0.19,0.008,0.02,3.0,7.0,31.0,1507.0,1552.0,1659.339599609375,1659.0,690.0,1566.0
130338,3EFD8,150,2.0,4.0,X,0.005,0.33,0.36,0.0,0.02,2.0,16.0,23.0,1490.0,1540.0,1644.3043212890625,1646.0,301.0,1557.0
130337,59F71,150,1.0,4.0,X,0.02,0.19,0.22,0.008,0.0,2.0,2.0,2.0,1502.0,1547.0,1685.296875,1678.0,316.0,1556.0
130336,E7999,150,5.0,8.0,X,0.02,0.16,0.18,0.012,0.01,1.0,15.0,27.0,1506.0,1551.0,1677.4669189453125,1674.0,0.0,1544.0
130335,E7999,150,4.0,8.0,X,0.02,0.16,0.18,0.012,0.01,2.0,5.0,16.0,1506.0,1551.0,1666.607421875,1672.0,382.0,1552.0
130334,E7999,150,3.0,8.0,X,0.02,0.16,0.18,0.012,0.01,2.0,7.0,30.0,1506.0,1551.0,1667.0399169921875,1669.0,389.0,1563.0
130333,E7999,150,2.0,8.0,X,0.02,0.16,0.18,0.012,0.01,1.0,16.0,22.0,1506.0,1551.0,1675.5413818359375,1685.0,0.0,1557.0
130332,E7999,150,1.0,8.0,X,0.02,0.16,0.18,0.012,0.01,1.0,2.0,1.0,1506.0,1551.0,1716.0634765625,1716.0,0.0,1554.0
130331,A7B3C,150,2.0,2.0,X,0.025,0.2,0.23,0.01,0.01,1.0,5.0,15.0,1504.0,1549.0,1664.717041015625,1679.0,0.0,1567.0
130330,A7B3C,150,1.0,2.0,X,0.025,0.2,0.23,0.01,0.01,1.0,7.0,29.0,1504.0,1549.0,1687.558837890625,1683.0,0.0,1565.0
130329,15493,300,2.0,2.0,X,0.01,0.38,0.43,0.0,0.0,21.0,16.0,21.0,1485.0,1525.0,1643.8541259765625,1649.0,5486.0,1530.0
130328,FAAAA,300,1.0,2.0,X,0.015,0.39,0.41,0.008,0.0,27.0,6.0,55.0,1483.0,1523.0,1665.2880859375,1667.0,11361.0,1535.0
130327,9E44C,300,2.0,2.0,X,0.02,0.18,0.2,0.01,0.02,14.0,5.0,14.0,1500.0,1540.0,1651.713623046875,1672.0,3607.0,1553.0
130326,542D8,300,1.0,2.0,X,0.015,0.21,0.23,0.0,0.025,4.0,15.0,26.0,1503.0,1548.0,1684.7679443359375,1683.0,876.0,1557.0
130325,2D42F,300,8.0,8.0,B,0.005,0.36,0.39,0.0,0.01,6.0,7.0,28.0,1492.0,1547.0,1676.221435546875,1679.0,1321.0,1552.0
130324,2D42F,300,7.0,8.0,B,0.005,0.36,0.39,0.0,0.01,20.0,16.0,20.0,1492.0,1547.0,1666.5439453125,1675.0,5205.0,1557.0
130323,2D42F,300,6.0,8.0,B,0.005,0.36,0.39,0.0,0.01,26.0,6.0,54.0,1492.0,1547.0,1671.8101806640625,1677.0,11083.0,1553.0
130322,2D42F,300,5.0,8.0,B,0.005,0.36,0.39,0.0,0.01,13.0,5.0,13.0,1492.0,1547.0,1669.0667724609375,1673.0,3330.0,1551.0
130321,2D42F,300,4.0,8.0,B,0.005,0.36,0.39,0.0,0.01,3.0,15.0,25.0,1492.0,1547.0,1670.109619140625,1672.0,589.0,1557.0
130320,2D42F,300,3.0,8.0,B,0.005,0.36,0.39,0.0,0.01,5.0,7.0,27.0,1492.0,1547.0,1669.861572265625,1680.0,1031.0,1552.0
130319,2D42F,300,2.0,8.0,B,0.005,0.36,0.39,0.0,0.01,19.0,16.0,19.0,1492.0,1547.0,1669.659912109375,1674.0,4913.0,1549.0
130318,2D42F,300,1.0,8.0,B,0.005,0.36,0.39,0.0,0.01,25.0,6.0,53.0,1492.0,1547.0,1689.765625,1694.0,10787.0,1550.0
130317,83A35,300,7.0,7.0,X,0.005,0.37,0.45,0.0,0.08,12.0,5.0,12.0,1480.0,1520.0,1627.561767578125,1650.0,3038.0,1533.0
130316,9A58C,300,6.0,7.0,X,0.0,0.37,0.4,0.008,0.08,2.0,15.0,24.0,1480.0,1525.0,1628.3201904296875,1632.0,303.0,1527.0
130315,9A58C,300,5.0,7.0,X,0.0,0.37,0.4,0.008,0.08,4.0,7.0,26.0,1480.0,1525.0,1626.5928955078125,1640.0,748.0,1526.0
130314,9A58C,300,4.0,7.0,X,0.0,0.37,0.4,0.008,0.08,18.0,16.0,18.0,1480.0,1525.0,1626.1038818359375,1635.0,4634.0,1529.0
130313,9A58C,300,3.0,7.0,X,0.0,0.37,0.4,0.008,0.08,24.0,6.0,52.0,1480.0,1525.0,1628.4368896484375,1633.0,10504.0,1530.0
130312,9A58C,300,2.0,7.0,X,0.0,0.37,0.4,0.008,0.08,11.0,5.0,11.0,1480.0,1525.0,1625.239501953125,1642.0,2732.0,1528.0
130311,9A58C,300,1.0,7.0,X,0.0,0.37,0.4,0.008,0.08,1.0,15.0,23.0,1480.0,1525.0,1665.0101318359375,1672.0,0.0,1540.0
130310,D63DF,300,7.0,7.0,V,0.005,0.37,0.4,0.01,0.03,3.0,7.0,25.0,1480.0,1525.0,1627.7271728515625,1651.0,455.0,1541.0
130309,D63DF,300,6.0,7.0,V,0.005,0.37,0.4,0.01,0.03,17.0,16.0,17.0,1480.0,1525.0,1626.8189697265625,1649.0,4345.0,1536.0
130308,D63DF,300,5.0,7.0,V,0.005,0.37,0.4,0.01,0.03,23.0,6.0,51.0,1480.0,1525.0,1629.107177734375,1640.0,10228.0,1530.0
130307,D63DF,300,4.0,7.0,V,0.005,0.37,0.4,0.01,0.03,10.0,5.0,10.0,1480.0,1525.0,1626.8189697265625,1641.0,2474.0,1526.0
130306,31262,300,3.0,7.0,X,0.01,0.46,0.48,0.01,0.0,2.0,7.0,24.0,1480.0,1525.0,1632.4661865234375,1661.0,233.0,1535.0
130305,31262,300,2.0,7.0,X,0.01,0.46,0.48,0.01,0.0,16.0,16.0,16.0,1480.0,1525.0,1629.6229248046875,1642.0,4101.0,1526.0
130304,31262,300,1.0,7.0,X,0.01,0.46,0.48,0.01,0.0,22.0,6.0,50.0,1480.0,1525.0,1667.595703125,1671.0,9978.0,1537.0
130303,D351E,300,6.0,6.0,B,0.015,0.33,0.35,0.0,0.01,9.0,5.0,9.0,1490.0,1535.0,1652.373046875,1668.0,2228.0,1552.0
130302,EA23B,300,5.0,6.0,V,0.01,0.36,0.4,0.013,0.05,1.0,7.0,23.0,1480.0,1540.0,1670.7474365234375,1671.0,0.0,1542.0
130301,EA23B,300,4.0,6.0,V,0.01,0.36,0.4,0.013,0.05,15.0,16.0,15.0,1480.0,1540.0,1661.2886962890625,1657.0,3892.0,1539.0
130300,EA23B,300,3.0,6.0,V,0.01,0.36,0.4,0.013,0.05,21.0,6.0,49.0,1480.0,1540.0,1652.6650390625,1657.0,9773.0,1538.0
130299,EA23B,300,2.0,6.0,V,0.01,0.36,0.4,0.013,0.05,8.0,5.0,8.0,1480.0,1540.0,1650.3704833984375,1666.0,2025.0,1548.0
130298,EA23B,300,1.0,6.0,V,0.01,0.36,0.4,0.013,0.05,22.0,15.0,22.0,1480.0,1540.0,1667.96923828125,1667.0,5709.0,1542.0
130297,DE12C,300,4.0,4.0,X,0.02,0.53,0.55,0.0,0.02,7.0,5.0,7.0,1486.0,1536.0,1660.37939453125,1669.0,1773.0,1542.0
130296,DE12C,300,3.0,4.0,X,0.02,0.53,0.55,0.0,0.02,14.0,16.0,14.0,1486.0,1536.0,1649.334716796875,1657.0,3484.0,1532.0
130295,DE12C,300,2.0,4.0,X,0.02,0.53,0.55,0.0,0.02,20.0,6.0,48.0,1486.0,1536.0,1647.756103515625,1654.0,5271.0,1536.0
130294,DE12C,300,1.0,4.0,X,0.02,0.53,0.55,0.0,0.02,19.0,7.0,22.0,1486.0,1536.0,1665.5797119140625,1671.0,4742.0,1541.0
130293,F16F5,300,8.0,8.0,B,0.02,0.3,0.34,0.007,0.0,21.0,15.0,21.0,1493.0,1533.0,1648.3121337890625,1665.0,5208.0,1551.0
130292,7B0D4,300,7.0,8.0,X,0.01,0.47,0.5,0.0,0.02,6.0,5.0,6.0,1483.0,1523.0,1626.4923095703125,1629.0,1417.0,1529.0
130291,7B0D4,300,6.0,8.0,X,0.01,0.47,0.5,0.0,0.02,13.0,16.0,13.0,1483.0,1523.0,1628.243896484375,1633.0,3120.0,1528.0
130290,2556F,300,5.0,8.0,X,0.01,0.48,0.53,0.008,0.0,19.0,6.0,47.0,1486.0,1516.0,1631.3948974609375,1634.0,4924.0,1527.0
130289,2556F,300,4.0,8.0,X,0.01,0.48,0.53,0.008,0.0,18.0,7.0,21.0,1486.0,1516.0,1629.7440185546875,1632.0,4459.0,1528.0
130288,2556F,300,3.0,8.0,X,0.01,0.48,0.53,0.008,0.0,20.0,15.0,20.0,1486.0,1516.0,1622.4183349609375,1630.0,4932.0,1531.0
130287,2556F,300,2.0,8.0,X,0.01,0.48,0.53,0.008,0.0,5.0,5.0,5.0,1486.0,1516.0,1633.5224609375,1637.0,1129.0,1529.0
130286,43C5C,300,1.0,8.0,X,0.005,0.5,0.53,0.0,0.02,12.0,16.0,12.0,1487.0,1532.0,1666.525390625,1675.0,2827.0,1534.0
130285,28B54,300,7.0,7.0,B,0.01,0.32,0.35,0.0,0.015,18.0,6.0,46.0,1490.0,1535.0,1653.3773193359375,1660.0,4635.0,1538.0
130284,16F90,300,6.0,7.0,B,0.02,0.36,0.38,0.0,0.02,17.0,7.0,20.0,1490.0,1535.0,1659.25927734375,1661.0,4160.0,1548.0
130283,16F90,300,5.0,7.0,B,0.02,0.36,0.38,0.0,0.02,19.0,15.0,19.0,1490.0,1535.0,1660.5008544921875,1664.0,4640.0,1542.0
130282,16F90,300,4.0,7.0,B,0.02,0.36,0.38,0.0,0.02,4.0,5.0,4.0,1490.0,1535.0,1652.602294921875,1662.0,854.0,1544.0
130281,57DF3,300,3.0,7.0,B,0.005,0.4,0.42,0.0,0.01,11.0,16.0,11.0,1486.0,1526.0,1639.6348876953125,1652.0,2568.0,1531.0
130280,A0D69,300,2.0,7.0,X,0.02,0.18,0.21,0.0,0.0,17.0,6.0,45.0,1510.0,1550.0,1668.4532470703125,1674.0,4372.0,1565.0
130279,A0D69,300,1.0,7.0,X,0.02,0.18,0.21,0.0,0.0,16.0,7.0,19.0,1510.0,1550.0,1680.841796875,1685.0,3905.0,1554.0
130278,D63DF,300,7.0,7.0,V,0.005,0.37,0.4,0.01,0.03,18.0,15.0,18.0,1480.0,1525.0,1637.5047607421875,1658.0,4383.0,1534.0
130277,D63DF,300,6.0,7.0,V,0.005,0.37,0.4,0.01,0.03,3.0,5.0,3.0,1480.0,1525.0,1641.243896484375,1652.0,594.0,1529.0
130276,D63DF,300,5.0,7.0,V,0.005,0.37,0.4,0.01,0.03,10.0,16.0,10.0,1480.0,1525.0,1634.22265625,1639.0,2310.0,1526.0
130275,D63DF,300,4.0,7.0,V,0.005,0.37,0.4,0.01,0.03,16.0,6.0,44.0,1480.0,1525.0,1638.4569091796875,1643.0,4117.0,1524.0
130274,D63DF,300,3.0,7.0,V,0.005,0.37,0.4,0.01,0.03,15.0,7.0,18.0,1480.0,1525.0,1633.326416015625,1638.0,3654.0,1533.0
130273,D63DF,300,2.0,7.0,V,0.005,0.37,0.4,0.01,0.03,17.0,15.0,17.0,1480.0,1525.0,1635.4013671875,1643.0,4131.0,1527.0
130272,D63DF,300,1.0,7.0,V,0.005,0.37,0.4,0.01,0.03,2.0,5.0,2.0,1480.0,1525.0,1653.4259033203125,1659.0,332.0,1531.0
130271,BF6EC,300,7.0,7.0,X,0.015,0.19,0.23,0.009,0.0,9.0,16.0,9.0,1504.0,1549.0,1671.0799560546875,1676.0,1981.0,1558.0
130270,1E6E6,300,6.0,7.0,X,0.025,0.19,0.23,0.01,0.015,14.0,7.0,17.0,1505.0,1545.0,1662.196533203125,1667.0,3372.0,1556.0
130269,1E6E6,300,5.0,7.0,X,0.025,0.19,0.23,0.01,0.015,16.0,15.0,16.0,1505.0,1545.0,1663.934814453125,1666.0,3850.0,1554.0
130268,1E6E6,300,4.0,7.0,X,0.025,0.19,0.23,0.01,0.015,15.0,6.0,43.0,1505.0,1545.0,1657.886962890625,1670.0,3675.0,1562.0
130267,DDC4A,300,3.0,7.0,X,0.015,0.32,0.38,0.0,0.0,1.0,5.0,1.0,1493.0,1543.0,1675.1600341796875,1681.0,0.0,1538.0
130266,DDC4A,300,2.0,7.0,X,0.015,0.32,0.38,0.0,0.0,8.0,16.0,8.0,1493.0,1543.0,1654.5465087890625,1670.0,1711.0,1552.0
130265,51C01,300,1.0,7.0,X,0.02,0.12,0.15,0.0,0.02,13.0,7.0,16.0,1511.0,1556.0,1694.9136962890625,1696.0,3099.0,1548.0
130264,980AE,300,3.0,3.0,B,0.015,0.29,0.31,0.0,0.0,15.0,15.0,15.0,1494.0,1534.0,1651.72998046875,1665.0,3574.0,1540.0
130263,E0B89,300,2.0,3.0,X,0.02,0.22,0.25,0.01,0.01,14.0,6.0,42.0,1501.0,1546.0,1679.4049072265625,1679.0,3397.0,1551.0
130262,E0B89,300,1.0,3.0,X,0.02,0.22,0.25,0.01,0.01,7.0,16.0,7.0,1501.0,1546.0,1692.1954345703125,1689.0,1490.0,1551.0
130261,E0B89,300,2.0,5.0,X,0.02,0.22,0.25,0.01,0.01,12.0,7.0,15.0,1501.0,1546.0,1666.60693359375,1665.0,2837.0,1546.0
130260,1FFF4,300,1.0,5.0,X,0.015,0.21,0.24,0.009,0.025,14.0,15.0,14.0,1502.0,1542.0,1676.6629638671875,1685.0,3297.0,1544.0
130259,AB910,300,5.0,5.0,X,0.02,0.4,0.45,0.0,0.02,6.0,16.0,6.0,1483.0,1528.0,1637.7762451171875,1653.0,1264.0,1535.0
130258,80160,300,4.0,5.0,X,0.015,0.4,0.45,0.0,0.02,13.0,6.0,41.0,1487.0,1522.0,1637.7469482421875,1650.0,3050.0,1523.0
130257,EF256,300,3.0,5.0,B,0.015,0.56,0.64,0.0,0.0,11.0,7.0,14.0,1481.0,1526.0,1648.359130859375,1655.0,2580.0,1523.0
130256,EF256,300,2.0,5.0,B,0.015,0.56,0.64,0.0,0.0,13.0,15.0,13.0,1481.0,1526.0,1643.900390625,1649.0,3051.0,1540.0
130255,F7C5E,300,1.0,5.0,X,0.015,0.27,0.29,0.009,0.0,5.0,16.0,5.0,1501.0,1551.0,1713.9205322265625,1708.0,958.0,1560.0
130254,AFB81,300,6.0,6.0,X,0.02,0.15,0.17,0.009,0.02,12.0,6.0,40.0,1506.0,1546.0,1648.9871826171875,1668.0,2749.0,1553.0
130253,CA2FD,300,5.0,6.0,X,0.02,0.15,0.17,0.009,0.02,10.0,7.0,13.0,1507.0,1552.0,1665.873291015625,1668.0,2285.0,1559.0
130252,CA2FD,300,4.0,6.0,X,0.02,0.15,0.17,0.009,0.02,12.0,15.0,12.0,1507.0,1552.0,1664.734619140625,1678.0,2756.0,1555.0
130251,CA2FD,300,3.0,6.0,X,0.02,0.15,0.17,0.009,0.02,4.0,16.0,4.0,1507.0,1552.0,1664.2025146484375,1680.0,725.0,1553.0
130250,CA2FD,300,2.0,6.0,X,0.02,0.15,0.17,0.009,0.02,11.0,6.0,39.0,1507.0,1552.0,1663.440673828125,1675.0,2525.0,1565.0
130249,CA2FD,300,1.0,6.0,X,0.02,0.15,0.17,0.009,0.02,9.0,7.0,12.0,1507.0,1552.0,1685.7779541015625,1683.0,2060.0,1563.0
130248,889AE,300,3.0,3.0,B,0.02,0.16,0.18,0.012,0.01,11.0,15.0,11.0,1507.0,1532.0,1634.2867431640625,1638.0,2532.0,1541.0
130247,889AE,300,2.0,3.0,B,0.02,0.16,0.18,0.012,0.01,3.0,16.0,3.0,1507.0,1532.0,1643.4554443359375,1645.0,499.0,1542.0
130246,889AE,300,1.0,3.0,B,0.02,0.16,0.18,0.012,0.01,10.0,6.0,38.0,1507.0,1532.0,1668.9642333984375,1678.0,2296.0,1542.0
130245,5692D,300,6.0,6.0,X,0.015,0.39,0.41,0.0,0.01,8.0,7.0,11.0,1486.0,1521.0,1627.5958251953125,1653.0,1830.0,1534.0
130244,1E183,300,5.0,6.0,X,0.01,0.38,0.43,0.0,0.02,10.0,15.0,10.0,1486.0,1526.0,1633.9759521484375,1655.0,2301.0,1545.0
130243,F7AB5,300,4.0,6.0,X,0.015,0.42,0.44,0.0,0.02,2.0,16.0,2.0,1481.0,1526.0,1656.93310546875,1660.0,272.0,1526.0
130242,57414,300,3.0,6.0,X,0.01,0.38,0.43,0.0,0.02,9.0,6.0,37.0,1486.0,1526.0,1645.008056640625,1647.0,2053.0,1535.0
130241,57414,300,2.0,6.0,X,0.01,0.38,0.43,0.0,0.02,7.0,7.0,10.0,1486.0,1526.0,1645.1353759765625,1647.0,1588.0,1538.0
130240,57414,300,1.0,6.0,X,0.01,0.38,0.43,0.0,0.02,9.0,15.0,9.0,1486.0,1526.0,1658.7047119140625,1662.0,2071.0,1533.0
130239,889AE,300,1.0,4.0,B,0.02,0.16,0.18,0.012,0.01,1.0,16.0,1.0,1507.0,1532.0,1704.9874267578125,1703.0,0.0,1540.0
130238,C2394,300,3.0,3.0,X,0.02,0.17,0.22,0.01,0.01,8.0,6.0,36.0,1502.0,1537.0,1658.119140625,1660.0,1808.0,1551.0
130237,C2394,300,2.0,3.0,X,0.02,0.17,0.22,0.01,0.01,6.0,7.0,9.0,1502.0,1537.0,1647.6767578125,1651.0,1336.0,1551.0
130236,C2394,300,1.0,3.0,X,0.02,0.17,0.22,0.01,0.01,8.0,15.0,8.0,1502.0,1537.0,1668.3931884765625,1663.0,1803.0,1555.0
130235,C2394,300,3.0,3.0,X,0.02,0.17,0.22,0.01,0.01,7.0,6.0,35.0,1502.0,1537.0,1651.2578125,1657.0,1577.0,1537.0
130234,C2394,300,2.0,3.0,X,0.02,0.17,0.22,0.01,0.01,5.0,7.0,8.0,1502.0,1537.0,1646.6888427734375,1652.0,1112.0,1546.0
130233,77C04,300,1.0,3.0,X,0.02,0.17,0.22,0.01,0.01,7.0,15.0,7.0,1502.0,1547.0,1688.4417724609375,1688.0,1587.0,1550.0
130232,0BFF6,300,4.0,4.0,X,0.0,0.93,0.98,0.006,0.0,6.0,6.0,34.0,1462.0,1488.0,1616.2379150390625,1611.0,1292.0,
130231,0BFF6,300,3.0,4.0,X,0.0,0.93,0.98,0.006,0.0,4.0,7.0,7.0,1462.0,1488.0,1602.5421142578125,1614.0,815.0,1498.0
130229,EB041,300,1.0,4.0,X,0.0,0.94,1.0,0.0,0.0,6.0,1.0,26.0,1463.0,1489.0,1620.8741455078125,1617.0,1273.0,1494.0
130228,5E13D,300,3.0,3.0,X,0.005,0.55,0.57,0.007,0.0,5.0,6.0,33.0,1486.0,1541.0,1676.9486083984375,1699.0,1035.0,1573.0
130227,5E13D,300,2.0,3.0,X,0.005,0.55,0.57,0.007,0.0,3.0,7.0,6.0,1486.0,1541.0,1679.2799072265625,1688.0,563.0,1551.0
130226,5E13D,300,1.0,3.0,X,0.005,0.55,0.57,0.007,0.0,5.0,15.0,5.0,1486.0,1541.0,1692.21923828125,1693.0,1030.0,1554.0
130225,11307,300,9.0,9.0,X,0.01,0.45,0.5,0.0,0.02,5.0,1.0,25.0,1480.0,1520.0,1628.5399169921875,1634.0,1039.0,1521.0
130224,A2DFA,300,8.0,9.0,X,0.005,0.43,0.5,0.0,0.0,4.0,6.0,32.0,1480.0,1525.0,1633.447998046875,1640.0,801.0,1530.0
130223,A2DFA,300,7.0,9.0,X,0.005,0.43,0.5,0.0,0.0,4.0,4.0,53.0,1480.0,1525.0,1634.503173828125,1643.0,805.0,1540.0
130222,A2DFA,300,6.0,9.0,X,0.005,0.43,0.5,0.0,0.0,2.0,7.0,5.0,1480.0,1525.0,1621.1112060546875,1626.0,280.0,1531.0
130221,A2DFA,300,5.0,9.0,X,0.005,0.43,0.5,0.0,0.0,4.0,15.0,4.0,1480.0,1525.0,1633.5057373046875,1639.0,757.0,1524.0
130220,A2DFA,300,4.0,9.0,X,0.005,0.43,0.5,0.0,0.0,4.0,1.0,24.0,1480.0,1525.0,1614.42236328125,1640.0,769.0,1526.0
130219,A2DFA,300,3.0,9.0,X,0.005,0.43,0.5,0.0,0.0,3.0,6.0,31.0,1480.0,1525.0,1626.2979736328125,1633.0,530.0,1537.0
130218,A2DFA,300,2.0,9.0,X,0.005,0.43,0.5,0.0,0.0,3.0,4.0,52.0,1480.0,1525.0,1629.48193359375,1637.0,531.0,1539.0
130217,A2DFA,300,1.0,9.0,X,0.005,0.43,0.5,0.0,0.0,1.0,7.0,4.0,1480.0,1525.0,1671.5013427734375,1679.0,0.0,1534.0
130216,B131E,300,10.0,10.0,X,0.02,0.46,0.49,0.005,0.02,3.0,15.0,3.0,1483.0,1518.0,1627.4190673828125,1646.0,476.0,1530.0
130215,B131E,300,9.0,10.0,X,0.02,0.46,0.49,0.005,0.02,3.0,1.0,23.0,1483.0,1518.0,1622.6956787109375,1630.0,481.0,1529.0
130214,B131E,300,8.0,10.0,X,0.02,0.46,0.49,0.005,0.02,2.0,6.0,30.0,1483.0,1518.0,1622.6956787109375,1633.0,238.0,1523.0
130213,B131E,300,7.0,10.0,X,0.02,0.46,0.49,0.005,0.02,2.0,4.0,51.0,1483.0,1518.0,1622.5087890625,1634.0,238.0,1524.0
130212,3B7FC,300,6.0,10.0,X,0.005,0.46,0.5,0.0,0.015,2.0,15.0,2.0,1480.0,1525.0,1642.3475341796875,1663.0,238.0,1540.0
130211,3B7FC,300,5.0,10.0,X,0.005,0.46,0.5,0.0,0.015,2.0,1.0,22.0,1480.0,1525.0,1633.9703369140625,1644.0,243.0,1534.0
130210,3B7FC,300,4.0,10.0,X,0.005,0.46,0.5,0.0,0.015,1.0,6.0,29.0,1480.0,1525.0,1653.298095703125,1659.0,0.0,1534.0
130209,3B7FC,300,3.0,10.0,X,0.005,0.46,0.5,0.0,0.015,1.0,4.0,50.0,1480.0,1525.0,1652.516845703125,1656.0,0.0,1536.0
130208,3B7FC,300,2.0,10.0,X,0.005,0.46,0.5,0.0,0.015,1.0,15.0,1.0,1480.0,1525.0,1660.907470703125,1664.0,0.0,1541.0
130207,3B7FC,300,1.0,10.0,X,0.005,0.46,0.5,0.0,0.015,1.0,1.0,21.0,1480.0,1525.0,1673.51708984375,1675.0,0.0,1539.0
130206,9A58C,300,3.0,3.0,X,0.0,0.37,0.45,0.008,0.08,9.0,6.0,28.0,1480.0,1525.0,1621.624755859375,1647.0,2361.0,1542.0
130205,9A58C,300,2.0,3.0,X,0.0,0.37,0.45,0.008,0.08,9.0,2.0,57.0,1480.0,1525.0,1631.804443359375,1624.0,2429.0,1526.0
130204,9A58C,300,1.0,5.0,X,0.0,0.37,0.45,0.008,0.08,2.0,4.0,49.0,1480.0,1525.0,1652.6187744140625,1664.0,294.0,1524.0
130203,F4A5E,300,5.0,5.0,V,0.01,0.35,0.37,0.01,0.045,3.0,7.0,3.0,1482.0,1532.0,1663.22119140625,1686.0,713.0,1537.0
130202,F4A5E,300,4.0,5.0,V,0.01,0.35,0.37,0.01,0.045,8.0,17.0,62.0,1482.0,1532.0,1646.4654541015625,1659.0,2033.0,1541.0
130201,F4A5E,300,3.0,5.0,V,0.01,0.35,0.37,0.01,0.045,8.0,6.0,27.0,1482.0,1532.0,1640.314697265625,1654.0,2070.0,1534.0
130200,40FD4,300,2.0,5.0,X,0.01,0.6,0.65,0.0,0.02,8.0,2.0,56.0,1480.0,1525.0,1639.1776123046875,1653.0,2142.0,1534.0
130199,05E76,300,1.0,5.0,X,0.005,0.94,0.99,0.0,0.0,1.0,4.0,48.0,1463.0,1503.0,1648.807861328125,1647.0,0.0,1518.0
130198,EB957,300,9.0,9.0,X,0.015,0.53,0.56,0.0,0.01,8.0,1.0,20.0,1486.0,1536.0,1660.8621826171875,1669.0,2201.0,1538.0
130197,EB957,300,8.0,9.0,X,0.015,0.53,0.56,0.0,0.01,7.0,17.0,61.0,1486.0,1536.0,1661.0006103515625,1667.0,1744.0,1548.0
130196,7B0D4,300,7.0,9.0,X,0.01,0.47,0.5,0.0,0.02,7.0,6.0,26.0,1483.0,1523.0,1638.8729248046875,1640.0,1784.0,1534.0
130195,7B0D4,300,6.0,9.0,X,0.01,0.47,0.5,0.0,0.02,2.0,7.0,2.0,1483.0,1523.0,1643.116943359375,1653.0,268.0,1532.0
130194,7B0D4,300,5.0,9.0,X,0.01,0.47,0.5,0.0,0.02,7.0,2.0,55.0,1483.0,1523.0,1636.62255859375,1646.0,1821.0,1529.0
130193,7B0D4,300,4.0,9.0,X,0.01,0.47,0.5,0.0,0.02,7.0,1.0,19.0,1483.0,1523.0,1632.2144775390625,1640.0,1943.0,1537.0
130192,112E4,300,3.0,9.0,B,0.008,0.18,0.2,0.007,0.0,6.0,17.0,60.0,1509.0,1554.0,1666.2415771484375,1670.0,1482.0,1550.0
130191,112E4,300,2.0,9.0,B,0.008,0.18,0.2,0.007,0.0,6.0,6.0,25.0,1509.0,1554.0,1664.5733642578125,1668.0,1521.0,1550.0
130190,112E4,300,1.0,9.0,B,0.008,0.18,0.2,0.007,0.0,1.0,7.0,1.0,1509.0,1554.0,1710.7623291015625,1711.0,0.0,1548.0
130189,A0D69,300,8.0,8.0,X,0.02,0.18,0.21,0.0,0.0,6.0,2.0,54.0,1510.0,1550.0,1662.980712890625,1669.0,1549.0,1551.0
130188,A0D69,300,7.0,8.0,X,0.02,0.18,0.21,0.0,0.0,6.0,1.0,18.0,1510.0,1550.0,1668.138671875,1664.0,1662.0,1548.0
130187,A0D69,300,6.0,8.0,X,0.02,0.18,0.21,0.0,0.0,5.0,17.0,59.0,1510.0,1550.0,1661.591064453125,1663.0,1198.0,1545.0
130186,4A0F0,300,5.0,8.0,X,0.0,0.39,0.42,0.0,0.03,5.0,6.0,24.0,1488.0,1528.0,1648.097900390625,1650.0,1223.0,1538.0
130185,4A0F0,300,4.0,8.0,X,0.0,0.39,0.42,0.0,0.03,5.0,4.0,47.0,1488.0,1528.0,1646.3359375,1648.0,1227.0,1534.0
130184,4A0F0,300,3.0,8.0,X,0.0,0.39,0.42,0.0,0.03,5.0,2.0,53.0,1488.0,1528.0,1644.1611328125,1648.0,1235.0,1548.0
130183,4A0F0,300,2.0,8.0,X,0.0,0.39,0.42,0.0,0.03,5.0,1.0,17.0,1488.0,1528.0,1648.547119140625,1651.0,1357.0,1534.0
130182,DE12C,300,1.0,8.0,X,0.02,0.53,0.55,0.0,0.02,4.0,17.0,58.0,1486.0,1536.0,1666.487548828125,1666.0,901.0,1540.0
130181,B7DF0,300,8.0,8.0,X,0.015,0.38,0.42,0.0,0.02,4.0,6.0,23.0,1486.0,1531.0,1643.3756103515625,1647.0,944.0,1536.0
130180,E1B6A,300,7.0,8.0,X,0.02,0.18,0.2,0.0,0.015,4.0,4.0,46.0,1501.0,1546.0,1657.0609130859375,1657.0,952.0,1552.0
130179,E1B6A,300,6.0,8.0,X,0.02,0.18,0.2,0.0,0.015,4.0,2.0,52.0,1501.0,1546.0,1655.2059326171875,1657.0,981.0,1556.0
130178,E1B6A,300,5.0,8.0,X,0.02,0.18,0.2,0.0,0.015,4.0,1.0,16.0,1501.0,1546.0,1658.5457763671875,1660.0,1095.0,1550.0
130177,E1B6A,300,4.0,8.0,X,0.02,0.18,0.2,0.0,0.015,3.0,17.0,57.0,1501.0,1546.0,1655.4716796875,1665.0,630.0,1558.0
130176,E1B6A,300,3.0,8.0,X,0.02,0.18,0.2,0.0,0.015,3.0,6.0,22.0,1501.0,1546.0,1662.87548828125,1665.0,663.0,1541.0
130175,BCEE1,300,2.0,8.0,X,0.02,0.23,0.25,0.0,0.017,3.0,4.0,45.0,1497.0,1537.0,1650.473876953125,1662.0,654.0,1538.0
130174,450D6,300,1.0,8.0,B,0.01,0.36,0.39,0.0,0.015,3.0,2.0,51.0,1490.0,1535.0,1666.5699462890625,1669.0,680.0,1545.0
130173,59A4E,300,6.0,6.0,X,0.01,0.19,0.21,0.01,0.02,3.0,1.0,15.0,1503.0,1543.0,1662.2767333984375,1661.0,800.0,1557.0
130172,59A4E,300,5.0,6.0,X,0.01,0.19,0.21,0.01,0.02,2.0,17.0,56.0,1503.0,1543.0,1662.5419921875,1667.0,335.0,1552.0
130171,D398B,300,4.0,6.0,X,0.02,0.2,0.22,0.009,0.02,2.0,6.0,21.0,1506.0,1551.0,1668.850341796875,1678.0,378.0,1556.0
130170,D398B,300,3.0,6.0,X,0.02,0.2,0.22,0.009,0.02,2.0,4.0,44.0,1506.0,1551.0,1669.9825439453125,1680.0,381.0,1565.0
130169,D398B,300,2.0,6.0,X,0.02,0.2,0.22,0.009,0.02,2.0,2.0,50.0,1506.0,1551.0,1666.0972900390625,1676.0,405.0,1553.0
130168,D398B,300,1.0,6.0,X,0.02,0.2,0.22,0.009,0.02,2.0,1.0,14.0,1506.0,1551.0,1687.8033447265625,1691.0,461.0,1563.0
130167,3D92C,300,3.0,3.0,X,0.01,0.39,0.41,0.0,0.02,1.0,17.0,55.0,1485.0,1520.0,1642.5960693359375,1648.0,0.0,1525.0
130166,60329,300,2.0,3.0,X,0.015,0.22,0.25,0.01,0.0,1.0,6.0,20.0,1501.0,1536.0,1662.57568359375,1672.0,0.0,1538.0
130165,603D2,300,1.0,3.0,X,0.01,0.26,0.29,0.009,0.02,1.0,4.0,43.0,1496.0,1536.0,1690.353515625,1690.0,0.0,1559.0
130164,25632,300,2.0,2.0,X,0.01,0.96,1.02,0.008,0.0,1.0,2.0,49.0,1460.0,1485.0,1637.36962890625,1635.0,0.0,1514.0
130163,25632,300,1.0,2.0,X,0.01,0.96,1.02,0.008,0.0,1.0,1.0,13.0,1460.0,1485.0,1638.82666015625,1652.0,0.0,1513.0
130162,25632,300,7.0,9.0,X,0.01,0.96,1.02,0.008,0.0,14.0,17.0,55.0,1460.0,1485.0,1595.6427001953125,1612.0,4170.0,1482.0
130161,25632,300,6.0,9.0,X,0.01,0.96,1.02,0.008,0.0,12.0,1.0,12.0,1460.0,1485.0,1599.42626953125,1607.0,3371.0,1494.0
130160,25632,300,5.0,9.0,X,0.01,0.96,1.02,0.008,0.0,1.0,2.0,48.0,1460.0,1485.0,0.0,1641.0,0.0,1505.0
130159,25632,300,4.0,9.0,X,0.01,0.96,1.02,0.008,0.0,11.0,4.0,42.0,1460.0,1485.0,1616.9237060546875,1616.0,3009.0,1495.0
130158,25632,300,3.0,9.0,X,0.01,0.96,1.02,0.008,0.0,15.0,6.0,18.0,1460.0,1485.0,1613.3011474609375,1619.0,4052.0,1491.0
130157,25632,300,2.0,9.0,X,0.01,0.96,1.02,0.008,0.0,13.0,17.0,54.0,1460.0,1485.0,1609.2462158203125,1610.0,3856.0,1501.0
130156,25632,300,1.0,9.0,X,0.01,0.96,1.02,0.008,0.0,11.0,1.0,11.0,1460.0,1485.0,1618.1529541015625,1614.0,2893.0,1501.0
130155,EF256,300,6.0,6.0,B,0.015,0.56,0.64,0.0,0.0,14.0,6.0,17.0,1481.0,1526.0,1634.3182373046875,1639.0,3691.0,1533.0
130154,E7641,300,5.0,6.0,X,0.015,0.58,0.62,0.0,0.0,10.0,4.0,41.0,1480.0,1520.0,1627.6246337890625,1635.0,2522.0,1524.0
130153,E7641,300,4.0,6.0,X,0.015,0.58,0.62,0.0,0.0,14.0,2.0,47.0,1480.0,1520.0,1627.3538818359375,1629.0,3640.0,1524.0
130152,4B82B,300,3.0,6.0,X,0.02,0.3,0.33,0.006,0.02,12.0,17.0,53.0,1495.0,1540.0,1655.2723388671875,1659.0,3387.0,1544.0
130151,4B82B,300,2.0,6.0,X,0.02,0.3,0.33,0.006,0.02,10.0,1.0,10.0,1495.0,1540.0,1655.6292724609375,1668.0,2597.0,1554.0
130150,4B82B,300,1.0,6.0,X,0.02,0.3,0.33,0.006,0.02,13.0,6.0,16.0,1495.0,1540.0,1665.9444580078125,1673.0,3397.0,1536.0
130149,248B5,300,5.0,5.0,X,0.02,0.21,0.23,0.009,0.02,9.0,4.0,40.0,1506.0,1551.0,1676.4071044921875,1677.0,2237.0,1553.0
130148,248B5,300,4.0,5.0,X,0.02,0.21,0.23,0.009,0.02,13.0,2.0,46.0,1506.0,1551.0,1675.544921875,1676.0,3358.0,1555.0
130147,248B5,300,3.0,5.0,X,0.02,0.21,0.23,0.009,0.02,11.0,17.0,52.0,1506.0,1551.0,1676.860595703125,1679.0,3106.0,1560.0
130146,27480,300,2.0,5.0,X,0.02,0.21,0.23,0.009,0.02,9.0,1.0,9.0,1506.0,1551.0,1671.8421630859375,1679.0,2310.0,1548.0
130145,27480,300,1.0,5.0,X,0.02,0.21,0.23,0.009,0.02,12.0,6.0,15.0,1506.0,1551.0,1690.7479248046875,1694.0,3131.0,1552.0
130144,BF6EC,300,4.0,4.0,X,0.015,0.19,0.23,0.009,0.0,8.0,4.0,39.0,1504.0,1549.0,1661.5,1675.0,1973.0,1540.0
130143,FE1F9,300,3.0,4.0,B,0.005,0.33,0.35,0.0,0.015,12.0,2.0,45.0,1491.0,1531.0,1636.56494140625,1636.0,3091.0,1533.0
130142,28B54,300,2.0,4.0,B,0.01,0.32,0.35,0.0,0.015,10.0,17.0,51.0,1490.0,1535.0,1658.857177734375,1660.0,2826.0,1542.0
130141,28B54,300,4.0,7.0,B,0.01,0.32,0.35,0.0,0.015,8.0,1.0,8.0,1490.0,1535.0,1652.784912109375,1665.0,2038.0,1531.0
130140,28B54,300,3.0,7.0,B,0.01,0.32,0.35,0.0,0.015,11.0,6.0,14.0,1490.0,1535.0,1657.50390625,1653.0,2814.0,1542.0
130139,28B54,300,2.0,7.0,B,0.01,0.32,0.35,0.0,0.015,7.0,4.0,38.0,1490.0,1535.0,1655.2076416015625,1657.0,1638.0,1548.0
130138,28B54,300,1.0,7.0,B,0.01,0.32,0.35,0.0,0.015,11.0,2.0,44.0,1490.0,1535.0,1667.0950927734375,1649.0,2746.0,1540.0
130137,6E222,300,7.0,7.0,X,0.015,0.21,0.23,0.0,0.01,9.0,17.0,50.0,1504.0,1549.0,1663.3924560546875,1680.0,2481.0,1549.0
130136,6E222,300,6.0,7.0,X,0.015,0.21,0.23,0.0,0.01,7.0,1.0,7.0,1504.0,1549.0,1671.350341796875,1662.0,1692.0,1542.0
130135,6E222,300,5.0,7.0,X,0.015,0.21,0.23,0.0,0.01,6.0,4.0,37.0,1504.0,1549.0,1661.590087890625,1672.0,1392.0,1559.0
130134,6E222,300,4.0,7.0,X,0.015,0.21,0.23,0.0,0.01,10.0,6.0,13.0,1504.0,1549.0,1662.3660888671875,1663.0,2450.0,1552.0
130133,A7B3C,300,3.0,7.0,X,0.025,0.2,0.23,0.01,0.01,10.0,2.0,43.0,1504.0,1549.0,1667.851806640625,1670.0,2451.0,1557.0
130132,9C4F0,300,2.0,7.0,X,0.015,0.18,0.23,0.01,0.0,8.0,17.0,49.0,1504.0,1544.0,1656.7386474609375,1661.0,2208.0,1551.0
130131,9C4F0,300,1.0,7.0,X,0.015,0.18,0.23,0.01,0.0,6.0,1.0,6.0,1504.0,1544.0,1671.014404296875,1672.0,1413.0,1543.0
130130,15493,300,4.0,4.0,X,0.01,0.38,0.43,0.0,0.0,5.0,4.0,36.0,1485.0,1525.0,1648.6988525390625,1658.0,1112.0,1534.0
130129,E86A6,300,3.0,4.0,X,0.018,0.28,0.31,0.007,0.015,9.0,6.0,12.0,1497.0,1537.0,1659.6573486328125,1658.0,2166.0,1550.0
130128,E86A6,300,2.0,4.0,X,0.018,0.28,0.31,0.007,0.015,9.0,2.0,42.0,1497.0,1537.0,1660.283935546875,1662.0,2172.0,1560.0
130127,E86A6,300,1.0,4.0,X,0.018,0.28,0.31,0.007,0.015,7.0,17.0,48.0,1497.0,1537.0,1662.7545166015625,1666.0,1925.0,1549.0
130126,E60DC,300,6.0,6.0,X,0.02,0.18,0.2,0.01,0.0,5.0,1.0,5.0,1504.0,1539.0,1664.29833984375,1663.0,1131.0,1547.0
130125,E60DC,300,5.0,6.0,X,0.02,0.18,0.2,0.01,0.0,4.0,4.0,35.0,1504.0,1539.0,1658.8712158203125,1660.0,830.0,1543.0
130124,E60DC,300,4.0,6.0,X,0.02,0.18,0.2,0.01,0.0,8.0,6.0,11.0,1504.0,1539.0,1662.2620849609375,1664.0,1888.0,1540.0
130123,E60DC,300,3.0,6.0,X,0.02,0.18,0.2,0.01,0.0,8.0,2.0,41.0,1504.0,1539.0,1649.476318359375,1657.0,1884.0,1541.0
130122,E60DC,300,2.0,6.0,X,0.02,0.18,0.2,0.01,0.0,6.0,17.0,47.0,1504.0,1539.0,1661.349365234375,1658.0,1639.0,1543.0
130121,E60DC,300,1.0,6.0,X,0.02,0.18,0.2,0.01,0.0,4.0,1.0,4.0,1504.0,1539.0,1675.690673828125,1673.0,844.0,1537.0
130120,3B8B5,300,3.0,3.0,X,0.02,0.17,0.2,0.01,0.02,3.0,4.0,34.0,1500.0,1540.0,1659.6400146484375,1668.0,551.0,1558.0
130119,4F121,300,2.0,3.0,X,0.01,0.38,0.43,0.0,0.0,7.0,6.0,10.0,1480.0,1520.0,1639.491943359375,1646.0,1611.0,1532.0
130118,4F121,300,1.0,3.0,X,0.01,0.38,0.43,0.0,0.0,7.0,2.0,40.0,1480.0,1520.0,1661.1126708984375,1656.0,1620.0,1532.0
130117,C2394,300,8.0,8.0,X,0.02,0.17,0.22,0.01,0.01,5.0,17.0,46.0,1502.0,1537.0,1648.07763671875,1654.0,1370.0,1546.0
130116,C2394,300,7.0,8.0,X,0.02,0.17,0.22,0.01,0.01,3.0,1.0,3.0,1502.0,1537.0,1649.2039794921875,1670.0,581.0,1544.0
130115,FC570,300,6.0,8.0,X,0.02,0.15,0.19,0.008,0.01,2.0,4.0,33.0,1507.0,1547.0,1665.4642333984375,1666.0,290.0,1550.0
130114,FC570,300,5.0,8.0,X,0.02,0.15,0.19,0.008,0.01,6.0,6.0,9.0,1507.0,1547.0,1667.0953369140625,1664.0,1343.0,1549.0
130113,CA2FD,300,4.0,8.0,X,0.02,0.15,0.17,0.009,0.02,6.0,2.0,39.0,1507.0,1552.0,1669.8604736328125,1667.0,1352.0,1558.0
130112,CA2FD,300,3.0,8.0,X,0.02,0.15,0.17,0.009,0.02,4.0,17.0,45.0,1507.0,1552.0,1671.1524658203125,1677.0,1105.0,1551.0
130111,CA2FD,300,2.0,8.0,X,0.02,0.15,0.17,0.009,0.02,2.0,1.0,2.0,1507.0,1552.0,1678.3673095703125,1683.0,300.0,1551.0
130110,CA2FD,300,1.0,8.0,X,0.02,0.15,0.17,0.009,0.02,1.0,4.0,32.0,1507.0,1552.0,1701.534423828125,1704.0,0.0,1549.0
130109,0BFF6,300,2.0,2.0,X,0.0,0.93,0.98,0.006,0.0,5.0,6.0,8.0,1462.0,1488.0,1607.83935546875,1621.0,1050.0,1502.0
130108,B248F,300,1.0,2.0,X,0.0,0.93,0.97,0.0,0.0,5.0,2.0,38.0,1462.0,1488.0,1616.38330078125,1623.0,1054.0,1503.0
130107,DE12C,300,5.0,5.0,X,0.02,0.53,0.55,0.0,0.02,3.0,17.0,44.0,1486.0,1536.0,1645.3404541015625,1650.0,805.0,1538.0
130106,DE12C,300,4.0,5.0,X,0.02,0.53,0.55,0.0,0.02,1.0,1.0,1.0,1486.0,1536.0,1668.4473876953125,1669.0,0.0,1531.0
130105,DE12C,300,3.0,5.0,X,0.02,0.53,0.55,0.0,0.02,4.0,6.0,7.0,1486.0,1536.0,1642.6031494140625,1650.0,793.0,1541.0
130104,D9D2B,300,2.0,5.0,X,0.005,0.46,0.48,0.0,0.02,4.0,2.0,37.0,1480.0,1525.0,1634.2864990234375,1651.0,788.0,1535.0
130103,A2DFA,300,3.0,7.0,X,0.005,0.43,0.5,0.0,0.0,3.0,6.0,6.0,1480.0,1525.0,1624.9466552734375,1649.0,523.0,1542.0
130102,A2DFA,300,2.0,7.0,X,0.005,0.43,0.5,0.0,0.0,3.0,2.0,36.0,1480.0,1525.0,1630.119873046875,1638.0,509.0,1537.0
130101,5146B,300,1.0,7.0,X,0.005,0.45,0.48,0.0,0.0,2.0,17.0,43.0,1481.0,1526.0,1669.26416015625,1656.0,250.0,1525.0
130100,27A7C,300,7.0,7.0,X,0.02,0.43,0.47,0.0,0.015,2.0,4.0,31.0,1480.0,1515.0,1624.5362548828125,1652.0,238.0,1523.0
130099,27A7C,300,6.0,7.0,X,0.02,0.43,0.47,0.0,0.015,2.0,6.0,5.0,1480.0,1515.0,1624.32275390625,1647.0,240.0,1526.0
130098,27A7C,300,5.0,7.0,X,0.02,0.43,0.47,0.0,0.015,2.0,2.0,35.0,1480.0,1515.0,1624.32275390625,1643.0,247.0,1529.0
130097,27A7C,300,4.0,7.0,X,0.02,0.43,0.47,0.0,0.015,1.0,17.0,42.0,1480.0,1515.0,1643.1632080078125,1660.0,0.0,1535.0
130096,EEED2,300,3.0,7.0,X,0.005,0.5,0.52,0.0,0.06,1.0,4.0,30.0,1485.0,1545.0,1683.5511474609375,1697.0,0.0,1545.0
130095,4A0F0,300,2.0,7.0,X,0.0,0.39,0.42,0.0,0.03,1.0,6.0,4.0,1488.0,1528.0,1657.458984375,1685.0,0.0,1538.0
130094,4A0F0,300,1.0,7.0,X,0.0,0.39,0.42,0.0,0.03,1.0,2.0,34.0,1488.0,1528.0,1675.2523193359375,1687.0,0.0,1544.0
130093,4A0F0,300,6.0,6.0,X,0.0,0.39,0.42,0.0,0.03,2.0,6.0,3.0,1488.0,1528.0,1653.6141357421875,1658.0,285.0,1543.0
130092,4A0F0,300,5.0,6.0,X,0.0,0.39,0.42,0.0,0.03,26.0,17.0,41.0,1488.0,1528.0,1647.5155029296875,1646.0,7661.0,1535.0
130091,4A0F0,300,4.0,6.0,X,0.0,0.39,0.42,0.0,0.03,25.0,16.0,56.0,1488.0,1528.0,1649.5670166015625,1654.0,7299.0,1541.0
130090,4A0F0,300,3.0,8.0,X,0.0,0.39,0.42,0.0,0.03,16.0,4.0,29.0,1488.0,1528.0,1649.2332763671875,1661.0,4471.0,1536.0
130089,4A0F0,300,2.0,8.0,X,0.0,0.39,0.42,0.0,0.03,16.0,2.0,33.0,1488.0,1528.0,1651.106201171875,1655.0,4468.0,1540.0
130088,4A0F0,300,1.0,8.0,X,0.0,0.39,0.42,0.0,0.03,1.0,6.0,2.0,1488.0,1528.0,1674.6248779296875,1689.0,0.0,1539.0
130087,28B54,300,6.0,6.0,B,0.01,0.32,0.35,0.0,0.015,25.0,17.0,40.0,1490.0,1535.0,1650.187744140625,1660.0,7375.0,1550.0
130086,28B54,300,5.0,6.0,B,0.01,0.32,0.35,0.0,0.015,24.0,16.0,55.0,1490.0,1535.0,1647.3251953125,1653.0,7026.0,1545.0
130085,28B54,300,4.0,6.0,B,0.01,0.32,0.35,0.0,0.015,15.0,4.0,28.0,1490.0,1535.0,1649.823974609375,1650.0,4201.0,1544.0
130084,28B54,300,3.0,6.0,B,0.01,0.32,0.35,0.0,0.015,15.0,2.0,32.0,1490.0,1535.0,1651.4898681640625,1655.0,4171.0,1548.0
130083,28B54,300,3.0,7.0,B,0.01,0.32,0.35,0.0,0.015,23.0,16.0,54.0,1490.0,1535.0,1652.042724609375,1672.0,6784.0,1548.0
130082,28B54,300,2.0,7.0,B,0.01,0.32,0.35,0.0,0.015,24.0,17.0,39.0,1490.0,1535.0,1651.5906982421875,1653.0,7027.0,1548.0
130081,4A0F0,300,1.0,8.0,X,0.0,0.39,0.42,0.0,0.03,1.0,6.0,1.0,1488.0,1528.0,1679.2845458984375,1691.0,0.0,1548.0
130080,60329,300,3.0,3.0,X,0.015,0.22,0.25,0.01,0.0,14.0,4.0,27.0,1501.0,1536.0,1646.00927734375,1662.0,3832.0,1555.0
130079,F7C5E,300,2.0,3.0,X,0.015,0.27,0.29,0.009,0.0,14.0,2.0,31.0,1501.0,1551.0,1697.3028564453125,1708.0,3812.0,1570.0
130078,F7C5E,300,1.0,3.0,X,0.015,0.27,0.29,0.009,0.0,22.0,16.0,53.0,1501.0,1551.0,1709.3631591796875,1707.0,6478.0,1548.0
130077,33D10,300,4.0,4.0,X,0.015,0.39,0.42,0.0,0.0,23.0,17.0,38.0,1485.0,1530.0,1649.7830810546875,1657.0,6724.0,1535.0
130076,5692D,300,3.0,4.0,X,0.015,0.39,0.41,0.0,0.01,13.0,4.0,26.0,1486.0,1521.0,1634.801513671875,1641.0,3600.0,1536.0
130075,5692D,300,2.0,4.0,X,0.015,0.39,0.41,0.0,0.01,8.0,5.0,59.0,1486.0,1521.0,1639.74609375,1642.0,2114.0,1531.0
130074,C33FA,300,1.0,4.0,X,0.015,0.24,0.27,0.008,0.02,13.0,2.0,30.0,1499.0,1539.0,1678.962158203125,1676.0,3533.0,1545.0
130073,E2D28,300,7.0,7.0,X,0.01,0.39,0.41,0.0,0.015,21.0,16.0,52.0,1486.0,1521.0,1630.3021240234375,1643.0,6202.0,1530.0
130072,E2D28,300,6.0,7.0,X,0.01,0.39,0.41,0.0,0.015,22.0,17.0,37.0,1486.0,1521.0,1635.564453125,1639.0,6439.0,1538.0
130071,1E183,300,5.0,7.0,X,0.01,0.38,0.43,0.0,0.02,12.0,4.0,25.0,1486.0,1526.0,1641.208251953125,1643.0,3310.0,1541.0
130070,1E183,300,4.0,7.0,X,0.01,0.38,0.43,0.0,0.02,7.0,5.0,58.0,1486.0,1526.0,1652.28466796875,1653.0,1834.0,1537.0
130069,1E183,300,3.0,7.0,X,0.01,0.38,0.43,0.0,0.02,12.0,2.0,29.0,1486.0,1526.0,1639.8321533203125,1643.0,3253.0,1546.0
130068,B3CD5,300,2.0,7.0,X,0.015,0.4,0.43,0.0,0.02,20.0,16.0,51.0,1484.0,1519.0,1633.5947265625,1633.0,5916.0,1537.0
130067,509A2,300,1.0,7.0,X,0.015,0.42,0.44,0.0,0.015,21.0,17.0,36.0,1482.0,1522.0,1652.8668212890625,1656.0,6161.0,1533.0
130066,2D42F,300,8.0,8.0,B,0.005,0.36,0.39,0.0,0.01,11.0,4.0,24.0,1492.0,1547.0,1676.0283203125,1679.0,3034.0,1562.0
130065,2D42F,300,7.0,8.0,B,0.005,0.36,0.39,0.0,0.01,11.0,2.0,28.0,1492.0,1547.0,1671.9647216796875,1674.0,3032.0,1555.0
130064,2D42F,300,6.0,8.0,B,0.005,0.36,0.39,0.0,0.01,6.0,5.0,57.0,1492.0,1547.0,1677.7034912109375,1676.0,1492.0,1560.0
130063,2D42F,300,5.0,8.0,B,0.005,0.36,0.39,0.0,0.01,19.0,16.0,50.0,1492.0,1547.0,1674.5040283203125,1674.0,5633.0,1558.0
130062,2D42F,300,4.0,8.0,B,0.005,0.36,0.39,0.0,0.01,20.0,17.0,35.0,1492.0,1547.0,1669.0767822265625,1671.0,5874.0,1562.0
130061,2D42F,300,3.0,8.0,B,0.005,0.36,0.39,0.0,0.01,10.0,4.0,23.0,1492.0,1547.0,1667.8865966796875,1674.0,2745.0,1553.0
130060,2D42F,300,2.0,8.0,B,0.005,0.36,0.39,0.0,0.01,10.0,2.0,27.0,1492.0,1547.0,1669.7862548828125,1679.0,2742.0,1561.0
130059,2D42F,300,1.0,8.0,B,0.005,0.36,0.39,0.0,0.01,5.0,5.0,56.0,1492.0,1547.0,1689.3189697265625,1699.0,1209.0,1552.0
130058,28B54,300,7.0,7.0,B,0.01,0.32,0.35,0.0,0.015,18.0,16.0,49.0,1490.0,1535.0,1651.69873046875,1656.0,5351.0,1542.0
130057,28B54,300,6.0,7.0,B,0.01,0.32,0.35,0.0,0.015,19.0,17.0,34.0,1490.0,1535.0,1650.0213623046875,1658.0,5596.0,1537.0
130056,28B54,300,5.0,7.0,B,0.01,0.32,0.35,0.0,0.015,9.0,4.0,22.0,1490.0,1535.0,1648.72314453125,1658.0,2476.0,1546.0
130055,28B54,300,4.0,7.0,B,0.01,0.32,0.35,0.0,0.015,9.0,2.0,26.0,1490.0,1535.0,1654.486328125,1659.0,2462.0,1549.0
130054,28B54,300,3.0,7.0,B,0.01,0.32,0.35,0.0,0.015,4.0,5.0,55.0,1490.0,1535.0,1654.6181640625,1658.0,932.0,1547.0
130053,28B54,300,2.0,7.0,B,0.01,0.32,0.35,0.0,0.015,17.0,16.0,48.0,1490.0,1535.0,1653.3248291015625,1648.0,5070.0,1541.0
130052,28B54,300,1.0,7.0,B,0.01,0.32,0.35,0.0,0.015,18.0,17.0,33.0,1490.0,1535.0,1665.8592529296875,1665.0,5308.0,1531.0
130051,4B6A7,300,6.0,6.0,X,0.0,0.95,1.05,0.006,0.0,8.0,4.0,21.0,1460.0,1485.0,1603.412109375,1603.0,2171.0,1485.0
130050,4B6A7,300,5.0,6.0,X,0.0,0.95,1.05,0.006,0.0,8.0,2.0,25.0,1460.0,1485.0,1602.782470703125,1600.0,2159.0,1492.0
130049,4B6A7,300,4.0,6.0,X,0.0,0.95,1.05,0.006,0.0,3.0,5.0,54.0,1460.0,1485.0,1601.3760986328125,1608.0,629.0,1496.0
130048,4B6A7,300,3.0,6.0,X,0.0,0.95,1.05,0.006,0.0,16.0,16.0,47.0,1460.0,1485.0,1612.2200927734375,1612.0,4759.0,1500.0
130047,4B6A7,300,2.0,6.0,X,0.0,0.95,1.05,0.006,0.0,17.0,17.0,32.0,1460.0,1485.0,1603.3734130859375,1604.0,4993.0,1498.0
130045,E86A6,300,7.0,7.0,X,0.018,0.28,0.31,0.007,0.015,7.0,2.0,24.0,1497.0,1537.0,1656.94384765625,1668.0,1828.0,1556.0
130044,E86A6,300,6.0,7.0,X,0.018,0.28,0.31,0.007,0.015,2.0,5.0,53.0,1497.0,1537.0,1654.7601318359375,1658.0,296.0,1556.0
130043,E86A6,300,5.0,7.0,X,0.018,0.28,0.31,0.007,0.015,15.0,16.0,46.0,1497.0,1537.0,1659.4197998046875,1659.0,4423.0,1541.0
130042,E86A6,300,4.0,7.0,X,0.018,0.28,0.31,0.007,0.015,16.0,17.0,31.0,1497.0,1537.0,1661.4927978515625,1657.0,4668.0,1539.0
130041,E86A6,300,3.0,7.0,X,0.018,0.28,0.31,0.007,0.015,6.0,4.0,19.0,1497.0,1537.0,1661.8787841796875,1666.0,1544.0,1551.0
130040,E86A6,300,2.0,7.0,X,0.018,0.28,0.31,0.007,0.015,6.0,2.0,23.0,1497.0,1537.0,1655.6339111328125,1664.0,1531.0,1552.0
130039,E86A6,300,1.0,7.0,X,0.018,0.28,0.31,0.007,0.015,1.0,5.0,52.0,1497.0,1537.0,1681.7059326171875,1668.0,0.0,1555.0
130038,9E44C,150,6.0,6.0,X,0.02,0.18,0.2,0.01,0.02,14.0,16.0,45.0,1500.0,1540.0,1648.86572265625,1666.0,4097.0,1556.0
130037,9E44C,150,5.0,6.0,X,0.02,0.18,0.2,0.01,0.02,15.0,17.0,30.0,1500.0,1540.0,1647.6971435546875,1659.0,4337.0,1564.0
130036,9E44C,150,4.0,6.0,X,0.02,0.18,0.2,0.01,0.02,5.0,4.0,18.0,1500.0,1540.0,1658.4539794921875,1665.0,1212.0,1549.0
130035,9E44C,150,3.0,6.0,X,0.02,0.18,0.2,0.01,0.02,5.0,2.0,22.0,1500.0,1540.0,1651.2459716796875,1665.0,1194.0,1548.0
130034,9E44C,150,2.0,6.0,X,0.02,0.18,0.2,0.01,0.02,13.0,16.0,44.0,1500.0,1540.0,1648.5499267578125,1656.0,3835.0,1541.0
130033,9E44C,150,1.0,6.0,X,0.02,0.18,0.2,0.01,0.02,14.0,17.0,29.0,1500.0,1540.0,1669.4844970703125,1685.0,4072.0,1548.0
130032,FC47C,150,1.0,1.0,X,0.015,0.45,0.48,0.0,0.01,4.0,4.0,17.0,1482.0,1537.0,1684.807373046875,1688.0,943.0,1548.0
130031,EB567,150,5.0,5.0,V,0.01,0.35,0.38,0.016,0.045,4.0,2.0,21.0,1480.0,1540.0,1649.6903076171875,1662.0,923.0,1535.0
130030,EB567,150,4.0,5.0,V,0.01,0.35,0.38,0.016,0.045,12.0,16.0,43.0,1480.0,1540.0,1651.5882568359375,1660.0,3591.0,1532.0
130029,EB567,150,6.0,8.0,V,0.01,0.35,0.38,0.016,0.045,3.0,4.0,16.0,1480.0,1540.0,1665.4368896484375,1663.0,688.0,1541.0
130028,EB567,150,5.0,8.0,V,0.01,0.35,0.38,0.016,0.045,3.0,2.0,20.0,1480.0,1540.0,1664.51416015625,1666.0,683.0,1543.0
130027,EB567,150,4.0,8.0,V,0.01,0.35,0.38,0.016,0.045,3.0,5.0,52.0,1480.0,1540.0,1666.02880859375,1663.0,687.0,1548.0
130026,EB567,150,3.0,8.0,V,0.01,0.35,0.38,0.016,0.045,12.0,17.0,27.0,1480.0,1540.0,1665.2672119140625,1661.0,3341.0,1533.0
130025,EB567,150,2.0,8.0,V,0.01,0.35,0.38,0.016,0.045,11.0,16.0,42.0,1480.0,1540.0,1651.2308349609375,1658.0,3217.0,1538.0
130024,EB567,150,1.0,8.0,V,0.01,0.35,0.38,0.016,0.045,2.0,4.0,15.0,1480.0,1540.0,1664.458740234375,1667.0,385.0,1534.0
130023,E7999,150,3.0,3.0,X,0.02,0.16,0.18,0.012,0.01,2.0,2.0,19.0,1506.0,1551.0,1677.4862060546875,1679.0,387.0,1558.0
130022,E7999,150,2.0,3.0,X,0.02,0.16,0.18,0.012,0.01,2.0,5.0,51.0,1506.0,1551.0,1675.73095703125,1676.0,401.0,1545.0
130021,E7999,150,1.0,3.0,X,0.02,0.16,0.18,0.012,0.01,11.0,17.0,26.0,1506.0,1551.0,1689.367919921875,1691.0,3056.0,1554.0
130020,EB567,150,6.0,7.0,V,0.01,0.35,0.38,0.016,0.045,10.0,16.0,41.0,1480.0,1540.0,1661.2218017578125,1662.0,2830.0,1540.0
130019,EB567,150,5.0,7.0,V,0.01,0.35,0.38,0.016,0.045,1.0,4.0,14.0,1480.0,1540.0,1666.02099609375,1673.0,0.0,1539.0
130018,EB567,150,4.0,7.0,V,0.01,0.35,0.38,0.016,0.045,1.0,2.0,18.0,1480.0,1540.0,1665.2816162109375,1664.0,0.0,1535.0
130017,EB567,150,3.0,7.0,V,0.01,0.35,0.38,0.016,0.045,1.0,5.0,50.0,1480.0,1540.0,1666.5245361328125,1681.0,0.0,1546.0
130016,EB567,150,2.0,7.0,V,0.01,0.35,0.38,0.016,0.045,10.0,17.0,25.0,1480.0,1540.0,1648.302734375,1656.0,2570.0,1533.0
130015,EB567,150,1.0,7.0,V,0.01,0.35,0.38,0.016,0.045,9.0,16.0,40.0,1480.0,1540.0,1663.9403076171875,1667.0,2469.0,1531.0
130014,FC47C,150,10.0,10.0,X,0.015,0.45,0.48,0.0,0.01,9.0,17.0,24.0,1482.0,1537.0,1650.098388671875,1677.0,2281.0,1555.0
130013,FC47C,150,9.0,10.0,X,0.015,0.45,0.48,0.0,0.01,9.0,2.0,17.0,1482.0,1537.0,1657.4559326171875,1660.0,2276.0,1529.0
130012,FC47C,150,8.0,10.0,X,0.015,0.45,0.48,0.0,0.01,7.0,5.0,49.0,1482.0,1537.0,1655.6099853515625,1662.0,1778.0,1532.0
130011,FC47C,150,7.0,10.0,X,0.015,0.45,0.48,0.0,0.01,9.0,4.0,13.0,1482.0,1537.0,1656.442626953125,1657.0,2226.0,1536.0
130010,FC47C,150,6.0,10.0,X,0.015,0.45,0.48,0.0,0.01,8.0,16.0,39.0,1482.0,1537.0,1657.1285400390625,1671.0,1991.0,1541.0
130009,FC47C,150,5.0,10.0,X,0.015,0.45,0.48,0.0,0.01,8.0,17.0,23.0,1482.0,1537.0,1652.030029296875,1656.0,1984.0,1542.0
130008,FC47C,150,4.0,10.0,X,0.015,0.45,0.48,0.0,0.01,8.0,2.0,16.0,1482.0,1537.0,1650.954833984375,1648.0,1983.0,1528.0
130007,FC47C,150,3.0,10.0,X,0.015,0.45,0.48,0.0,0.01,6.0,5.0,48.0,1482.0,1537.0,1642.155517578125,1659.0,1477.0,1545.0
130006,FC47C,150,2.0,10.0,X,0.015,0.45,0.48,0.0,0.01,8.0,4.0,12.0,1482.0,1537.0,1641.9385986328125,1652.0,1897.0,1544.0
130005,FC47C,150,1.0,10.0,X,0.015,0.45,0.48,0.0,0.01,7.0,16.0,38.0,1482.0,1537.0,1664.83349609375,1668.0,1675.0,1550.0
130004,BB21B,150,8.0,8.0,V,0.0,0.45,0.48,0.018,0.05,7.0,17.0,22.0,1472.0,1517.0,1617.3231201171875,1659.0,1669.0,1530.0
130003,81216,150,7.0,8.0,V,0.0,0.68,0.73,0.01,0.06,7.0,2.0,15.0,1474.0,1509.0,1599.3514404296875,1610.0,1661.0,1522.0
130002,43C5C,150,6.0,8.0,X,0.005,0.5,0.53,0.0,0.02,5.0,5.0,47.0,1487.0,1532.0,1638.2769775390625,1653.0,1163.0,1557.0
130001,43C5C,150,5.0,8.0,X,0.005,0.5,0.53,0.0,0.02,7.0,4.0,11.0,1487.0,1532.0,1641.7337646484375,1659.0,1610.0,1534.0
130000,4D097,150,4.0,8.0,X,0.015,0.51,0.55,0.0,0.01,6.0,16.0,37.0,1487.0,1537.0,1644.291748046875,1654.0,1385.0,1545.0
129999,4D097,150,3.0,8.0,X,0.015,0.51,0.55,0.0,0.01,6.0,17.0,21.0,1487.0,1537.0,1650.92578125,1660.0,1379.0,1535.0
129998,4D097,150,2.0,8.0,X,0.015,0.51,0.55,0.0,0.01,6.0,2.0,14.0,1487.0,1537.0,1642.5528564453125,1651.0,1376.0,1535.0
129997,4D097,150,1.0,8.0,X,0.015,0.51,0.55,0.0,0.01,4.0,5.0,46.0,1487.0,1537.0,1655.4088134765625,1664.0,876.0,1530.0
129996,4D097,150,10.0,10.0,X,0.015,0.51,0.55,0.0,0.01,6.0,4.0,10.0,1487.0,1537.0,1645.5084228515625,1644.0,1321.0,1541.0
129995,4D097,150,9.0,10.0,X,0.015,0.51,0.55,0.0,0.01,5.0,16.0,36.0,1487.0,1537.0,1642.4788818359375,1639.0,1103.0,1538.0
129994,4D097,150,8.0,10.0,X,0.015,0.51,0.55,0.0,0.01,5.0,17.0,20.0,1487.0,1537.0,1642.0159912109375,1643.0,1096.0,1537.0
129993,4D097,150,7.0,10.0,X,0.015,0.51,0.55,0.0,0.01,5.0,2.0,13.0,1487.0,1537.0,1643.2232666015625,1646.0,1099.0,1539.0
129992,4D097,150,6.0,10.0,X,0.015,0.51,0.55,0.0,0.01,3.0,5.0,45.0,1487.0,1537.0,1641.5028076171875,1642.0,603.0,1534.0
129991,4D097,150,5.0,10.0,X,0.015,0.51,0.55,0.0,0.01,5.0,4.0,9.0,1487.0,1537.0,1646.017333984375,1645.0,1049.0,1538.0
129990,4D097,150,4.0,10.0,X,0.015,0.51,0.55,0.0,0.01,4.0,16.0,35.0,1487.0,1537.0,1640.912353515625,1644.0,822.0,1534.0
129989,4D097,150,3.0,10.0,X,0.015,0.51,0.55,0.0,0.01,4.0,17.0,19.0,1487.0,1537.0,1642.0677490234375,1638.0,793.0,1538.0
129988,4D097,150,2.0,10.0,X,0.015,0.51,0.55,0.0,0.01,4.0,2.0,12.0,1487.0,1537.0,1642.2926025390625,1631.0,799.0,1538.0
129987,4D097,150,1.0,10.0,X,0.015,0.51,0.55,0.0,0.01,2.0,5.0,44.0,1487.0,1537.0,1657.3526611328125,1647.0,303.0,1536.0
129986,AB910,150,7.0,7.0,X,0.02,0.4,0.45,0.0,0.02,4.0,4.0,8.0,1483.0,1538.0,1644.35205078125,1654.0,737.0,1536.0
129985,AB910,150,6.0,7.0,X,0.02,0.4,0.45,0.0,0.02,3.0,16.0,34.0,1483.0,1538.0,1645.2301025390625,1648.0,511.0,1545.0
129984,AB910,150,5.0,7.0,X,0.02,0.4,0.45,0.0,0.02,3.0,17.0,18.0,1483.0,1538.0,1644.49951171875,1646.0,508.0,1545.0
129983,AB910,150,4.0,7.0,X,0.02,0.4,0.45,0.0,0.02,3.0,2.0,11.0,1483.0,1538.0,1645.164794921875,1647.0,513.0,1541.0
129982,AB910,150,3.0,7.0,X,0.02,0.4,0.45,0.0,0.02,1.0,5.0,43.0,1483.0,1538.0,1664.4661865234375,1658.0,0.0,1548.0
129981,AB910,150,2.0,7.0,X,0.02,0.4,0.45,0.0,0.02,3.0,4.0,7.0,1483.0,1538.0,1648.2177734375,1650.0,447.0,1555.0
129980,AB910,150,1.0,7.0,X,0.02,0.4,0.45,0.0,0.02,2.0,16.0,33.0,1483.0,1538.0,1667.4951171875,1663.0,224.0,1549.0
129979,AB910,150,7.0,7.0,X,0.02,0.4,0.45,0.0,0.02,2.0,17.0,17.0,1483.0,1538.0,1650.0758056640625,1648.0,221.0,1545.0
129978,AB910,150,6.0,7.0,X,0.02,0.4,0.45,0.0,0.02,2.0,2.0,10.0,1483.0,1538.0,1650.2947998046875,1653.0,225.0,1546.0
129977,AB910,150,5.0,7.0,X,0.02,0.4,0.45,0.0,0.02,2.0,4.0,6.0,1483.0,1538.0,1646.3970947265625,1651.0,225.0,1552.0
129976,AB910,150,4.0,7.0,X,0.02,0.4,0.45,0.0,0.02,1.0,16.0,32.0,1483.0,1538.0,1663.4224853515625,1666.0,0.0,1554.0
129975,AB910,150,3.0,7.0,X,0.02,0.4,0.45,0.0,0.02,1.0,17.0,16.0,1483.0,1538.0,1663.4224853515625,1665.0,0.0,1539.0
129974,AB910,150,2.0,7.0,X,0.02,0.4,0.45,0.0,0.02,1.0,2.0,9.0,1483.0,1538.0,1666.1949462890625,1668.0,0.0,1551.0
129973,AB910,150,1.0,7.0,X,0.02,0.4,0.45,0.0,0.02,1.0,4.0,5.0,1483.0,1538.0,1684.847900390625,1669.0,0.0,1551.0
129972,44D42,300,6.0,6.0,V,0.01,0.34,0.37,0.01,0.02,11.0,17.0,15.0,1489.0,1534.0,1650.96044921875,1665.0,3287.0,1548.0
129971,44D42,300,5.0,6.0,V,0.01,0.34,0.37,0.01,0.02,1.0,15.0,49.0,1489.0,1534.0,1652.844482421875,1672.0,0.0,1530.0
129970,D2F4A,300,4.0,6.0,V,0.01,0.36,0.38,0.012,0.02,8.0,2.0,8.0,1481.0,1536.0,1659.4229736328125,1660.0,1960.0,1536.0
129969,D2F4A,300,3.0,6.0,V,0.01,0.36,0.38,0.012,0.02,4.0,16.0,31.0,1481.0,1536.0,1648.4725341796875,1658.0,916.0,1541.0
129968,D2F4A,300,2.0,6.0,V,0.01,0.36,0.38,0.012,0.02,2.0,5.0,42.0,1481.0,1536.0,1652.9415283203125,1667.0,278.0,1538.0
129967,D2F4A,300,1.0,6.0,V,0.01,0.36,0.38,0.012,0.02,10.0,17.0,14.0,1481.0,1536.0,1672.3974609375,1681.0,3017.0,1530.0
129966,6D507,300,6.0,6.0,X,0.02,0.27,0.29,0.009,0.02,1.0,4.0,4.0,1500.0,1540.0,1677.1317138671875,1682.0,0.0,1540.0
129965,6D507,300,5.0,6.0,X,0.02,0.27,0.29,0.009,0.02,7.0,2.0,7.0,1500.0,1540.0,1659.361572265625,1662.0,1693.0,1542.0
129964,6D507,300,4.0,6.0,X,0.02,0.27,0.29,0.009,0.02,3.0,16.0,30.0,1500.0,1540.0,1659.2657470703125,1664.0,645.0,1547.0
129963,6D507,300,3.0,6.0,X,0.02,0.27,0.29,0.009,0.02,1.0,5.0,41.0,1500.0,1540.0,1670.9345703125,1677.0,0.0,1557.0
129962,6D507,300,2.0,5.0,X,0.02,0.27,0.29,0.009,0.02,9.0,17.0,13.0,1500.0,1540.0,1661.5701904296875,1661.0,2725.0,1537.0
129961,E1CE3,300,1.0,5.0,X,0.01,0.37,0.39,0.0,0.0,1.0,5.0,41.0,1485.0,1525.0,1675.1942138671875,1676.0,0.0,1523.0
129960,28B54,300,6.0,6.0,B,0.01,0.32,0.35,0.0,0.015,6.0,2.0,6.0,1490.0,1535.0,1652.734375,1654.0,1391.0,1528.0
129959,28B54,300,5.0,6.0,B,0.01,0.32,0.35,0.0,0.015,2.0,16.0,29.0,1490.0,1535.0,1652.3126220703125,1659.0,340.0,1531.0
129958,28B54,300,4.0,6.0,B,0.01,0.32,0.35,0.0,0.015,5.0,15.0,47.0,1490.0,1535.0,1651.707763671875,1656.0,1212.0,1529.0
129957,28B54,300,3.0,6.0,B,0.01,0.32,0.35,0.0,0.015,3.0,4.0,3.0,1490.0,1535.0,1661.02587890625,1666.0,524.0,1547.0
129956,28B54,300,3.0,7.0,B,0.01,0.32,0.35,0.0,0.015,5.0,2.0,5.0,1490.0,1535.0,1651.939453125,1658.0,1092.0,1537.0
129955,28B54,300,2.0,7.0,B,0.01,0.32,0.35,0.0,0.015,8.0,17.0,12.0,1490.0,1535.0,1654.6978759765625,1647.0,2252.0,1538.0
129954,28B54,300,1.0,7.0,B,0.01,0.32,0.35,0.0,0.015,1.0,16.0,28.0,1490.0,1535.0,1676.823974609375,1681.0,0.0,1554.0
129953,73517,300,7.0,7.0,X,0.02,0.15,0.18,0.0065,0.02,4.0,15.0,46.0,1512.0,1557.0,1671.192138671875,1660.0,878.0,1561.0
129952,73517,300,6.0,7.0,X,0.02,0.15,0.18,0.0065,0.02,2.0,4.0,2.0,1512.0,1557.0,1680.8355712890625,1661.0,277.0,1552.0
129951,73517,300,5.0,7.0,X,0.02,0.15,0.18,0.0065,0.02,4.0,2.0,4.0,1512.0,1557.0,1673.550537109375,1651.0,845.0,1562.0
129950,73517,300,4.0,7.0,X,0.02,0.15,0.18,0.0065,0.02,3.0,5.0,40.0,1512.0,1557.0,1671.725341796875,1649.0,555.0,1555.0
129949,73517,300,3.0,7.0,X,0.02,0.15,0.18,0.0065,0.02,7.0,17.0,11.0,1512.0,1557.0,1672.456787109375,1645.0,1950.0,1551.0
129948,A0D69,300,2.0,7.0,X,0.02,0.18,0.21,0.0,0.0,3.0,15.0,45.0,1510.0,1550.0,1665.2171630859375,1668.0,613.0,1538.0
129947,A0D69,300,1.0,7.0,X,0.02,0.18,0.21,0.0,0.0,1.0,4.0,1.0,1510.0,1550.0,1712.478759765625,1709.0,0.0,1546.0
129946,8E733,300,4.0,4.0,X,0.02,0.19,0.22,0.01,0.02,3.0,2.0,3.0,1506.0,1546.0,1675.0472412109375,1692.0,555.0,1555.0
129945,8E733,300,3.0,4.0,X,0.02,0.19,0.22,0.01,0.02,2.0,5.0,39.0,1506.0,1546.0,1657.230712890625,1666.0,267.0,1549.0
129944,8E733,300,2.0,4.0,X,0.02,0.19,0.22,0.01,0.02,6.0,17.0,10.0,1506.0,1546.0,1662.849853515625,1680.0,1657.0,1560.0
129943,8E733,300,1.0,4.0,X,0.02,0.19,0.22,0.01,0.02,2.0,16.0,27.0,1506.0,1546.0,1678.1405029296875,1683.0,278.0,1539.0
129942,980AE,300,7.0,7.0,B,0.015,0.29,0.31,0.0,0.0,2.0,15.0,44.0,1494.0,1534.0,1643.1900634765625,1660.0,283.0,1536.0
129941,980AE,300,6.0,7.0,B,0.015,0.29,0.31,0.0,0.0,2.0,2.0,2.0,1494.0,1534.0,1658.1217041015625,1670.0,287.0,1549.0
129940,980AE,300,5.0,7.0,B,0.015,0.29,0.31,0.0,0.0,1.0,5.0,38.0,1494.0,1534.0,1654.139892578125,1677.0,0.0,1557.0
129939,1E6E6,300,4.0,7.0,X,0.025,0.19,0.23,0.01,0.015,5.0,17.0,9.0,1505.0,1545.0,1668.0018310546875,1668.0,1390.0,1558.0
129938,1E6E6,300,3.0,7.0,X,0.025,0.19,0.23,0.01,0.015,1.0,16.0,26.0,1505.0,1545.0,1670.9444580078125,1672.0,0.0,1556.0
129937,E0B89,300,2.0,7.0,X,0.02,0.22,0.25,0.01,0.01,1.0,15.0,43.0,1501.0,1546.0,1676.80419921875,1696.0,0.0,1556.0
129936,E0B89,300,1.0,7.0,X,0.02,0.22,0.25,0.01,0.01,1.0,2.0,1.0,1501.0,1546.0,1715.2552490234375,1709.0,0.0,1548.0
129935,27480,300,3.0,3.0,X,0.02,0.21,0.23,0.009,0.02,4.0,17.0,8.0,1506.0,1551.0,1677.1710205078125,1681.0,909.0,1556.0
129934,27480,300,4.0,5.0,X,0.02,0.21,0.23,0.009,0.02,9.0,5.0,36.0,1506.0,1551.0,1669.774658203125,1697.0,2325.0,1538.0
129933,27480,300,3.0,5.0,X,0.02,0.21,0.23,0.009,0.02,2.0,16.0,25.0,1506.0,1551.0,1676.9727783203125,1673.0,288.0,
129932,27480,300,2.0,5.0,X,0.02,0.21,0.23,0.009,0.02,4.0,15.0,42.0,1506.0,1551.0,1673.460205078125,1678.0,909.0,1561.0
129931,27480,300,1.0,5.0,X,0.02,0.21,0.23,0.009,0.02,3.0,17.0,7.0,1506.0,1551.0,1692.627685546875,1695.0,570.0,1540.0
129930,4B4F5,300,7.0,7.0,X,0.02,0.4,0.42,0.007,0.015,8.0,5.0,35.0,1484.0,1524.0,1649.89453125,1658.0,2035.0,1541.0
129929,4B4F5,300,6.0,7.0,X,0.02,0.4,0.42,0.007,0.015,1.0,16.0,24.0,1484.0,1524.0,1653.9993896484375,1678.0,0.0,1534.0
129928,4B4F5,300,5.0,7.0,X,0.02,0.4,0.42,0.007,0.015,6.0,8.0,52.0,1484.0,1524.0,1642.719970703125,1658.0,1537.0,1532.0
129927,4B4F5,300,4.0,7.0,X,0.02,0.4,0.42,0.007,0.015,3.0,15.0,41.0,1484.0,1524.0,1645.4676513671875,1652.0,610.0,1532.0
129926,57414,300,3.0,7.0,X,0.01,0.38,0.43,0.0,0.02,2.0,17.0,6.0,1486.0,1526.0,1645.939208984375,1653.0,292.0,1530.0
129925,57414,300,2.0,7.0,X,0.01,0.38,0.43,0.0,0.02,7.0,5.0,34.0,1486.0,1526.0,1651.1578369140625,1654.0,1746.0,1537.0
129924,57414,300,1.0,7.0,X,0.01,0.38,0.43,0.0,0.02,17.0,1.0,65.0,1486.0,1526.0,1661.0494384765625,1673.0,4622.0,1522.0
129923,F7AB5,300,7.0,7.0,X,0.015,0.42,0.44,0.0,0.02,5.0,8.0,51.0,1481.0,1526.0,1653.5653076171875,1658.0,1248.0,1535.0
129922,F7AB5,300,6.0,7.0,X,0.015,0.42,0.44,0.0,0.02,5.0,8.0,51.0,1481.0,1526.0,1641.80078125,1652.0,1187.0,1531.0
129921,734B0,300,5.0,7.0,X,0.01,0.4,0.43,0.0,0.02,1.0,17.0,5.0,1486.0,1526.0,1652.4378662109375,1662.0,0.0,1541.0
129920,734B0,300,4.0,7.0,X,0.01,0.4,0.43,0.0,0.02,6.0,5.0,33.0,1486.0,1526.0,1651.2508544921875,1658.0,1451.0,1539.0
129919,734B0,300,3.0,7.0,X,0.01,0.4,0.43,0.0,0.02,16.0,1.0,64.0,1486.0,1526.0,1651.203125,1642.0,4327.0,1536.0
129918,734B0,300,2.0,7.0,X,0.01,0.4,0.43,0.0,0.02,4.0,8.0,50.0,1486.0,1526.0,1644.7589111328125,1649.0,916.0,1532.0
129917,734B0,300,1.0,7.0,X,0.01,0.4,0.43,0.0,0.02,1.0,15.0,39.0,1486.0,1526.0,1678.0093994140625,1678.0,0.0,1537.0
129916,AFB81,300,8.0,8.0,X,0.02,0.15,0.17,0.009,0.02,15.0,16.0,23.0,1506.0,1546.0,1652.29150390625,1662.0,3946.0,1546.0
129915,CA2FD,300,7.0,8.0,X,0.02,0.15,0.17,0.009,0.02,5.0,5.0,32.0,1507.0,1552.0,1668.856689453125,1673.0,1077.0,1552.0
129914,CA2FD,300,6.0,8.0,X,0.02,0.15,0.17,0.009,0.02,15.0,1.0,63.0,1507.0,1552.0,1667.593017578125,1669.0,3954.0,1555.0
129913,CA2FD,300,5.0,8.0,X,0.02,0.15,0.17,0.009,0.02,4.0,17.0,4.0,1507.0,1552.0,1669.926025390625,1667.0,852.0,1544.0
129912,CA2FD,300,4.0,8.0,X,0.02,0.15,0.17,0.009,0.02,3.0,8.0,49.0,1507.0,1552.0,1670.2509765625,1674.0,521.0,1549.0
129911,E109B,300,3.0,8.0,X,0.02,0.2,0.22,0.0,0.02,14.0,16.0,22.0,1502.0,1542.0,1661.7769775390625,1670.0,3674.0,1546.0
129910,87A17,300,2.0,8.0,X,0.022,0.2,0.22,0.0,0.02,4.0,5.0,31.0,1505.0,1535.0,1651.3731689453125,1661.0,811.0,1540.0
129909,87A17,300,1.0,8.0,X,0.022,0.2,0.22,0.0,0.02,14.0,1.0,62.0,1505.0,1535.0,1666.1785888671875,1671.0,3691.0,1532.0
129908,80160,300,7.0,7.0,X,0.015,0.4,0.45,0.0,0.02,3.0,17.0,3.0,1487.0,1522.0,1638.0487060546875,1657.0,593.0,1536.0
129907,FA128,300,6.0,7.0,X,0.02,0.18,0.21,0.009,0.02,2.0,8.0,48.0,1504.0,1544.0,1661.5106201171875,1666.0,268.0,1558.0
129906,FA128,300,5.0,7.0,X,0.02,0.18,0.21,0.009,0.02,13.0,16.0,21.0,1504.0,1544.0,1668.319091796875,1661.0,3415.0,1546.0
129905,FA128,300,4.0,7.0,X,0.02,0.18,0.21,0.009,0.02,3.0,5.0,30.0,1504.0,1544.0,1667.7081298828125,1665.0,540.0,1543.0
129904,C2394,300,3.0,7.0,X,0.02,0.17,0.22,0.01,0.01,13.0,1.0,61.0,1502.0,1537.0,1654.573486328125,1649.0,3423.0,1541.0
129903,C2394,300,2.0,7.0,X,0.02,0.17,0.22,0.01,0.01,2.0,17.0,2.0,1502.0,1537.0,1652.6678466796875,1667.0,323.0,1535.0
129902,C2394,300,1.0,7.0,X,0.02,0.17,0.22,0.01,0.01,1.0,8.0,47.0,1502.0,1537.0,1678.9542236328125,1680.0,0.0,1541.0
129901,E86A6,300,5.0,5.0,X,0.018,0.28,0.31,0.007,0.015,12.0,16.0,20.0,1497.0,1537.0,1659.43408203125,1664.0,3147.0,1546.0
129900,E86A6,300,4.0,5.0,X,0.018,0.28,0.31,0.007,0.015,2.0,5.0,29.0,1497.0,1537.0,1650.733154296875,1649.0,288.0,1552.0
129899,E86A6,300,3.0,5.0,X,0.018,0.28,0.31,0.007,0.015,12.0,15.0,38.0,1497.0,1537.0,1661.588134765625,1666.0,3229.0,1544.0
129898,E86A6,300,2.0,5.0,X,0.018,0.28,0.31,0.007,0.015,12.0,1.0,60.0,1497.0,1537.0,1656.965576171875,1657.0,3109.0,1533.0
129897,E86A6,300,1.0,5.0,X,0.018,0.28,0.31,0.007,0.015,1.0,17.0,1.0,1497.0,1537.0,1699.45361328125,1706.0,0.0,1536.0
129896,E86A6,300,6.0,6.0,X,0.018,0.28,0.31,0.007,0.015,11.0,16.0,19.0,1497.0,1537.0,1650.1717529296875,1662.0,2909.0,1554.0
129895,E86A6,300,5.0,6.0,X,0.018,0.28,0.31,0.007,0.015,1.0,5.0,28.0,1497.0,1537.0,1664.263671875,1675.0,0.0,1549.0
129894,E86A6,300,4.0,6.0,X,0.018,0.28,0.31,0.007,0.015,11.0,15.0,37.0,1497.0,1537.0,1650.045654296875,1657.0,2941.0,1547.0
129893,E86A6,300,3.0,6.0,X,0.018,0.28,0.31,0.007,0.015,11.0,1.0,59.0,1497.0,1537.0,1648.658935546875,1656.0,2818.0,1547.0
129892,E86A6,300,2.0,6.0,X,0.018,0.28,0.31,0.007,0.015,10.0,8.0,46.0,1497.0,1537.0,1647.9290771484375,1657.0,2607.0,1548.0
129891,E86A6,300,1.0,6.0,X,0.018,0.28,0.31,0.007,0.015,10.0,16.0,18.0,1497.0,1537.0,1667.5504150390625,1669.0,2555.0,1555.0
129890,6E222,300,7.0,7.0,X,0.015,0.21,0.23,0.0,0.01,10.0,1.0,58.0,1504.0,1549.0,1666.2880859375,1679.0,2556.0,1546.0
129889,6E222,300,6.0,7.0,X,0.015,0.21,0.23,0.0,0.01,10.0,15.0,36.0,1504.0,1549.0,1671.098876953125,1669.0,2569.0,1549.0
129888,6E222,300,5.0,7.0,X,0.015,0.21,0.23,0.0,0.01,8.0,5.0,27.0,1504.0,1549.0,1672.8524169921875,1676.0,2018.0,1556.0
129887,6E222,300,4.0,7.0,X,0.015,0.21,0.23,0.0,0.01,9.0,8.0,45.0,1504.0,1549.0,1664.6563720703125,1673.0,2240.0,1558.0
129886,51FF2,300,3.0,7.0,X,0.015,0.21,0.23,0.0,0.01,9.0,16.0,17.0,1503.0,1543.0,1665.650390625,1668.0,2264.0,1556.0
129885,51FF2,300,2.0,7.0,X,0.015,0.21,0.23,0.0,0.01,9.0,1.0,57.0,1503.0,1543.0,1664.8211669921875,1664.0,2271.0,1546.0
129884,51FF2,300,1.0,7.0,X,0.015,0.21,0.23,0.0,0.01,9.0,15.0,35.0,1503.0,1543.0,1670.140380859375,1677.0,2288.0,1534.0
129883,1697B,300,2.0,2.0,X,0.02,0.18,0.22,0.009,0.01,7.0,5.0,26.0,1501.0,1536.0,1655.4822998046875,1657.0,1727.0,1548.0
129882,B269B,300,1.0,2.0,X,0.02,0.18,0.2,0.006,0.02,8.0,8.0,44.0,1502.0,1542.0,1667.6873779296875,1666.0,1952.0,1544.0
129881,8F8C3,300,3.0,3.0,X,0.015,0.19,0.22,0.009,0.025,8.0,16.0,16.0,1502.0,1537.0,1653.3087158203125,1666.0,1967.0,1531.0
129880,97E3A,300,2.0,3.0,X,0.02,0.41,0.43,0.007,0.0,8.0,1.0,56.0,1481.0,1521.0,1637.4080810546875,1644.0,1991.0,1521.0
129879,9E44C,300,1.0,3.0,X,0.02,0.18,0.2,0.01,0.02,8.0,15.0,34.0,1500.0,1540.0,1667.4552001953125,1679.0,1983.0,1541.0
129878,9E44C,300,4.0,7.0,X,0.02,0.18,0.2,0.01,0.02,6.0,5.0,25.0,1500.0,1540.0,1651.2879638671875,1657.0,1382.0,1561.0
129877,9E44C,300,3.0,7.0,X,0.02,0.18,0.2,0.01,0.02,7.0,8.0,43.0,1500.0,1540.0,1655.8309326171875,1662.0,1604.0,1558.0
129876,9E44C,300,2.0,7.0,X,0.02,0.18,0.2,0.01,0.02,7.0,16.0,15.0,1500.0,1540.0,1656.4097900390625,1659.0,1625.0,1555.0
129875,9E44C,300,1.0,7.0,X,0.02,0.18,0.2,0.01,0.02,7.0,1.0,55.0,1500.0,1540.0,1672.6866455078125,1672.0,1650.0,1554.0
129874,7FEAB,300,7.0,7.0,X,0.02,0.19,0.21,0.009,0.02,7.0,15.0,33.0,1506.0,1546.0,1669.9544677734375,1672.0,1659.0,1552.0
129873,7FEAB,300,6.0,7.0,X,0.02,0.19,0.21,0.009,0.02,5.0,5.0,24.0,1506.0,1546.0,1661.0086669921875,1676.0,1108.0,1556.0
129872,7FEAB,300,5.0,7.0,X,0.02,0.19,0.21,0.009,0.02,6.0,8.0,42.0,1506.0,1546.0,1661.0086669921875,1675.0,1333.0,1551.0
129871,7FEAB,300,4.0,7.0,X,0.02,0.19,0.21,0.009,0.02,6.0,16.0,14.0,1506.0,1546.0,1660.5628662109375,1675.0,1350.0,1551.0
129870,7FEAB,300,3.0,7.0,X,0.02,0.19,0.21,0.009,0.02,6.0,1.0,54.0,1506.0,1546.0,1661.8953857421875,1678.0,1374.0,1552.0
129869,7FEAB,300,2.0,7.0,X,0.02,0.19,0.21,0.009,0.02,6.0,15.0,32.0,1506.0,1546.0,1660.8468017578125,1670.0,1387.0,1551.0
129868,7FEAB,300,1.0,7.0,X,0.02,0.19,0.21,0.009,0.02,4.0,5.0,23.0,1506.0,1546.0,1690.6986083984375,1702.0,827.0,1551.0
129867,7FEAB,300,7.0,7.0,X,0.02,0.19,0.21,0.009,0.02,5.0,8.0,41.0,1506.0,1546.0,1661.834228515625,1670.0,1054.0,1551.0
129866,7FEAB,300,6.0,7.0,X,0.02,0.19,0.21,0.009,0.02,5.0,16.0,13.0,1506.0,1546.0,1661.2625732421875,1679.0,1069.0,1560.0
129865,7FEAB,300,5.0,7.0,X,0.02,0.19,0.21,0.009,0.02,5.0,1.0,53.0,1506.0,1546.0,1659.64990234375,1675.0,1095.0,1560.0
129864,7FEAB,300,4.0,7.0,X,0.02,0.19,0.21,0.009,0.02,5.0,15.0,31.0,1506.0,1546.0,1668.0294189453125,1671.0,1106.0,1551.0
129863,7FEAB,300,3.0,7.0,X,0.02,0.19,0.21,0.009,0.02,3.0,5.0,22.0,1506.0,1546.0,1667.3536376953125,1666.0,553.0,1549.0
129862,E483A,300,2.0,7.0,X,0.02,0.21,0.23,0.009,0.025,4.0,8.0,40.0,1500.0,1540.0,1659.4237060546875,1661.0,769.0,1551.0
129861,E483A,300,1.0,7.0,X,0.02,0.21,0.23,0.009,0.025,4.0,16.0,12.0,1500.0,1540.0,1671.5537109375,1673.0,796.0,1535.0
129860,D398B,300,3.0,3.0,X,0.02,0.2,0.22,0.009,0.02,4.0,1.0,52.0,1506.0,1551.0,1669.32275390625,1672.0,819.0,1562.0
129859,D398B,300,2.0,3.0,X,0.02,0.2,0.22,0.009,0.02,4.0,15.0,30.0,1506.0,1551.0,1666.439697265625,1664.0,828.0,1555.0
129858,D398B,300,1.0,3.0,X,0.02,0.2,0.22,0.009,0.02,2.0,5.0,21.0,1506.0,1551.0,1683.9718017578125,1687.0,270.0,1555.0
129857,4B82B,300,7.0,7.0,X,0.02,0.3,0.33,0.006,0.02,3.0,8.0,39.0,1495.0,1540.0,1656.9326171875,1657.0,496.0,1549.0
129856,4B82B,300,6.0,7.0,X,0.02,0.3,0.33,0.006,0.02,3.0,16.0,11.0,1495.0,1540.0,1643.7735595703125,1653.0,518.0,1540.0
129855,4B82B,300,5.0,7.0,X,0.02,0.3,0.33,0.006,0.02,3.0,1.0,51.0,1495.0,1540.0,1642.83056640625,1660.0,540.0,1546.0
129854,4B82B,300,4.0,7.0,X,0.02,0.3,0.33,0.006,0.02,3.0,15.0,29.0,1495.0,1540.0,1650.4095458984375,1672.0,552.0,1543.0
129853,4B82B,300,3.0,7.0,X,0.02,0.3,0.33,0.006,0.02,1.0,5.0,20.0,1495.0,1540.0,1658.6348876953125,1676.0,0.0,1545.0
129852,4B82B,300,2.0,7.0,X,0.02,0.3,0.33,0.006,0.02,2.0,8.0,38.0,1495.0,1540.0,1642.7718505859375,1660.0,221.0,1551.0
129851,4B82B,300,1.0,7.0,X,0.02,0.3,0.33,0.006,0.02,2.0,16.0,10.0,1495.0,1540.0,1666.7982177734375,1673.0,244.0,1540.0
129850,80160,300,6.0,6.0,X,0.015,0.4,0.45,0.0,0.02,2.0,1.0,50.0,1487.0,1522.0,1633.04443359375,1655.0,268.0,1534.0
129849,80160,300,5.0,6.0,X,0.015,0.4,0.45,0.0,0.02,2.0,15.0,28.0,1487.0,1522.0,1630.01416015625,1641.0,285.0,1525.0
129848,80160,300,4.0,6.0,X,0.015,0.4,0.45,0.0,0.02,1.0,8.0,37.0,1487.0,1522.0,1644.2275390625,1662.0,0.0,1540.0
129847,80160,300,3.0,6.0,X,0.015,0.4,0.45,0.0,0.02,1.0,16.0,9.0,1487.0,1522.0,1649.7132568359375,1667.0,0.0,1533.0
129846,80160,300,2.0,6.0,X,0.015,0.4,0.45,0.0,0.02,1.0,1.0,49.0,1487.0,1522.0,1648.7669677734375,1660.0,0.0,1536.0
129845,80160,300,1.0,6.0,X,0.015,0.4,0.45,0.0,0.02,1.0,15.0,27.0,1487.0,1522.0,1674.1090087890625,1683.0,0.0,1533.0
129844,AB910,150,9.0,9.0,X,0.02,0.4,0.45,0.0,0.02,16.0,5.0,19.0,1483.0,1538.0,1645.2691650390625,1658.0,4350.0,1545.0
129843,AB910,150,8.0,8.0,X,0.02,0.4,0.45,0.0,0.02,16.0,1.0,48.0,1483.0,1538.0,1649.2755126953125,1666.0,4347.0,1553.0
129842,AB910,150,7.0,8.0,X,0.02,0.4,0.45,0.0,0.02,8.0,16.0,8.0,1483.0,1538.0,1645.35498046875,1652.0,2396.0,1547.0
129841,AB910,150,6.0,8.0,X,0.02,0.4,0.45,0.0,0.02,15.0,8.0,36.0,1483.0,1538.0,1644.3055419921875,1653.0,4074.0,1546.0
129840,AB910,150,5.0,8.0,X,0.02,0.4,0.45,0.0,0.02,15.0,15.0,26.0,1483.0,1538.0,1645.515380859375,1650.0,4075.0,1536.0
129839,AB910,150,4.0,8.0,X,0.02,0.4,0.45,0.0,0.02,15.0,5.0,18.0,1483.0,1538.0,1651.47705078125,1656.0,4067.0,1550.0
129838,AB910,150,3.0,8.0,X,0.02,0.4,0.45,0.0,0.02,15.0,1.0,47.0,1483.0,1538.0,1643.8262939453125,1656.0,4074.0,1544.0
129837,AB910,150,2.0,8.0,X,0.02,0.4,0.45,0.0,0.02,7.0,16.0,7.0,1483.0,1538.0,1641.7578125,1652.0,2109.0,1537.0
129836,80160,150,1.0,8.0,X,0.015,0.4,0.45,0.0,0.02,14.0,8.0,35.0,1487.0,1542.0,1666.2520751953125,1672.0,3785.0,1556.0
129835,E7999,150,5.0,5.0,X,0.02,0.16,0.18,0.012,0.01,14.0,15.0,25.0,1506.0,1551.0,1664.779296875,1671.0,3789.0,1547.0
129834,E7999,150,4.0,5.0,X,0.02,0.16,0.18,0.012,0.01,14.0,5.0,17.0,1506.0,1551.0,1664.5582275390625,1679.0,3783.0,1544.0
129833,E7999,150,3.0,5.0,X,0.02,0.16,0.18,0.012,0.01,14.0,1.0,46.0,1506.0,1551.0,1668.3746337890625,1671.0,3783.0,1548.0
129832,E7999,150,2.0,5.0,X,0.02,0.16,0.18,0.012,0.01,6.0,16.0,6.0,1506.0,1551.0,1676.9306640625,1673.0,1718.0,1556.0
129831,E7999,150,1.0,5.0,X,0.02,0.16,0.18,0.012,0.01,13.0,8.0,34.0,1506.0,1551.0,1689.7591552734375,1694.0,3378.0,1563.0
129830,16DAA,300,3.0,3.0,X,0.005,0.58,0.62,0.0,0.0,13.0,15.0,24.0,1460.0,1500.0,1611.5799560546875,1612.0,3307.0,1502.0
129829,16DAA,300,2.0,3.0,X,0.005,0.58,0.62,0.0,0.0,13.0,5.0,16.0,1460.0,1500.0,1608.490234375,1607.0,3283.0,1512.0
129828,16DAA,300,1.0,3.0,X,0.005,0.58,0.62,0.0,0.0,13.0,1.0,45.0,1460.0,1500.0,1617.975341796875,1624.0,3284.0,1505.0
129827,5E13D,300,2.0,2.0,X,0.005,0.55,0.57,0.007,0.0,5.0,16.0,5.0,1486.0,1541.0,1684.2005615234375,1709.0,1292.0,1563.0
129826,5E13D,300,1.0,2.0,X,0.005,0.55,0.57,0.007,0.0,12.0,8.0,33.0,1486.0,1541.0,1688.6734619140625,1712.0,2960.0,1551.0
129825,5E13D,300,3.0,3.0,X,0.005,0.55,0.57,0.007,0.0,12.0,15.0,23.0,1486.0,1541.0,1682.7701416015625,1700.0,2945.0,1556.0
129824,5E13D,300,3.0,3.0,X,0.005,0.55,0.57,0.007,0.0,12.0,5.0,15.0,1486.0,1541.0,1682.10498046875,1692.0,2869.0,1559.0
129823,5E13D,300,2.0,3.0,X,0.005,0.55,0.57,0.007,0.0,12.0,1.0,44.0,1486.0,1541.0,1678.9658203125,1700.0,2870.0,1561.0
129822,5E13D,300,1.0,3.0,X,0.005,0.55,0.57,0.007,0.0,4.0,16.0,4.0,1486.0,1541.0,1692.564208984375,1697.0,890.0,1562.0
129821,2D42F,300,8.0,8.0,B,0.005,0.36,0.39,0.0,0.01,11.0,8.0,32.0,1492.0,1547.0,1676.4508056640625,1688.0,2570.0,1551.0
129820,2D42F,300,7.0,8.0,B,0.005,0.36,0.39,0.0,0.01,11.0,15.0,22.0,1492.0,1547.0,1669.1571044921875,1679.0,2568.0,1556.0
129819,2D42F,300,6.0,8.0,B,0.005,0.36,0.39,0.0,0.01,11.0,5.0,14.0,1492.0,1547.0,1667.00439453125,1670.0,2554.0,1559.0
129818,2D42F,300,5.0,8.0,B,0.005,0.36,0.39,0.0,0.01,11.0,1.0,43.0,1492.0,1547.0,1669.0078125,1672.0,2560.0,1548.0
129817,2D42F,300,4.0,8.0,B,0.005,0.36,0.39,0.0,0.01,3.0,16.0,3.0,1492.0,1547.0,1676.5247802734375,1679.0,607.0,1545.0
129816,2D42F,300,3.0,8.0,B,0.005,0.36,0.39,0.0,0.01,10.0,8.0,31.0,1492.0,1547.0,1672.4930419921875,1679.0,2285.0,1546.0
129815,2D42F,300,2.0,8.0,B,0.005,0.36,0.39,0.0,0.01,10.0,15.0,21.0,1492.0,1547.0,1672.3995361328125,1681.0,2255.0,1555.0
129814,2D42F,300,1.0,8.0,B,0.005,0.36,0.39,0.0,0.01,10.0,5.0,13.0,1492.0,1547.0,1696.2255859375,1667.0,2255.0,1545.0
129813,F5743,300,7.0,7.0,V,0.0,0.69,0.72,0.008,0.055,10.0,1.0,42.0,1476.0,1501.0,1617.02001953125,1627.0,2248.0,1516.0
129812,EEE12,300,6.0,7.0,X,0.0,0.69,0.72,0.0,0.02,2.0,16.0,2.0,1475.0,1510.0,1632.1539306640625,1635.0,276.0,1516.0
129811,EEE12,300,5.0,7.0,X,0.0,0.69,0.72,0.0,0.02,9.0,8.0,30.0,1475.0,1510.0,1626.4490966796875,1624.0,1961.0,1517.0
129810,EDD03,300,4.0,7.0,B,0.017,0.36,0.39,0.0,0.015,9.0,15.0,20.0,1490.0,1535.0,1658.7769775390625,1638.0,1960.0,1543.0
129809,450D6,300,3.0,7.0,B,0.01,0.36,0.39,0.0,0.015,9.0,5.0,12.0,1490.0,1535.0,1661.1375732421875,1658.0,1951.0,1544.0
129808,450D6,300,2.0,7.0,B,0.01,0.36,0.39,0.0,0.015,9.0,1.0,41.0,1490.0,1535.0,1655.0401611328125,1660.0,1955.0,1538.0
129807,546E8,300,1.0,7.0,X,0.02,0.13,0.17,0.0,0.0,1.0,16.0,1.0,1507.0,1547.0,1711.0469970703125,1721.0,0.0,1557.0
129806,B0EC5,300,6.0,6.0,V,0.01,0.36,0.39,0.015,0.02,8.0,8.0,29.0,1480.0,1530.0,1645.7275390625,1662.0,1683.0,1539.0
129805,D2F4A,300,5.0,6.0,V,0.01,0.36,0.38,0.012,0.02,8.0,15.0,19.0,1481.0,1536.0,1650.545166015625,1660.0,1680.0,1539.0
129804,D2F4A,300,4.0,6.0,V,0.01,0.36,0.38,0.012,0.02,8.0,5.0,11.0,1481.0,1536.0,1650.307373046875,1655.0,1679.0,1544.0
129803,D2F4A,300,3.0,6.0,V,0.01,0.36,0.38,0.012,0.02,8.0,1.0,40.0,1481.0,1536.0,1651.4510498046875,1656.0,1688.0,1537.0
129802,D63DF,300,2.0,6.0,V,0.005,0.37,0.4,0.01,0.03,7.0,8.0,28.0,1480.0,1525.0,1631.6591796875,1644.0,1473.0,1541.0
129801,D63DF,300,1.0,6.0,V,0.005,0.37,0.4,0.01,0.03,7.0,15.0,18.0,1480.0,1525.0,1651.50048828125,1651.0,1483.0,1528.0
129800,D63DF,300,8.0,8.0,V,0.005,0.37,0.4,0.01,0.03,7.0,5.0,10.0,1480.0,1525.0,1631.88427734375,1656.0,1481.0,1531.0
129799,D63DF,300,7.0,8.0,V,0.005,0.37,0.4,0.01,0.03,7.0,1.0,39.0,1480.0,1525.0,1626.2628173828125,1647.0,1489.0,1530.0
129798,D63DF,300,6.0,8.0,V,0.005,0.37,0.4,0.01,0.03,6.0,8.0,27.0,1480.0,1525.0,1630.4091796875,1639.0,1262.0,1532.0
129797,D63DF,300,5.0,8.0,V,0.005,0.37,0.4,0.01,0.03,6.0,15.0,17.0,1480.0,1525.0,1630.96533203125,1642.0,1259.0,1522.0
129796,D63DF,300,4.0,8.0,V,0.005,0.37,0.4,0.01,0.03,6.0,5.0,9.0,1480.0,1525.0,1633.37890625,1636.0,1227.0,1528.0
129795,D63DF,300,3.0,8.0,V,0.005,0.37,0.4,0.01,0.03,6.0,1.0,38.0,1480.0,1525.0,1630.62890625,1647.0,1236.0,1526.0
129794,D63DF,300,2.0,8.0,V,0.005,0.37,0.4,0.01,0.03,5.0,8.0,26.0,1480.0,1525.0,1627.2138671875,1641.0,1009.0,1534.0
129793,D63DF,300,1.0,8.0,V,0.005,0.37,0.4,0.01,0.03,5.0,15.0,16.0,1480.0,1525.0,1656.047119140625,1659.0,1011.0,1532.0
129792,258E9,300,5.0,5.0,X,0.01,0.32,0.35,0.0,0.0,5.0,5.0,8.0,1488.0,1528.0,1632.959228515625,1647.0,985.0,1543.0
129791,44D42,300,4.0,5.0,V,0.01,0.34,0.37,0.01,0.02,5.0,1.0,37.0,1489.0,1534.0,1645.596923828125,1654.0,991.0,1548.0
129790,44D42,300,3.0,5.0,V,0.01,0.34,0.37,0.01,0.02,4.0,8.0,25.0,1489.0,1534.0,1644.1905517578125,1648.0,743.0,1553.0
129789,E1B6A,300,2.0,5.0,X,0.02,0.18,0.2,0.0,0.015,4.0,15.0,15.0,1501.0,1546.0,1654.2855224609375,1667.0,742.0,1546.0
129788,F4A5E,300,1.0,5.0,V,0.01,0.35,0.37,0.01,0.045,4.0,5.0,7.0,1482.0,1532.0,1667.9462890625,1677.0,737.0,1537.0
129787,EA23B,300,9.0,9.0,V,0.01,0.36,0.4,0.013,0.05,4.0,1.0,36.0,1480.0,1540.0,1666.5367431640625,1672.0,746.0,1533.0
129786,EA23B,300,8.0,9.0,V,0.01,0.36,0.4,0.013,0.05,3.0,8.0,24.0,1480.0,1540.0,1652.800537109375,1669.0,531.0,1537.0
129785,EA23B,300,7.0,9.0,V,0.01,0.36,0.4,0.013,0.05,3.0,15.0,14.0,1480.0,1540.0,1648.5301513671875,1669.0,536.0,1531.0
129784,EA23B,300,6.0,9.0,V,0.01,0.36,0.4,0.013,0.05,1.0,6.0,54.0,1480.0,1540.0,1665.27685546875,1667.0,0.0,1526.0
129783,EA23B,300,5.0,9.0,V,0.01,0.36,0.4,0.013,0.05,3.0,5.0,6.0,1480.0,1540.0,1645.3046875,1650.0,484.0,1541.0
129782,EA23B,300,4.0,9.0,V,0.01,0.36,0.4,0.013,0.05,3.0,1.0,35.0,1480.0,1540.0,1653.4180908203125,1660.0,489.0,1545.0
129781,EA23B,300,3.0,9.0,V,0.01,0.36,0.4,0.013,0.05,2.0,8.0,23.0,1480.0,1540.0,1652.35205078125,1650.0,269.0,1543.0
129780,EA23B,300,2.0,9.0,V,0.01,0.36,0.4,0.013,0.05,2.0,15.0,13.0,1480.0,1540.0,1648.593017578125,1651.0,246.0,1548.0
129779,EA23B,300,1.0,9.0,V,0.01,0.36,0.4,0.013,0.05,2.0,5.0,5.0,1480.0,1540.0,1671.4801025390625,1670.0,233.0,1534.0
129778,87C74,300,5.0,5.0,X,0.02,0.45,0.5,0.0,0.02,2.0,1.0,34.0,1480.0,1525.0,1630.0660400390625,1654.0,236.0,1531.0
129777,B131E,300,4.0,5.0,X,0.02,0.46,0.49,0.005,0.02,1.0,8.0,22.0,1483.0,1518.0,1641.9774169921875,1659.0,0.0,1532.0
129776,3B7FC,300,3.0,5.0,X,0.005,0.46,0.5,0.0,0.015,1.0,15.0,12.0,1480.0,1525.0,1651.9449462890625,1657.0,0.0,1534.0
129775,3B7FC,300,2.0,5.0,X,0.005,0.46,0.5,0.0,0.015,1.0,5.0,4.0,1480.0,1525.0,1650.8514404296875,1654.0,0.0,1536.0
129774,3B7FC,300,1.0,5.0,X,0.005,0.46,0.5,0.0,0.015,1.0,1.0,33.0,1480.0,1525.0,1670.8726806640625,1674.0,0.0,1523.0
129773,3B7FC,300,5.0,5.0,X,0.005,0.46,0.5,0.0,0.015,6.0,15.0,11.0,1480.0,1525.0,1638.1627197265625,1649.0,1597.0,1527.0
129772,3B7FC,300,4.0,5.0,X,0.005,0.46,0.5,0.0,0.015,3.0,5.0,3.0,1480.0,1525.0,1643.488037109375,1661.0,563.0,1520.0
129771,3B7FC,300,3.0,5.0,X,0.005,0.46,0.5,0.0,0.015,14.0,7.0,62.0,1480.0,1525.0,1639.56884765625,1645.0,4186.0,1525.0
129770,3B7FC,300,2.0,10.0,X,0.005,0.46,0.5,0.0,0.015,4.0,6.0,53.0,1480.0,1525.0,1644.8563232421875,1653.0,934.0,1533.0
129769,3B7FC,300,1.0,10.0,X,0.005,0.46,0.5,0.0,0.015,1.0,8.0,21.0,1480.0,1525.0,1669.0994873046875,1666.0,0.0,1526.0
129768,28B54,300,7.0,7.0,B,0.01,0.32,0.35,0.0,0.015,5.0,15.0,10.0,1490.0,1535.0,1656.8873291015625,1657.0,1308.0,1549.0
129767,28B54,300,6.0,7.0,B,0.01,0.32,0.35,0.0,0.015,2.0,5.0,2.0,1490.0,1535.0,1660.3155517578125,1663.0,281.0,1547.0
129766,28B54,300,5.0,7.0,B,0.01,0.32,0.35,0.0,0.015,13.0,7.0,61.0,1490.0,1535.0,1649.814453125,1657.0,3897.0,1538.0
129765,28B54,300,4.0,7.0,B,0.01,0.32,0.35,0.0,0.015,3.0,6.0,52.0,1490.0,1535.0,1651.0982666015625,1657.0,661.0,1542.0
129764,28B54,300,3.0,7.0,B,0.01,0.32,0.35,0.0,0.015,6.0,1.0,32.0,1490.0,1535.0,1648.2186279296875,1658.0,1454.0,1541.0
129763,28B54,300,2.0,7.0,B,0.01,0.32,0.35,0.0,0.015,4.0,15.0,9.0,1490.0,1535.0,1650.35400390625,1658.0,1030.0,1537.0
129762,28B54,300,1.0,7.0,B,0.01,0.32,0.35,0.0,0.015,1.0,5.0,1.0,1490.0,1535.0,1694.2860107421875,1693.0,0.0,1544.0
129761,2D42F,300,8.0,8.0,B,0.005,0.36,0.39,0.0,0.01,12.0,7.0,60.0,1492.0,1547.0,1668.4794921875,1670.0,3597.0,1547.0
129760,2D42F,300,7.0,8.0,B,0.005,0.36,0.39,0.0,0.01,5.0,1.0,31.0,1492.0,1547.0,1671.526123046875,1680.0,1206.0,1549.0
129759,2D42F,300,6.0,8.0,B,0.005,0.36,0.39,0.0,0.01,2.0,6.0,51.0,1492.0,1547.0,1671.55517578125,1675.0,301.0,1545.0
129758,2D42F,300,5.0,8.0,B,0.005,0.36,0.39,0.0,0.01,3.0,15.0,8.0,1492.0,1547.0,1673.3846435546875,1674.0,706.0,1550.0
129757,2D42F,300,4.0,8.0,B,0.005,0.36,0.39,0.0,0.01,11.0,7.0,59.0,1492.0,1547.0,1672.251953125,1668.0,3354.0,1535.0
129756,2D42F,300,3.0,8.0,B,0.005,0.36,0.39,0.0,0.01,1.0,8.0,20.0,1492.0,1547.0,1673.3424072265625,1687.0,0.0,1550.0
129755,2D42F,300,2.0,8.0,B,0.005,0.36,0.39,0.0,0.01,4.0,1.0,30.0,1492.0,1547.0,1666.2965087890625,1671.0,911.0,1561.0
129754,2D42F,300,1.0,8.0,B,0.005,0.36,0.39,0.0,0.01,1.0,6.0,50.0,1492.0,1547.0,1707.28076171875,1710.0,0.0,1538.0
129753,2CC2D,300,3.0,3.0,X,0.015,0.08,0.11,0.0,0.0,2.0,15.0,7.0,1522.0,1557.0,1668.932861328125,1671.0,430.0,1560.0
129752,4A0F0,300,2.0,3.0,X,0.0,0.39,0.42,0.0,0.03,10.0,7.0,58.0,1488.0,1528.0,1643.90625,1650.0,3075.0,1539.0
129751,4A0F0,300,1.0,3.0,X,0.0,0.39,0.42,0.0,0.03,3.0,1.0,29.0,1488.0,1528.0,1659.00634765625,1650.0,678.0,1540.0
129750,4A0F0,300,4.0,7.0,X,0.0,0.39,0.42,0.0,0.03,9.0,7.0,57.0,1488.0,1528.0,1642.4356689453125,1657.0,2759.0,1543.0
129749,4A0F0,300,3.0,7.0,X,0.0,0.39,0.42,0.0,0.03,4.0,15.0,6.0,1488.0,1528.0,1641.518798828125,1677.0,1096.0,1546.0
129748,4A0F0,300,2.0,7.0,X,0.0,0.39,0.42,0.0,0.03,2.0,1.0,28.0,1488.0,1528.0,1641.494140625,1651.0,307.0,1537.0
129747,4A0F0,300,1.0,7.0,X,0.0,0.39,0.42,0.0,0.03,3.0,6.0,49.0,1488.0,1528.0,1657.51806640625,1661.0,680.0,1532.0
129746,4A0F0,300,8.0,8.0,X,0.0,0.39,0.42,0.0,0.03,5.0,8.0,19.0,1488.0,1528.0,1646.755859375,1657.0,1356.0,1536.0
129745,4A0F0,300,7.0,8.0,X,0.0,0.39,0.42,0.0,0.03,8.0,7.0,56.0,1488.0,1528.0,1643.454345703125,1649.0,2475.0,1534.0
129744,4A0F0,300,6.0,8.0,X,0.0,0.39,0.42,0.0,0.03,3.0,15.0,5.0,1488.0,1528.0,1639.9075927734375,1649.0,807.0,1531.0
129743,4A0F0,300,5.0,8.0,X,0.0,0.39,0.42,0.0,0.03,1.0,1.0,27.0,1488.0,1528.0,1652.3944091796875,1675.0,0.0,1532.0
129742,DE12C,300,4.0,8.0,X,0.02,0.53,0.55,0.0,0.02,2.0,6.0,48.0,1486.0,1536.0,1647.526123046875,1665.0,375.0,1543.0
129741,EB957,300,3.0,8.0,X,0.015,0.53,0.56,0.0,0.01,4.0,8.0,18.0,1486.0,1536.0,1662.2633056640625,1676.0,1027.0,1546.0
129740,EB957,300,2.0,8.0,X,0.015,0.53,0.56,0.0,0.01,7.0,7.0,55.0,1486.0,1536.0,1659.6429443359375,1667.0,2123.0,1547.0
129739,EDD03,300,1.0,8.0,B,0.017,0.36,0.39,0.0,0.015,2.0,15.0,4.0,1490.0,1535.0,1660.69287109375,1655.0,457.0,1520.0
129738,57414,300,2.0,2.0,X,0.01,0.38,0.43,0.0,0.02,7.0,4.0,59.0,1486.0,1526.0,1651.0572509765625,1662.0,2050.0,1533.0
129737,EDD03,300,1.0,8.0,B,0.017,0.36,0.39,0.0,0.015,1.0,6.0,47.0,1490.0,1535.0,1673.0806884765625,1687.0,0.0,1556.0
129736,0E7D0,300,4.0,4.0,X,0.01,0.4,0.43,0.0,0.0,3.0,8.0,17.0,1483.0,1528.0,1645.998046875,1649.0,676.0,1537.0
129735,0E7D0,300,3.0,4.0,X,0.01,0.4,0.43,0.0,0.0,6.0,7.0,54.0,1483.0,1528.0,1642.1573486328125,1654.0,1793.0,1535.0
129734,0E7D0,300,2.0,4.0,X,0.01,0.4,0.43,0.0,0.0,6.0,1.0,26.0,1483.0,1528.0,1639.8253173828125,1645.0,1635.0,1529.0
129733,0E7D0,300,1.0,4.0,X,0.01,0.4,0.43,0.0,0.0,1.0,15.0,3.0,1483.0,1528.0,1678.54052734375,1694.0,0.0,1539.0
129732,AB29D,300,3.0,3.0,X,0.015,0.44,0.46,0.0,0.01,6.0,4.0,58.0,1479.0,1524.0,1642.183349609375,1658.0,1608.0,1540.0
129731,AB29D,300,2.0,3.0,X,0.015,0.44,0.46,0.0,0.01,2.0,8.0,16.0,1479.0,1524.0,1642.3741455078125,1678.0,305.0,1543.0
129730,AB29D,300,1.0,3.0,X,0.015,0.44,0.46,0.0,0.01,5.0,7.0,53.0,1479.0,1524.0,1661.7427978515625,1660.0,1425.0,1539.0
129729,889AE,300,4.0,4.0,B,0.02,0.16,0.18,0.012,0.01,2.0,6.0,46.0,1507.0,1532.0,1638.8900146484375,1650.0,315.0,1539.0
129728,889AE,300,3.0,4.0,B,0.02,0.16,0.18,0.012,0.01,5.0,1.0,25.0,1507.0,1532.0,1636.3828125,1644.0,1242.0,1536.0
129727,889AE,300,2.0,4.0,B,0.02,0.16,0.18,0.012,0.01,5.0,4.0,57.0,1507.0,1532.0,1639.32861328125,1644.0,1303.0,1549.0
129726,889AE,300,1.0,4.0,B,0.02,0.16,0.18,0.012,0.01,1.0,8.0,15.0,1507.0,1532.0,1691.4844970703125,1711.0,0.0,1548.0
129725,0BFF6,300,6.0,6.0,X,0.0,0.93,0.98,0.006,0.0,4.0,7.0,52.0,1462.0,1488.0,1613.474609375,1626.0,1113.0,1508.0
129724,0BFF6,300,5.0,6.0,X,0.0,0.93,0.98,0.006,0.0,1.0,6.0,45.0,1462.0,1488.0,1630.59423828125,1635.0,0.0,1513.0
129723,0BFF6,300,4.0,6.0,X,0.0,0.93,0.98,0.006,0.0,4.0,1.0,24.0,1462.0,1488.0,1605.301025390625,1605.0,919.0,1486.0
129722,0BFF6,300,3.0,6.0,X,0.0,0.93,0.98,0.006,0.0,4.0,4.0,56.0,1462.0,1488.0,1603.648193359375,1612.0,985.0,1495.0
129721,0BFF6,300,2.0,6.0,X,0.0,0.93,0.98,0.006,0.0,2.0,15.0,2.0,1462.0,1488.0,1607.007568359375,1628.0,321.0,1497.0
129720,0BFF6,300,1.0,6.0,X,0.0,0.93,0.98,0.006,0.0,3.0,7.0,51.0,1462.0,1488.0,1619.1339111328125,1625.0,769.0,1507.0
129719,B248F,300,3.0,3.0,X,0.0,0.93,0.97,0.0,0.0,3.0,1.0,23.0,1462.0,1488.0,1608.6627197265625,1614.0,563.0,1482.0
129718,C635C,300,2.0,3.0,X,0.0,0.9,0.94,0.0,0.0,3.0,4.0,55.0,1460.0,1485.0,1607.8961181640625,1615.0,629.0,1486.0
129717,C635C,300,1.0,3.0,X,0.0,0.9,0.94,0.0,0.0,1.0,15.0,1.0,1460.0,1485.0,1653.2469482421875,1649.0,0.0,1498.0
129716,CA2FD,300,7.0,7.0,X,0.02,0.15,0.17,0.009,0.02,6.0,6.0,44.0,1507.0,1552.0,1674.2662353515625,1678.0,1840.0,1556.0
129715,CA2FD,300,6.0,7.0,X,0.02,0.15,0.17,0.009,0.02,5.0,8.0,14.0,1507.0,1552.0,1671.3763427734375,1674.0,1634.0,1564.0
129714,CA2FD,300,5.0,7.0,X,0.02,0.15,0.17,0.009,0.02,2.0,1.0,22.0,1507.0,1552.0,1667.6910400390625,1670.0,291.0,1545.0
129713,CA2FD,300,4.0,7.0,X,0.02,0.15,0.17,0.009,0.02,2.0,7.0,50.0,1507.0,1552.0,1675.1151123046875,1672.0,310.0,1545.0
129712,CA2FD,300,3.0,7.0,X,0.02,0.15,0.17,0.009,0.02,2.0,4.0,54.0,1507.0,1552.0,1675.1151123046875,1677.0,311.0,1550.0
129711,CA2FD,300,2.0,7.0,X,0.02,0.15,0.17,0.009,0.02,5.0,6.0,43.0,1507.0,1552.0,1675.837646484375,1678.0,1564.0,1556.0
129710,CA2FD,300,1.0,7.0,X,0.02,0.15,0.17,0.009,0.02,4.0,8.0,13.0,1507.0,1552.0,1687.383056640625,1688.0,1347.0,1562.0
129709,CA2FD,300,6.0,6.0,X,0.02,0.15,0.17,0.009,0.02,1.0,1.0,21.0,1507.0,1552.0,1678.520263671875,1692.0,0.0,1565.0
129708,CA2FD,300,5.0,6.0,X,0.02,0.15,0.17,0.009,0.02,1.0,7.0,49.0,1507.0,1552.0,1677.4525146484375,1686.0,0.0,1565.0
129707,CA2FD,300,4.0,6.0,X,0.02,0.15,0.17,0.009,0.02,1.0,4.0,53.0,1507.0,1552.0,1677.719970703125,1682.0,0.0,1568.0
129706,CA2FD,300,3.0,6.0,X,0.02,0.15,0.17,0.009,0.02,4.0,6.0,42.0,1507.0,1552.0,1667.1361083984375,1667.0,991.0,1563.0
129705,CA2FD,300,2.0,6.0,X,0.02,0.15,0.17,0.009,0.02,3.0,8.0,12.0,1507.0,1552.0,1675.2060546875,1681.0,757.0,1567.0
129704,CA2FD,300,1.0,6.0,X,0.02,0.15,0.17,0.009,0.02,1.0,4.0,53.0,1507.0,1552.0,1694.9451904296875,1692.0,0.0,
129703,CA2FD,300,6.0,8.0,X,0.02,0.15,0.17,0.009,0.02,3.0,6.0,41.0,1507.0,1552.0,1664.242919921875,1668.0,565.0,1562.0
129702,CA2FD,300,5.0,8.0,X,0.02,0.15,0.17,0.009,0.02,2.0,1.0,19.0,1507.0,1552.0,1660.9849853515625,1664.0,283.0,1564.0
129701,CA2FD,300,4.0,8.0,X,0.02,0.15,0.17,0.009,0.02,2.0,8.0,11.0,1507.0,1552.0,1670.21142578125,1674.0,291.0,1561.0
129700,CA2FD,300,3.0,8.0,X,0.02,0.15,0.17,0.009,0.02,5.0,7.0,48.0,1507.0,1552.0,1663.77294921875,1669.0,1334.0,1551.0
129699,7F484,300,2.0,8.0,X,0.02,0.15,0.17,0.008,0.02,11.0,4.0,52.0,1512.0,1557.0,1672.884765625,1675.0,3003.0,1552.0
129698,CE16F,300,1.0,8.0,X,0.02,0.15,0.17,0.008,0.02,2.0,6.0,40.0,1507.0,1552.0,1685.3375244140625,1689.0,271.0,1534.0
129697,80160,300,6.0,6.0,X,0.015,0.4,0.45,0.0,0.02,4.0,1.0,18.0,1487.0,1522.0,1638.8245849609375,1674.0,833.0,1547.0
129696,80160,300,5.0,6.0,X,0.015,0.4,0.45,0.0,0.02,1.0,8.0,10.0,1487.0,1522.0,1648.24755859375,1664.0,0.0,1538.0
129695,80160,300,4.0,6.0,X,0.015,0.4,0.45,0.0,0.02,4.0,7.0,47.0,1487.0,1522.0,1633.8026123046875,1636.0,1048.0,1529.0
129694,77C04,300,3.0,6.0,X,0.02,0.17,0.22,0.01,0.01,1.0,6.0,39.0,1502.0,1547.0,1677.4625244140625,1678.0,0.0,1557.0
129693,77C04,300,2.0,6.0,X,0.02,0.17,0.22,0.01,0.01,3.0,1.0,17.0,1502.0,1547.0,1668.4014892578125,1677.0,564.0,1545.0
129692,77C04,300,1.0,6.0,X,0.02,0.17,0.22,0.01,0.01,1.0,4.0,51.0,1502.0,1547.0,1716.3076171875,1690.0,0.0,1567.0
129691,51C01,300,6.0,6.0,X,0.02,0.15,0.18,0.0,0.02,3.0,7.0,46.0,1511.0,1556.0,1661.72607421875,1669.0,664.0,1557.0
129690,51C01,300,5.0,6.0,X,0.02,0.15,0.18,0.0,0.02,4.0,6.0,39.0,1511.0,1556.0,1661.265380859375,1679.0,1314.0,
129689,A0D69,300,4.0,6.0,X,0.02,0.18,0.21,0.0,0.0,2.0,1.0,16.0,1510.0,1550.0,1656.0277099609375,1664.0,226.0,1551.0
129688,A0D69,300,3.0,6.0,X,0.02,0.18,0.21,0.0,0.0,2.0,8.0,8.0,1510.0,1550.0,1658.797119140625,1660.0,315.0,1552.0
129687,44B90,300,2.0,6.0,X,0.01,0.28,0.31,0.0,0.02,2.0,7.0,45.0,1496.0,1541.0,1658.515625,1660.0,438.0,1545.0
129686,D6B63,300,1.0,6.0,X,0.01,0.05,0.08,0.0,0.0,3.0,6.0,38.0,1527.0,1572.0,1703.20556640625,1702.0,1090.0,1568.0
129685,57414,300,2.0,2.0,X,0.01,0.38,0.43,0.0,0.02,1.0,1.0,15.0,1486.0,1526.0,1655.8599853515625,1686.0,0.0,1543.0
129684,57414,300,3.0,4.0,X,0.01,0.38,0.43,0.0,0.02,1.0,8.0,7.0,1486.0,1526.0,1655.4267578125,1667.0,0.0,1533.0
129683,B3CD5,300,1.0,4.0,X,0.015,0.4,0.43,0.0,0.02,1.0,7.0,44.0,1484.0,1519.0,1666.1314697265625,1673.0,0.0,1546.0
129682,57414,300,4.0,5.0,X,0.01,0.38,0.43,0.0,0.02,2.0,1.0,14.0,1486.0,1526.0,1646.81884765625,1650.0,391.0,1522.0
129681,57414,300,3.0,5.0,X,0.01,0.38,0.43,0.0,0.02,2.0,8.0,6.0,1486.0,1526.0,1644.6407470703125,1652.0,413.0,
129680,57414,300,2.0,5.0,X,0.01,0.38,0.43,0.0,0.02,1.0,7.0,43.0,1486.0,1526.0,1657.3529052734375,1669.0,0.0,1540.0
129679,57414,300,1.0,5.0,X,0.01,0.38,0.43,0.0,0.02,1.0,6.0,36.0,1486.0,1526.0,1681.0498046875,1686.0,0.0,1540.0
129678,57414,300,1.0,1.0,X,0.01,0.38,0.43,0.0,0.02,1.0,1.0,13.0,1486.0,1526.0,1678.6549072265625,1684.0,0.0,1537.0
129677,57414,300,1.0,1.0,X,0.01,0.38,0.43,0.0,0.02,1.0,8.0,5.0,1486.0,1526.0,1679.2816162109375,1692.0,0.0,1535.0
129676,FA128,300,3.0,5.0,X,0.02,0.18,0.21,0.009,0.02,1.0,1.0,12.0,1504.0,1544.0,1671.898681640625,1684.0,0.0,1537.0
129675,C2394,300,3.0,6.0,X,0.02,0.17,0.22,0.01,0.01,1.0,6.0,35.0,1502.0,1537.0,1659.9451904296875,1659.0,0.0,1550.0
129674,C2394,300,2.0,6.0,X,0.02,0.17,0.22,0.01,0.01,10.0,7.0,42.0,1502.0,1537.0,1648.3309326171875,1648.0,3134.0,1537.0
129673,C33FA,300,1.0,6.0,X,0.015,0.24,0.27,0.008,0.02,1.0,8.0,4.0,1499.0,1539.0,1688.62939453125,1695.0,0.0,1546.0
129672,3B7FC,300,3.0,3.0,X,0.005,0.46,0.5,0.0,0.015,4.0,8.0,4.0,1480.0,1525.0,1630.970458984375,1637.0,978.0,1532.0
129671,A2DFA,300,3.0,4.0,X,0.005,0.43,0.5,0.0,0.0,7.0,1.0,12.0,1480.0,1525.0,1638.4921875,1653.0,1721.0,1531.0
129670,A2DFA,300,3.0,5.0,X,0.005,0.43,0.5,0.0,0.0,9.0,7.0,41.0,1480.0,1525.0,1627.993408203125,1632.0,2447.0,
129669,A2DFA,300,2.0,5.0,X,0.005,0.43,0.5,0.0,0.0,8.0,4.0,49.0,1480.0,1525.0,1613.3985595703125,1637.0,2028.0,1526.0
129668,A2DFA,300,1.0,5.0,X,0.005,0.43,0.5,0.0,0.0,7.0,6.0,33.0,1480.0,1525.0,1645.05712890625,1662.0,1755.0,
129667,27A7C,300,5.0,5.0,X,0.02,0.43,0.47,0.0,0.015,3.0,8.0,3.0,1480.0,1515.0,1630.673828125,1666.0,604.0,1534.0
129666,27A7C,300,4.0,5.0,X,0.02,0.43,0.47,0.0,0.015,6.0,1.0,11.0,1480.0,1515.0,1628.309326171875,1653.0,1388.0,1528.0
129665,27A7C,300,3.0,5.0,X,0.02,0.43,0.47,0.0,0.015,8.0,7.0,40.0,1480.0,1515.0,1637.58984375,1637.0,2113.0,1533.0
129664,27A7C,300,2.0,5.0,X,0.02,0.43,0.47,0.0,0.015,7.0,4.0,48.0,1480.0,1515.0,1629.0531005859375,1633.0,1706.0,1529.0
129663,27A7C,300,1.0,4.0,X,0.02,0.43,0.47,0.0,0.015,6.0,6.0,32.0,1480.0,1515.0,1645.3492431640625,1667.0,1440.0,1541.0
129662,1FFF4,300,6.0,6.0,X,0.015,0.21,0.24,0.009,0.025,2.0,8.0,2.0,1502.0,1542.0,1671.52880859375,1683.0,305.0,1550.0
129661,1E6E6,300,5.0,6.0,X,0.025,0.19,0.23,0.01,0.015,5.0,1.0,10.0,1505.0,1545.0,1659.0054931640625,1675.0,1093.0,1548.0
129660,1E6E6,300,4.0,6.0,X,0.025,0.19,0.23,0.01,0.015,7.0,7.0,39.0,1505.0,1545.0,1656.9189453125,1659.0,1824.0,1547.0
129659,1E6E6,300,3.0,6.0,X,0.025,0.19,0.23,0.01,0.015,6.0,4.0,47.0,1505.0,1545.0,1656.03466796875,1663.0,1421.0,1545.0
129658,CC49C,300,2.0,6.0,X,0.005,0.55,0.58,0.007,0.0,5.0,6.0,31.0,1486.0,1541.0,1679.504150390625,1682.0,1148.0,1561.0
129657,CC49C,300,1.0,6.0,X,0.005,0.55,0.58,0.007,0.0,1.0,8.0,1.0,1486.0,1541.0,1710.7275390625,1711.0,0.0,1547.0
129656,7B0D4,300,8.0,8.0,X,0.01,0.47,0.5,0.0,0.02,4.0,1.0,9.0,1483.0,1523.0,1626.182373046875,1642.0,785.0,1530.0
129655,D033D,300,7.0,8.0,X,0.02,0.47,0.49,0.009,0.0,6.0,7.0,38.0,1480.0,1515.0,1622.8162841796875,1633.0,1500.0,1527.0
129654,D033D,300,6.0,8.0,X,0.02,0.47,0.49,0.009,0.0,5.0,4.0,46.0,1480.0,1515.0,1622.25927734375,1628.0,1095.0,1530.0
129653,D033D,300,5.0,8.0,X,0.02,0.47,0.49,0.009,0.0,4.0,6.0,30.0,1480.0,1515.0,1622.3372802734375,1627.0,820.0,1523.0
129652,D033D,300,4.0,8.0,X,0.02,0.47,0.49,0.009,0.0,3.0,1.0,8.0,1480.0,1515.0,1628.2108154296875,1629.0,536.0,1522.0
129651,D033D,300,3.0,8.0,X,0.02,0.47,0.49,0.009,0.0,5.0,7.0,37.0,1480.0,1515.0,1627.7073974609375,1640.0,1259.0,1522.0
129650,D033D,300,2.0,8.0,X,0.02,0.47,0.49,0.009,0.0,4.0,4.0,45.0,1480.0,1515.0,1628.2347412109375,1626.0,857.0,1524.0
129649,D033D,300,1.0,8.0,X,0.02,0.47,0.49,0.009,0.0,3.0,6.0,29.0,1480.0,1515.0,1643.8331298828125,1643.0,578.0,1524.0
129648,57DF3,300,6.0,6.0,B,0.005,0.4,0.42,0.0,0.01,2.0,1.0,7.0,1486.0,1526.0,1639.3643798828125,1644.0,290.0,1531.0
129647,57DF3,300,5.0,6.0,B,0.005,0.4,0.42,0.0,0.01,13.0,17.0,62.0,1486.0,1526.0,1636.7579345703125,1643.0,3882.0,1530.0
129646,FE1F9,300,4.0,6.0,B,0.005,0.33,0.35,0.0,0.015,4.0,7.0,36.0,1491.0,1531.0,1639.3172607421875,1639.0,966.0,1529.0
129645,FE1F9,300,3.0,6.0,B,0.005,0.33,0.35,0.0,0.015,3.0,4.0,44.0,1491.0,1531.0,1632.310791015625,1641.0,562.0,1536.0
129644,28B54,300,2.0,6.0,B,0.01,0.32,0.35,0.0,0.015,2.0,6.0,28.0,1490.0,1535.0,1657.6466064453125,1659.0,286.0,1540.0
129643,28B54,300,1.0,6.0,B,0.01,0.32,0.35,0.0,0.015,1.0,1.0,6.0,1490.0,1535.0,1680.4718017578125,1691.0,0.0,1531.0
129642,A63F7,300,4.0,4.0,V,0.01,0.41,0.43,0.014,0.02,12.0,17.0,61.0,1475.0,1520.0,1646.885498046875,1658.0,3590.0,1542.0
129641,450D6,300,3.0,4.0,B,0.01,0.36,0.39,0.0,0.015,3.0,7.0,35.0,1490.0,1535.0,1654.578125,1667.0,667.0,1548.0
129640,450D6,300,2.0,4.0,B,0.01,0.36,0.39,0.0,0.015,2.0,4.0,43.0,1490.0,1535.0,1655.0511474609375,1654.0,264.0,1541.0
129639,450D6,300,1.0,4.0,B,0.01,0.36,0.39,0.0,0.015,1.0,6.0,27.0,1490.0,1535.0,1679.266357421875,1687.0,0.0,1531.0
129638,734B0,300,8.0,8.0,X,0.01,0.4,0.43,0.0,0.02,12.0,5.0,48.0,1486.0,1526.0,1638.1385498046875,1650.0,3798.0,1534.0
129637,734B0,300,7.0,8.0,X,0.01,0.4,0.43,0.0,0.02,11.0,17.0,60.0,1486.0,1526.0,1636.8211669921875,1644.0,3313.0,1524.0
129636,33D10,300,6.0,8.0,X,0.015,0.39,0.42,0.0,0.0,2.0,7.0,34.0,1485.0,1530.0,1639.90576171875,1643.0,396.0,1543.0
129635,5692D,300,5.0,8.0,X,0.015,0.39,0.41,0.0,0.01,1.0,4.0,42.0,1486.0,1521.0,1642.1883544921875,1671.0,0.0,1535.0
129634,5692D,300,4.0,4.0,X,0.015,0.39,0.41,0.0,0.01,5.0,1.0,5.0,1486.0,1521.0,1630.288330078125,1645.0,1234.0,1529.0
129633,5692D,300,3.0,4.0,X,0.015,0.39,0.41,0.0,0.01,11.0,5.0,47.0,1486.0,1521.0,1631.474609375,1639.0,3449.0,1521.0
129632,3D92C,300,2.0,8.0,X,0.01,0.39,0.41,0.0,0.02,10.0,17.0,59.0,1485.0,1520.0,1632.981201171875,1636.0,2924.0,1528.0
129631,3D92C,300,1.0,8.0,X,0.01,0.39,0.41,0.0,0.02,1.0,7.0,33.0,1485.0,1520.0,1664.78955078125,1665.0,0.0,1540.0
129630,A7B3C,300,3.0,3.0,X,0.025,0.2,0.23,0.01,0.01,4.0,1.0,4.0,1504.0,1549.0,1660.3682861328125,1670.0,907.0,1558.0
129629,A7B3C,300,2.0,3.0,X,0.025,0.2,0.23,0.01,0.01,4.0,6.0,26.0,1504.0,1549.0,1665.59716796875,1664.0,935.0,1564.0
129628,15493,300,6.0,8.0,X,0.01,0.38,0.43,0.0,0.0,2.0,4.0,41.0,1485.0,1525.0,1644.5228271484375,1663.0,289.0,1530.0
129627,E86A6,300,5.0,8.0,X,0.018,0.28,0.31,0.007,0.015,10.0,5.0,46.0,1497.0,1537.0,1652.51806640625,1651.0,3060.0,1538.0
129626,E86A6,300,4.0,8.0,X,0.018,0.28,0.31,0.007,0.015,9.0,17.0,58.0,1497.0,1537.0,1649.8712158203125,1652.0,2574.0,1548.0
129625,E86A6,300,3.0,8.0,X,0.018,0.28,0.31,0.007,0.015,3.0,1.0,3.0,1497.0,1537.0,1659.922119140625,1663.0,616.0,1546.0
129624,E86A6,300,2.0,8.0,X,0.018,0.28,0.31,0.007,0.015,3.0,6.0,25.0,1497.0,1537.0,1658.28759765625,1653.0,636.0,1556.0
129623,E86A6,300,1.0,8.0,X,0.018,0.28,0.31,0.007,0.015,1.0,4.0,40.0,1497.0,1537.0,1683.6378173828125,1685.0,0.0,1544.0
129622,9E44C,300,5.0,5.0,X,0.02,0.18,0.2,0.01,0.02,9.0,5.0,45.0,1500.0,1540.0,1655.6868896484375,1658.0,2758.0,1558.0
129621,9E44C,300,4.0,5.0,X,0.02,0.18,0.2,0.01,0.02,8.0,17.0,57.0,1500.0,1540.0,1654.492431640625,1656.0,2273.0,1544.0
129620,9E44C,300,3.0,5.0,X,0.02,0.18,0.2,0.01,0.02,2.0,1.0,2.0,1500.0,1540.0,1663.8553466796875,1677.0,328.0,1544.0
129619,9E44C,300,2.0,5.0,X,0.02,0.18,0.2,0.01,0.02,2.0,6.0,24.0,1500.0,1540.0,1653.1083984375,1665.0,339.0,1543.0
129618,9E44C,300,1.0,5.0,X,0.02,0.18,0.2,0.01,0.02,8.0,7.0,32.0,1500.0,1540.0,1668.8125,1668.0,2206.0,1534.0
129617,88A33,300,4.0,4.0,X,0.02,0.38,0.41,0.007,0.01,8.0,5.0,44.0,1480.0,1520.0,1633.583251953125,1635.0,2458.0,1534.0
129616,88A33,300,3.0,4.0,X,0.02,0.38,0.41,0.007,0.01,7.0,17.0,56.0,1480.0,1520.0,1631.5928955078125,1634.0,1953.0,1525.0
129615,4F121,300,2.0,4.0,X,0.01,0.38,0.43,0.0,0.0,1.0,1.0,1.0,1480.0,1520.0,1652.3909912109375,1671.0,0.0,1531.0
129614,4F121,300,1.0,4.0,X,0.01,0.38,0.43,0.0,0.0,1.0,6.0,23.0,1480.0,1520.0,1671.360595703125,1676.0,0.0,1537.0
129613,3CF26,300,7.0,7.0,X,0.0,0.96,1.0,0.006,0.0,7.0,7.0,31.0,1460.0,1485.0,1601.4208984375,1603.0,1847.0,1499.0
129612,3CF26,300,6.0,7.0,X,0.0,0.96,1.0,0.006,0.0,7.0,5.0,43.0,1460.0,1485.0,1601.18310546875,1599.0,2105.0,1501.0
129611,3CF26,300,5.0,7.0,X,0.0,0.96,1.0,0.006,0.0,6.0,17.0,55.0,1460.0,1485.0,1599.829345703125,1597.0,1605.0,1501.0
129610,3CF26,300,4.0,7.0,X,0.0,0.96,1.0,0.006,0.0,6.0,4.0,39.0,1460.0,1485.0,1600.836181640625,1598.0,1591.0,1483.0
129609,3CF26,300,3.0,7.0,X,0.0,0.96,1.0,0.006,0.0,6.0,7.0,30.0,1460.0,1485.0,1597.1341552734375,1600.0,1577.0,1494.0
129608,3CF26,300,2.0,7.0,X,0.0,0.96,1.0,0.006,0.0,6.0,5.0,42.0,1460.0,1485.0,1593.7357177734375,1594.0,1791.0,1502.0
129607,3CF26,300,1.0,7.0,X,0.0,0.96,1.0,0.006,0.0,5.0,17.0,54.0,1460.0,1485.0,1616.239501953125,1636.0,1299.0,1506.0
129606,FC47C,150,7.0,7.0,X,0.015,0.45,0.48,0.0,0.01,5.0,4.0,38.0,1482.0,1537.0,1644.80712890625,1647.0,1207.0,1538.0
129605,FC47C,150,6.0,7.0,X,0.015,0.45,0.48,0.0,0.01,5.0,7.0,29.0,1482.0,1537.0,1639.7093505859375,1641.0,1192.0,1536.0
129604,FC47C,150,5.0,7.0,X,0.015,0.45,0.48,0.0,0.01,5.0,5.0,41.0,1482.0,1537.0,1641.1405029296875,1644.0,1445.0,1531.0
129603,FC47C,150,4.0,7.0,X,0.015,0.45,0.48,0.0,0.01,4.0,6.0,22.0,1482.0,1537.0,1637.9403076171875,1650.0,860.0,1542.0
129602,FC47C,150,3.0,7.0,X,0.015,0.45,0.48,0.0,0.01,4.0,17.0,53.0,1482.0,1537.0,1640.783447265625,1650.0,887.0,1536.0
129601,FC47C,150,2.0,7.0,X,0.015,0.45,0.48,0.0,0.01,4.0,4.0,37.0,1482.0,1537.0,1641.0867919921875,1642.0,875.0,1540.0
129600,FC47C,150,1.0,7.0,X,0.015,0.45,0.48,0.0,0.01,4.0,7.0,28.0,1482.0,1537.0,1658.5533447265625,1657.0,865.0,1542.0
129599,4D097,150,10.0,10.0,X,0.015,0.51,0.55,0.0,0.01,4.0,5.0,40.0,1487.0,1537.0,1643.3193359375,1652.0,1128.0,1548.0
129598,4D097,150,9.0,10.0,X,0.015,0.51,0.55,0.0,0.01,3.0,6.0,21.0,1487.0,1537.0,1643.1456298828125,1647.0,554.0,1549.0
129597,4D097,150,8.0,10.0,X,0.015,0.51,0.55,0.0,0.01,3.0,17.0,52.0,1487.0,1537.0,1644.359130859375,1644.0,587.0,1535.0
129596,4D097,150,7.0,10.0,X,0.015,0.51,0.55,0.0,0.01,3.0,4.0,36.0,1487.0,1537.0,1642.8297119140625,1653.0,582.0,1534.0
129595,4D097,150,6.0,10.0,X,0.015,0.51,0.55,0.0,0.01,3.0,7.0,27.0,1487.0,1537.0,1641.778076171875,1647.0,585.0,1540.0
129594,4D097,150,5.0,10.0,X,0.015,0.51,0.55,0.0,0.01,3.0,5.0,39.0,1487.0,1537.0,1641.8192138671875,1639.0,849.0,1541.0
129593,4D097,150,4.0,10.0,X,0.015,0.51,0.55,0.0,0.01,2.0,6.0,20.0,1487.0,1537.0,1643.28662109375,1642.0,275.0,1534.0
129592,4D097,150,3.0,10.0,X,0.015,0.51,0.55,0.0,0.01,2.0,17.0,51.0,1487.0,1537.0,1641.776123046875,1642.0,314.0,1534.0
129591,4D097,150,2.0,10.0,X,0.015,0.51,0.55,0.0,0.01,2.0,4.0,35.0,1487.0,1537.0,1639.6756591796875,1648.0,316.0,1535.0
129590,4D097,150,1.0,10.0,X,0.015,0.51,0.55,0.0,0.01,2.0,7.0,26.0,1487.0,1537.0,1662.023681640625,1661.0,310.0,1529.0
129589,80160,150,6.0,6.0,X,0.015,0.4,0.45,0.0,0.02,2.0,5.0,38.0,1487.0,1542.0,1648.100830078125,1650.0,572.0,1539.0
129588,80160,150,5.0,6.0,X,0.015,0.4,0.45,0.0,0.02,1.0,6.0,19.0,1487.0,1542.0,1663.1263427734375,1661.0,0.0,1547.0
129587,80160,150,4.0,6.0,X,0.015,0.4,0.45,0.0,0.02,1.0,17.0,50.0,1487.0,1542.0,1664.3699951171875,1682.0,0.0,1552.0
129586,80160,150,3.0,6.0,X,0.015,0.4,0.45,0.0,0.02,1.0,4.0,34.0,1487.0,1542.0,1663.578857421875,1673.0,0.0,1550.0
129585,80160,150,2.0,6.0,X,0.015,0.4,0.45,0.0,0.02,1.0,7.0,25.0,1487.0,1542.0,1659.272705078125,1670.0,0.0,1554.0
129584,80160,150,1.0,6.0,X,0.015,0.4,0.45,0.0,0.02,1.0,5.0,37.0,1487.0,1542.0,1691.3123779296875,1669.0,0.0,1560.0
129583,CA2FD,150,9.0,9.0,X,0.02,0.15,0.17,0.009,0.02,3.0,6.0,18.0,1507.0,1551.0,1662.0474853515625,1682.0,476.0,1560.0
129582,CA2FD,150,8.0,9.0,X,0.02,0.15,0.17,0.009,0.02,2.0,17.0,49.0,1507.0,1551.0,1662.80078125,1666.0,239.0,1548.0
129581,CA2FD,150,7.0,9.0,X,0.02,0.15,0.17,0.009,0.02,2.0,4.0,33.0,1507.0,1551.0,1663.0347900390625,1664.0,240.0,1556.0
129580,CA2FD,150,6.0,9.0,X,0.02,0.15,0.17,0.009,0.02,2.0,7.0,24.0,1507.0,1551.0,1659.5443115234375,1674.0,242.0,1560.0
129579,CA2FD,150,5.0,9.0,X,0.02,0.15,0.17,0.009,0.02,2.0,6.0,17.0,1507.0,1551.0,1654.1131591796875,1671.0,241.0,1562.0
129578,CA2FD,150,4.0,9.0,X,0.02,0.15,0.17,0.009,0.02,1.0,17.0,48.0,1507.0,1551.0,1671.5247802734375,1689.0,0.0,1561.0
129577,CA2FD,150,3.0,9.0,X,0.02,0.15,0.17,0.009,0.02,1.0,4.0,32.0,1507.0,1551.0,1670.9912109375,1682.0,0.0,1563.0
129576,FB109,150,2.0,9.0,X,0.02,0.17,0.19,0.008,0.02,1.0,7.0,23.0,1507.0,1552.0,1672.617919921875,1675.0,0.0,1558.0
129575,3EFD8,150,1.0,9.0,X,0.005,0.33,0.36,0.0,0.02,1.0,6.0,16.0,1490.0,1540.0,1683.775390625,1685.0,0.0,1536.0
129574,1E6E6,150,2.0,2.0,X,0.025,0.19,0.23,0.01,0.015,23.0,4.0,31.0,1505.0,1550.0,1652.3828125,1660.0,6826.0,1547.0
129573,43C5C,150,1.0,2.0,X,0.005,0.5,0.53,0.0,0.02,11.0,7.0,22.0,1487.0,1532.0,1655.411376953125,1661.0,3308.0,1536.0
129572,E0B89,150,8.0,8.0,X,0.02,0.22,0.25,0.01,0.015,22.0,17.0,47.0,1501.0,1541.0,1652.029541015625,1663.0,6455.0,1544.0
129571,2737C,150,7.0,8.0,X,0.005,0.45,0.49,0.0,0.015,15.0,6.0,15.0,1480.0,1525.0,1619.2681884765625,1644.0,4465.0,1528.0
129570,FC47C,150,6.0,8.0,X,0.015,0.45,0.48,0.0,0.01,12.0,5.0,36.0,1482.0,1537.0,1643.3883056640625,1647.0,3447.0,1539.0
129569,FC47C,150,5.0,8.0,X,0.015,0.45,0.48,0.0,0.01,22.0,4.0,30.0,1482.0,1537.0,1639.908203125,1645.0,6397.0,1535.0
129568,FC47C,150,4.0,8.0,X,0.015,0.45,0.48,0.0,0.01,10.0,7.0,21.0,1482.0,1537.0,1640.8035888671875,1644.0,2882.0,1530.0
129567,FC47C,150,3.0,8.0,X,0.015,0.45,0.48,0.0,0.01,21.0,17.0,46.0,1482.0,1537.0,1641.8507080078125,1645.0,6152.0,1539.0
129566,FC47C,150,2.0,8.0,X,0.015,0.45,0.48,0.0,0.01,14.0,6.0,14.0,1482.0,1537.0,1641.2392578125,1640.0,4161.0,1534.0
129565,FC47C,150,1.0,8.0,X,0.015,0.45,0.48,0.0,0.01,11.0,5.0,35.0,1482.0,1537.0,1662.1314697265625,1663.0,3144.0,1537.0
129564,4D097,150,6.0,6.0,X,0.015,0.51,0.55,0.0,0.01,21.0,4.0,29.0,1487.0,1537.0,1641.33447265625,1648.0,6094.0,1543.0
129563,4D097,150,5.0,6.0,X,0.015,0.51,0.55,0.0,0.01,9.0,7.0,20.0,1487.0,1537.0,1642.9542236328125,1646.0,2588.0,1535.0
129562,4D097,150,4.0,6.0,X,0.015,0.51,0.55,0.0,0.01,20.0,17.0,45.0,1487.0,1537.0,1640.19189453125,1643.0,5850.0,1542.0
129561,4D097,150,3.0,6.0,X,0.015,0.51,0.55,0.0,0.01,13.0,6.0,13.0,1487.0,1537.0,1642.7806396484375,1644.0,3861.0,1532.0
129560,4D097,150,2.0,6.0,X,0.015,0.51,0.55,0.0,0.01,10.0,5.0,34.0,1487.0,1537.0,1644.0009765625,1647.0,2847.0,1539.0
129559,4D097,150,1.0,6.0,X,0.015,0.51,0.55,0.0,0.01,20.0,4.0,28.0,1487.0,1537.0,1655.19580078125,1657.0,5812.0,1534.0
129558,4D097,150,4.0,10.0,X,0.015,0.51,0.55,0.0,0.01,8.0,7.0,19.0,1487.0,1537.0,1640.50390625,1645.0,2267.0,1537.0
129557,4D097,150,3.0,10.0,X,0.015,0.51,0.55,0.0,0.01,19.0,17.0,44.0,1487.0,1537.0,1640.103271484375,1638.0,5484.0,1541.0
129556,4D097,150,2.0,10.0,X,0.015,0.51,0.55,0.0,0.01,12.0,6.0,12.0,1487.0,1537.0,1639.278564453125,1638.0,3493.0,1544.0
129555,4D097,150,1.0,10.0,X,0.015,0.51,0.55,0.0,0.01,9.0,5.0,33.0,1487.0,1537.0,1657.798095703125,1656.0,2461.0,1532.0
129554,EB567,150,7.0,7.0,V,0.01,0.35,0.38,0.016,0.045,19.0,4.0,27.0,1480.0,1540.0,1652.96923828125,1672.0,5421.0,1542.0
129553,EB567,150,6.0,7.0,V,0.01,0.35,0.38,0.016,0.045,7.0,7.0,18.0,1480.0,1540.0,1645.38427734375,1644.0,1914.0,1535.0
129552,EB567,150,5.0,7.0,V,0.01,0.35,0.38,0.016,0.045,18.0,17.0,43.0,1480.0,1540.0,1650.1763916015625,1639.0,5184.0,1529.0
129551,BB21B,150,4.0,7.0,V,0.0,0.45,0.48,0.018,0.05,11.0,6.0,11.0,1472.0,1517.0,1635.1912841796875,1632.0,3202.0,1523.0
129550,BB21B,150,3.0,7.0,V,0.0,0.45,0.48,0.018,0.05,8.0,5.0,32.0,1472.0,1517.0,1631.8074951171875,1629.0,2162.0,1522.0
129549,BB21B,150,2.0,7.0,V,0.0,0.45,0.48,0.018,0.05,18.0,4.0,26.0,1472.0,1517.0,1632.624755859375,1629.0,5115.0,1526.0
129548,BB21B,150,1.0,7.0,V,0.0,0.45,0.48,0.018,0.05,6.0,7.0,17.0,1472.0,1517.0,1636.9637451171875,1642.0,1581.0,1519.0
129547,47D7D,150,5.0,5.0,X,0.0,0.37,0.41,0.011,0.08,17.0,17.0,42.0,1480.0,1530.0,1633.9688720703125,1656.0,4862.0,1528.0
129546,47D7D,150,4.0,5.0,X,0.0,0.37,0.41,0.011,0.08,10.0,6.0,10.0,1480.0,1530.0,1633.6837158203125,1644.0,2877.0,1533.0
129545,47D7D,150,3.0,5.0,X,0.0,0.37,0.41,0.011,0.08,7.0,5.0,31.0,1480.0,1530.0,1621.0616455078125,1625.0,1815.0,1528.0
129544,47D7D,150,2.0,5.0,X,0.0,0.37,0.41,0.011,0.08,17.0,4.0,25.0,1480.0,1530.0,1624.986328125,1630.0,4773.0,1519.0
129543,9A58C,150,3.0,7.0,X,0.0,0.37,0.45,0.008,0.08,5.0,7.0,16.0,1480.0,1530.0,1635.009765625,1647.0,1261.0,1519.0
129542,9A58C,150,2.0,7.0,X,0.0,0.37,0.45,0.008,0.08,16.0,17.0,41.0,1480.0,1530.0,1618.515869140625,1624.0,4476.0,1522.0
129541,9A58C,150,1.0,7.0,X,0.0,0.37,0.45,0.008,0.08,6.0,5.0,30.0,1480.0,1530.0,1644.7193603515625,1646.0,1528.0,1527.0
129540,80160,150,9.0,9.0,X,0.015,0.4,0.45,0.0,0.02,9.0,6.0,9.0,1487.0,1542.0,1644.7142333984375,1649.0,2439.0,1540.0
129539,AB910,150,8.0,9.0,X,0.02,0.4,0.45,0.0,0.02,16.0,4.0,24.0,1483.0,1538.0,1644.1170654296875,1639.0,4438.0,1535.0
129538,AB910,150,7.0,9.0,X,0.02,0.4,0.45,0.0,0.02,4.0,7.0,15.0,1483.0,1538.0,1641.692626953125,1647.0,931.0,1538.0
129537,AB910,150,6.0,9.0,X,0.02,0.4,0.45,0.0,0.02,15.0,17.0,40.0,1483.0,1538.0,1640.5797119140625,1649.0,4207.0,1529.0
129536,AB910,150,5.0,9.0,X,0.02,0.4,0.45,0.0,0.02,5.0,5.0,29.0,1483.0,1538.0,1636.63671875,1640.0,1259.0,1534.0
129535,AB910,150,4.0,9.0,X,0.02,0.4,0.45,0.0,0.02,8.0,6.0,8.0,1483.0,1538.0,1640.6282958984375,1651.0,2172.0,1541.0
129534,AB910,150,3.0,9.0,X,0.02,0.4,0.45,0.0,0.02,15.0,4.0,23.0,1483.0,1538.0,1636.53125,1632.0,4160.0,1541.0
129533,AB910,150,2.0,9.0,X,0.02,0.4,0.45,0.0,0.02,3.0,7.0,14.0,1483.0,1538.0,1637.1981201171875,1646.0,643.0,1542.0
129532,59F71,150,1.0,9.0,X,0.02,0.19,0.22,0.008,0.0,14.0,17.0,39.0,1502.0,1547.0,1664.5662841796875,1671.0,3920.0,1544.0
129531,7BE94,150,9.0,9.0,X,0.02,0.15,0.17,0.008,0.02,4.0,5.0,28.0,1509.0,1554.0,1665.150146484375,1682.0,969.0,1565.0
129530,7BE94,150,8.0,9.0,X,0.02,0.15,0.17,0.008,0.02,7.0,6.0,7.0,1509.0,1554.0,1666.826904296875,1675.0,1877.0,1556.0
129529,CA2FD,150,7.0,9.0,X,0.02,0.15,0.17,0.009,0.02,14.0,4.0,22.0,1507.0,1551.0,1657.9814453125,1674.0,3876.0,1569.0
129528,E7999,150,6.0,9.0,X,0.02,0.16,0.18,0.012,0.01,2.0,7.0,13.0,1506.0,1551.0,1670.889892578125,1673.0,366.0,1557.0
129527,E7999,150,5.0,9.0,X,0.02,0.16,0.18,0.012,0.01,13.0,17.0,38.0,1506.0,1551.0,1676.8682861328125,1674.0,3638.0,1555.0
129526,E7999,150,4.0,9.0,X,0.02,0.16,0.18,0.012,0.01,3.0,5.0,27.0,1506.0,1551.0,1667.524658203125,1673.0,684.0,1547.0
129525,E7999,150,3.0,9.0,X,0.02,0.16,0.18,0.012,0.01,6.0,6.0,6.0,1506.0,1551.0,1675.558349609375,1672.0,1596.0,1549.0
129524,E7999,150,2.0,8.0,X,0.02,0.16,0.18,0.012,0.01,13.0,4.0,21.0,1506.0,1551.0,1668.0633544921875,1668.0,3510.0,1555.0
129523,E7999,150,1.0,8.0,X,0.02,0.16,0.18,0.012,0.01,1.0,7.0,12.0,1506.0,1551.0,1712.134033203125,1679.0,0.0,1557.0
129522,A7B3C,150,1.0,1.0,X,0.025,0.2,0.23,0.01,0.01,12.0,17.0,37.0,1504.0,1549.0,1666.752197265625,1668.0,3270.0,1545.0
129521,9E44C,150,3.0,3.0,X,0.02,0.18,0.2,0.01,0.02,2.0,5.0,26.0,1500.0,1540.0,1650.727294921875,1665.0,313.0,1557.0
129520,9E44C,150,2.0,3.0,X,0.02,0.18,0.2,0.01,0.02,5.0,6.0,5.0,1500.0,1540.0,1653.1522216796875,1661.0,1207.0,1554.0
129519,E60DC,150,1.0,3.0,X,0.02,0.18,0.2,0.01,0.0,12.0,4.0,20.0,1504.0,1544.0,1667.101806640625,1669.0,3192.0,1549.0
129518,33300,300,1.0,1.0,V,0.01,0.3,0.34,0.009,0.02,11.0,17.0,36.0,1491.0,1531.0,1657.8868408203125,1660.0,2947.0,1530.0
129517,DE12C,300,5.0,5.0,X,0.02,0.53,0.55,0.0,0.02,1.0,5.0,25.0,1486.0,1536.0,1655.4534912109375,1655.0,0.0,1548.0
129516,DE12C,300,4.0,5.0,X,0.02,0.53,0.55,0.0,0.02,4.0,6.0,4.0,1486.0,1536.0,1649.538818359375,1651.0,906.0,1544.0
129515,DE12C,300,3.0,5.0,X,0.02,0.53,0.55,0.0,0.02,11.0,4.0,19.0,1486.0,1536.0,1645.432373046875,1657.0,2789.0,1543.0
129514,DE12C,300,2.0,5.0,X,0.02,0.53,0.55,0.0,0.02,9.0,5.0,25.0,1486.0,1536.0,1645.79736328125,1656.0,2332.0,
129513,DE12C,300,1.0,5.0,X,0.02,0.53,0.55,0.0,0.02,10.0,17.0,35.0,1486.0,1536.0,1663.680419921875,1642.0,2539.0,1550.0
129512,EB957,300,5.0,5.0,X,0.015,0.53,0.56,0.0,0.01,3.0,6.0,3.0,1486.0,1536.0,1660.8956298828125,1672.0,544.0,1545.0
129511,EB957,300,4.0,5.0,X,0.015,0.53,0.56,0.0,0.01,10.0,7.0,10.0,1486.0,1536.0,1653.137451171875,1659.0,2481.0,1545.0
129510,EB957,300,3.0,5.0,X,0.015,0.53,0.56,0.0,0.01,10.0,4.0,18.0,1486.0,1536.0,1653.514892578125,1657.0,2478.0,1555.0
129509,EB957,300,2.0,5.0,X,0.015,0.53,0.56,0.0,0.01,8.0,5.0,24.0,1486.0,1536.0,1651.0509033203125,1660.0,2022.0,1544.0
129508,71628,300,1.0,5.0,X,0.02,0.51,0.55,0.0,0.0,9.0,17.0,34.0,1488.0,1533.0,1664.3792724609375,1661.0,2255.0,1534.0
129507,87C74,300,6.0,6.0,X,0.02,0.45,0.5,0.0,0.02,2.0,6.0,2.0,1480.0,1525.0,1642.6326904296875,1654.0,275.0,1530.0
129506,87C74,300,5.0,6.0,X,0.02,0.45,0.5,0.0,0.02,9.0,7.0,9.0,1480.0,1525.0,1635.9361572265625,1638.0,2210.0,1533.0
129505,DDC4A,300,4.0,6.0,X,0.01,0.32,0.38,0.0,0.0,9.0,4.0,17.0,1493.0,1543.0,1657.91259765625,1652.0,2211.0,1553.0
129504,A0D69,300,3.0,6.0,X,0.02,0.18,0.21,0.0,0.0,7.0,5.0,23.0,1510.0,1550.0,1663.093994140625,1664.0,1756.0,1550.0
129503,A0D69,300,2.0,6.0,X,0.02,0.18,0.21,0.0,0.0,8.0,17.0,33.0,1510.0,1550.0,1660.6702880859375,1656.0,1986.0,1553.0
129502,A0D69,300,1.0,6.0,X,0.02,0.18,0.21,0.0,0.0,1.0,6.0,1.0,1510.0,1550.0,1709.1434326171875,1706.0,0.0,1548.0
129501,5146B,300,8.0,8.0,X,0.005,0.45,0.48,0.0,0.0,8.0,7.0,8.0,1481.0,1526.0,1638.844482421875,1657.0,1946.0,1532.0
129500,5146B,300,7.0,8.0,X,0.005,0.45,0.48,0.0,0.0,8.0,4.0,16.0,1481.0,1526.0,1645.689697265625,1658.0,1943.0,1532.0
129499,5146B,300,6.0,8.0,X,0.005,0.45,0.48,0.0,0.0,6.0,5.0,22.0,1481.0,1526.0,1639.994140625,1645.0,1485.0,1530.0
129498,5146B,300,5.0,8.0,X,0.005,0.45,0.48,0.0,0.0,7.0,17.0,32.0,1481.0,1526.0,1645.689697265625,1647.0,1707.0,1537.0
129497,2E33F,300,4.0,8.0,X,0.008,0.46,0.49,0.0,0.0,7.0,7.0,7.0,1483.0,1528.0,1642.1212158203125,1651.0,1717.0,1529.0
129496,2E33F,300,3.0,8.0,X,0.008,0.46,0.49,0.0,0.0,7.0,4.0,15.0,1483.0,1528.0,1638.39892578125,1645.0,1716.0,1532.0
129495,2E33F,300,2.0,8.0,X,0.008,0.46,0.49,0.0,0.0,5.0,5.0,21.0,1483.0,1528.0,1644.2626953125,1645.0,1252.0,1537.0
129494,2E33F,300,1.0,8.0,X,0.008,0.46,0.49,0.0,0.0,6.0,17.0,31.0,1483.0,1528.0,1658.198486328125,1657.0,1409.0,1538.0
129493,2D42F,300,8.0,8.0,B,0.005,0.36,0.39,0.0,0.01,6.0,7.0,6.0,1492.0,1547.0,1664.07568359375,1662.0,1417.0,1558.0
129492,2D42F,300,7.0,8.0,B,0.005,0.36,0.39,0.0,0.01,6.0,4.0,14.0,1492.0,1547.0,1664.10498046875,1663.0,1423.0,1556.0
129491,2D42F,300,6.0,8.0,B,0.005,0.36,0.39,0.0,0.01,4.0,5.0,20.0,1492.0,1547.0,1667.090576171875,1669.0,964.0,1556.0
129490,2D42F,300,5.0,8.0,B,0.005,0.36,0.39,0.0,0.01,5.0,17.0,30.0,1492.0,1547.0,1670.9488525390625,1674.0,1194.0,1560.0
129489,2D42F,300,4.0,8.0,B,0.005,0.36,0.39,0.0,0.01,5.0,7.0,5.0,1492.0,1547.0,1670.61669921875,1674.0,1206.0,1551.0
129488,2D42F,300,3.0,8.0,B,0.005,0.36,0.39,0.0,0.01,5.0,4.0,13.0,1492.0,1547.0,1669.4437255859375,1666.0,1208.0,1554.0
129487,2D42F,300,2.0,8.0,B,0.005,0.36,0.39,0.0,0.01,4.0,16.0,52.0,1492.0,1547.0,1675.1866455078125,1672.0,973.0,1540.0
129486,2D42F,300,1.0,8.0,B,0.005,0.36,0.39,0.0,0.01,3.0,5.0,19.0,1492.0,1547.0,1692.0860595703125,1686.0,681.0,1543.0
129485,3B7FC,300,3.0,3.0,X,0.005,0.46,0.5,0.0,0.015,4.0,17.0,29.0,1480.0,1525.0,1634.1441650390625,1646.0,909.0,1524.0
129484,3B7FC,300,2.0,3.0,X,0.005,0.46,0.5,0.0,0.015,4.0,7.0,4.0,1480.0,1525.0,1632.5958251953125,1644.0,901.0,1534.0
129483,3B7FC,300,1.0,3.0,X,0.005,0.46,0.5,0.0,0.015,4.0,4.0,12.0,1480.0,1525.0,1654.180908203125,1654.0,906.0,1534.0
129482,3B7FC,300,7.0,10.0,X,0.005,0.46,0.5,0.0,0.015,3.0,16.0,51.0,1480.0,1525.0,1634.9652099609375,1643.0,594.0,1524.0
129481,3B7FC,300,6.0,10.0,X,0.005,0.46,0.5,0.0,0.015,2.0,5.0,18.0,1480.0,1525.0,1637.3861083984375,1639.0,284.0,1530.0
129480,3B7FC,300,5.0,10.0,X,0.005,0.46,0.5,0.0,0.015,3.0,17.0,28.0,1480.0,1525.0,1635.599853515625,1635.0,501.0,1528.0
129479,3B7FC,300,4.0,10.0,X,0.005,0.46,0.5,0.0,0.015,3.0,7.0,3.0,1480.0,1525.0,1641.9007568359375,1645.0,508.0,1529.0
129478,3B7FC,300,3.0,10.0,X,0.005,0.46,0.5,0.0,0.015,3.0,4.0,11.0,1480.0,1525.0,1633.20361328125,1632.0,514.0,1534.0
129477,3B7FC,300,2.0,10.0,X,0.005,0.46,0.5,0.0,0.015,2.0,16.0,50.0,1480.0,1525.0,1636.2685546875,1637.0,284.0,1533.0
129476,3B7FC,300,1.0,10.0,X,0.005,0.46,0.5,0.0,0.015,1.0,5.0,17.0,1480.0,1525.0,1673.1888427734375,1672.0,0.0,1529.0
129475,7B0D4,300,7.0,7.0,X,0.01,0.47,0.5,0.0,0.02,2.0,17.0,27.0,1483.0,1523.0,1625.5108642578125,1636.0,227.0,1532.0
129474,D9D2B,300,6.0,7.0,X,0.005,0.46,0.48,0.0,0.02,2.0,7.0,2.0,1480.0,1525.0,1640.5374755859375,1640.0,238.0,1539.0
129473,A2DFA,300,5.0,7.0,X,0.005,0.43,0.5,0.0,0.0,2.0,4.0,10.0,1480.0,1525.0,1617.8492431640625,1618.0,239.0,1534.0
129472,A2DFA,300,4.0,7.0,X,0.005,0.43,0.5,0.0,0.0,1.0,16.0,49.0,1480.0,1525.0,1638.5687255859375,1636.0,0.0,1534.0
129471,A2DFA,300,3.0,7.0,X,0.005,0.43,0.5,0.0,0.0,1.0,17.0,26.0,1480.0,1525.0,1641.044677734375,1642.0,0.0,1534.0
129470,A2DFA,300,2.0,7.0,X,0.005,0.43,0.5,0.0,0.0,1.0,7.0,1.0,1480.0,1525.0,1648.1304931640625,1652.0,0.0,1535.0
129469,D033D,300,1.0,7.0,X,0.02,0.47,0.49,0.009,0.0,1.0,4.0,9.0,1480.0,1515.0,1666.5731201171875,1655.0,0.0,1521.0
129468,D033D,300,4.0,4.0,X,0.02,0.47,0.49,0.009,0.0,5.0,1.0,57.0,1480.0,1515.0,1625.406494140625,1628.0,1293.0,1522.0
129467,D033D,300,3.0,4.0,X,0.02,0.47,0.49,0.009,0.0,13.0,17.0,25.0,1480.0,1515.0,1621.691162109375,1625.0,3504.0,1521.0
129466,D033D,300,2.0,4.0,X,0.02,0.47,0.49,0.009,0.0,2.0,16.0,48.0,1480.0,1515.0,1622.7415771484375,1621.0,302.0,1516.0
129465,D033D,300,1.0,4.0,X,0.02,0.47,0.49,0.009,0.0,16.0,5.0,16.0,1480.0,1515.0,1643.8206787109375,1642.0,4517.0,1529.0
129464,CB239,300,4.0,4.0,V,0.0,0.69,0.73,0.012,0.06,6.0,4.0,8.0,1474.0,1499.0,1614.48388671875,1617.0,1514.0,1502.0
129463,CB239,300,3.0,4.0,V,0.0,0.69,0.73,0.012,0.06,4.0,1.0,56.0,1474.0,1499.0,1612.4609375,1616.0,990.0,1497.0
129462,CB239,300,2.0,4.0,V,0.0,0.69,0.73,0.012,0.06,12.0,17.0,24.0,1474.0,1499.0,1615.0601806640625,1612.0,3206.0,1498.0
129461,F5743,300,1.0,4.0,V,0.0,0.69,0.72,0.008,0.055,1.0,16.0,47.0,1476.0,1501.0,1650.341552734375,1653.0,0.0,1522.0
129460,EEE12,300,7.0,7.0,X,0.0,0.69,0.72,0.0,0.02,15.0,5.0,15.0,1475.0,1510.0,1628.7027587890625,1631.0,4205.0,1518.0
129459,EEE12,300,6.0,7.0,X,0.0,0.69,0.72,0.0,0.02,5.0,4.0,7.0,1475.0,1510.0,1626.2833251953125,1623.0,1191.0,1513.0
129458,EEE12,300,5.0,7.0,X,0.0,0.69,0.72,0.0,0.02,22.0,15.0,62.0,1475.0,1510.0,1625.9097900390625,1630.0,6671.0,1514.0
129457,EEE12,300,4.0,6.0,X,0.0,0.69,0.72,0.0,0.02,3.0,1.0,55.0,1475.0,1510.0,1625.5966796875,1642.0,623.0,1533.0
129456,EEE12,300,3.0,6.0,X,0.0,0.69,0.72,0.0,0.02,11.0,17.0,23.0,1475.0,1510.0,1625.9217529296875,1624.0,2826.0,1511.0
129455,EEE12,300,2.0,6.0,X,0.0,0.69,0.72,0.0,0.02,14.0,5.0,14.0,1475.0,1510.0,1626.291259765625,1614.0,3892.0,1515.0
129454,2556F,300,1.0,6.0,X,0.01,0.48,0.53,0.008,0.0,4.0,4.0,6.0,1486.0,1516.0,1646.397705078125,1647.0,877.0,1524.0
129453,E7641,300,7.0,7.0,X,0.015,0.58,0.62,0.0,0.0,21.0,15.0,61.0,1480.0,1520.0,1625.4085693359375,1634.0,6351.0,1520.0
129452,E7641,300,6.0,7.0,X,0.015,0.58,0.62,0.0,0.0,2.0,1.0,54.0,1480.0,1520.0,1630.93701171875,1623.0,301.0,1520.0
129451,E7641,300,5.0,7.0,X,0.015,0.58,0.62,0.0,0.0,10.0,17.0,22.0,1480.0,1520.0,1625.556884765625,1624.0,2507.0,1529.0
129450,E7641,300,4.0,7.0,X,0.015,0.58,0.62,0.0,0.0,13.0,5.0,13.0,1480.0,1520.0,1625.091064453125,1629.0,3571.0,1521.0
129449,E7641,300,3.0,7.0,X,0.015,0.58,0.62,0.0,0.0,3.0,4.0,5.0,1480.0,1520.0,1625.589599609375,1626.0,559.0,1523.0
129448,E7641,300,2.0,7.0,X,0.015,0.58,0.62,0.0,0.0,20.0,15.0,60.0,1480.0,1520.0,1624.82177734375,1629.0,6037.0,1528.0
129447,E7641,300,1.0,7.0,X,0.015,0.58,0.62,0.0,0.0,1.0,1.0,53.0,1480.0,1520.0,1662.7784423828125,1669.0,0.0,1529.0
129446,2D42F,300,8.0,8.0,B,0.005,0.36,0.39,0.0,0.01,9.0,17.0,21.0,1492.0,1547.0,1667.8961181640625,1666.0,2209.0,1568.0
129445,2D42F,300,7.0,8.0,B,0.005,0.36,0.39,0.0,0.01,12.0,5.0,12.0,1492.0,1547.0,1679.4383544921875,1681.0,3286.0,1560.0
129444,2D42F,300,6.0,8.0,B,0.005,0.36,0.39,0.0,0.01,2.0,4.0,4.0,1492.0,1547.0,1677.8345947265625,1671.0,292.0,1549.0
129443,2D42F,300,5.0,8.0,B,0.005,0.36,0.39,0.0,0.01,19.0,15.0,59.0,1492.0,1547.0,1675.2171630859375,1670.0,5764.0,1548.0
129442,2D42F,300,4.0,8.0,B,0.005,0.36,0.39,0.0,0.01,8.0,17.0,20.0,1492.0,1547.0,1669.6368408203125,1679.0,1988.0,1551.0
129441,2D42F,300,3.0,8.0,B,0.005,0.36,0.39,0.0,0.01,3.0,16.0,46.0,1492.0,1547.0,1679.9947509765625,1676.0,592.0,1547.0
129440,2D42F,300,2.0,8.0,B,0.005,0.36,0.39,0.0,0.01,11.0,5.0,11.0,1492.0,1547.0,1674.4117431640625,1678.0,3001.0,1547.0
129439,2D42F,300,1.0,8.0,B,0.005,0.36,0.39,0.0,0.01,1.0,4.0,3.0,1492.0,1547.0,1713.0538330078125,1720.0,0.0,1551.0
129438,16F90,300,4.0,4.0,B,0.02,0.36,0.38,0.0,0.02,18.0,15.0,58.0,1490.0,1535.0,1648.0396728515625,1667.0,5480.0,1532.0
129437,16F90,300,3.0,4.0,B,0.02,0.36,0.38,0.0,0.02,7.0,17.0,19.0,1490.0,1535.0,1650.762939453125,1655.0,1707.0,1528.0
129436,E1CE3,300,2.0,4.0,X,0.01,0.37,0.39,0.0,0.0,2.0,16.0,45.0,1485.0,1525.0,1642.725830078125,1662.0,303.0,1522.0
129435,E0B89,300,5.0,8.0,X,0.02,0.22,0.25,0.01,0.015,18.0,1.0,52.0,1501.0,1546.0,1661.3824462890625,1688.0,5350.0,1555.0
129434,57414,300,4.0,8.0,X,0.01,0.38,0.43,0.0,0.02,10.0,5.0,10.0,1486.0,1526.0,1640.400634765625,1660.0,2638.0,1520.0
129433,57414,300,3.0,8.0,X,0.01,0.38,0.43,0.0,0.02,17.0,15.0,57.0,1486.0,1526.0,1642.4212646484375,1653.0,5166.0,1534.0
129432,57414,300,2.0,8.0,X,0.01,0.38,0.43,0.0,0.02,6.0,17.0,18.0,1486.0,1526.0,1636.4993896484375,1641.0,1391.0,1532.0
129431,0E7D0,300,1.0,8.0,X,0.01,0.4,0.43,0.0,0.0,1.0,16.0,44.0,1483.0,1528.0,1678.805908203125,1679.0,0.0,1527.0
129430,2D42F,300,8.0,8.0,B,0.005,0.36,0.39,0.0,0.01,17.0,1.0,51.0,1492.0,1547.0,1674.106201171875,1677.0,5064.0,1552.0
129429,2D42F,300,7.0,8.0,B,0.005,0.36,0.39,0.0,0.01,9.0,5.0,9.0,1492.0,1547.0,1662.7279052734375,1660.0,2355.0,1544.0
129428,2D42F,300,6.0,8.0,B,0.005,0.36,0.39,0.0,0.01,2.0,4.0,2.0,1492.0,1547.0,1670.0001220703125,1673.0,287.0,1547.0
129427,2D42F,300,5.0,8.0,B,0.005,0.36,0.39,0.0,0.01,5.0,17.0,17.0,1492.0,1547.0,1661.4637451171875,1663.0,1126.0,1548.0
129426,2D42F,300,4.0,8.0,B,0.005,0.36,0.39,0.0,0.01,16.0,15.0,56.0,1492.0,1547.0,1663.6905517578125,1665.0,4776.0,1553.0
129425,2D42F,300,3.0,8.0,B,0.005,0.36,0.39,0.0,0.01,16.0,1.0,50.0,1492.0,1547.0,1662.6715087890625,1664.0,4791.0,1558.0
129424,2D42F,300,2.0,8.0,B,0.005,0.36,0.39,0.0,0.01,8.0,5.0,8.0,1492.0,1547.0,1663.861572265625,1666.0,2073.0,1557.0
129423,2D42F,300,1.0,8.0,B,0.005,0.36,0.39,0.0,0.01,1.0,4.0,1.0,1492.0,1547.0,1717.8690185546875,1718.0,0.0,1548.0
129422,8E733,300,5.0,5.0,X,0.02,0.19,0.22,0.01,0.02,4.0,17.0,16.0,1506.0,1546.0,1658.7425537109375,1669.0,834.0,1553.0
129421,8E733,300,4.0,5.0,X,0.02,0.19,0.22,0.01,0.02,15.0,15.0,55.0,1506.0,1546.0,1659.7335205078125,1662.0,4500.0,1556.0
129420,8E733,300,3.0,5.0,X,0.02,0.19,0.22,0.01,0.02,15.0,1.0,49.0,1506.0,1546.0,1658.6680908203125,1660.0,4516.0,1552.0
129419,37C6E,300,2.0,5.0,X,0.02,0.17,0.2,0.009,0.02,7.0,5.0,7.0,1502.0,1542.0,1661.6112060546875,1661.0,1806.0,1545.0
129418,37C6E,300,1.0,5.0,X,0.02,0.17,0.2,0.009,0.02,12.0,16.0,43.0,1502.0,1542.0,1671.316650390625,1665.0,3529.0,1541.0
129417,68448,300,8.0,8.0,X,0.02,0.15,0.17,0.008,0.02,3.0,17.0,15.0,1507.0,1552.0,1670.8336181640625,1698.0,572.0,1558.0
129416,CA2FD,300,7.0,8.0,X,0.02,0.15,0.17,0.009,0.02,14.0,15.0,54.0,1507.0,1552.0,1669.72216796875,1664.0,4237.0,1566.0
129415,CA2FD,300,6.0,8.0,X,0.02,0.15,0.17,0.009,0.02,14.0,1.0,48.0,1507.0,1552.0,1666.5892333984375,1664.0,4251.0,1566.0
129414,CA2FD,300,5.0,8.0,X,0.02,0.15,0.17,0.009,0.02,6.0,5.0,6.0,1507.0,1552.0,1671.11669921875,1662.0,1538.0,1552.0
129413,CA2FD,300,4.0,8.0,X,0.02,0.15,0.17,0.009,0.02,11.0,16.0,42.0,1507.0,1552.0,1665.012939453125,1673.0,3257.0,1545.0
129412,CA2FD,300,3.0,8.0,X,0.02,0.15,0.17,0.009,0.02,2.0,17.0,14.0,1507.0,1552.0,1664.6201171875,1669.0,296.0,1548.0
129411,E109B,300,2.0,8.0,X,0.02,0.2,0.22,0.0,0.02,13.0,15.0,53.0,1502.0,1542.0,1660.1783447265625,1661.0,3961.0,1542.0
129410,FA128,300,1.0,8.0,X,0.02,0.18,0.21,0.009,0.02,13.0,1.0,47.0,1504.0,1544.0,1671.4779052734375,1677.0,3976.0,1540.0
129409,B248F,300,4.0,4.0,X,0.0,0.93,0.97,0.0,0.0,5.0,5.0,5.0,1462.0,1488.0,1610.7745361328125,1616.0,1248.0,1495.0
129408,B248F,300,3.0,4.0,X,0.0,0.93,0.97,0.0,0.0,10.0,16.0,41.0,1462.0,1488.0,1605.0830078125,1603.0,2966.0,1488.0
129407,B248F,300,2.0,4.0,X,0.0,0.93,0.97,0.0,0.0,1.0,17.0,13.0,1462.0,1488.0,1627.1220703125,1628.0,0.0,1505.0
129406,0BFF6,300,1.0,4.0,X,0.0,0.93,1.0,0.006,0.0,12.0,15.0,52.0,1462.0,1488.0,1621.98681640625,1627.0,3655.0,1489.0
129405,0BFF6,300,3.0,3.0,X,0.0,0.93,1.0,0.006,0.0,12.0,1.0,46.0,1462.0,1488.0,1612.9500732421875,1607.0,3601.0,1494.0
129404,0BFF6,300,2.0,7.0,X,0.0,0.93,1.0,0.006,0.0,4.0,5.0,4.0,1462.0,1488.0,1605.0169677734375,1617.0,877.0,1490.0
129403,EB041,300,1.0,7.0,X,0.0,0.94,1.0,0.0,0.0,9.0,16.0,40.0,1463.0,1489.0,1623.1708984375,1645.0,2570.0,
129402,E86A6,300,7.0,7.0,X,0.018,0.28,0.31,0.007,0.015,11.0,15.0,51.0,1497.0,1537.0,1651.7137451171875,1653.0,3315.0,1540.0
129401,E86A6,300,6.0,7.0,X,0.018,0.28,0.31,0.007,0.015,2.0,17.0,12.0,1497.0,1537.0,1651.04638671875,1656.0,318.0,1541.0
129400,E86A6,300,5.0,7.0,X,0.018,0.28,0.31,0.007,0.015,11.0,1.0,45.0,1497.0,1537.0,1647.0040283203125,1658.0,3267.0,1545.0
129399,E86A6,300,4.0,7.0,X,0.018,0.28,0.31,0.007,0.015,3.0,5.0,3.0,1497.0,1537.0,1650.1336669921875,1660.0,549.0,1549.0
129398,E86A6,300,3.0,7.0,X,0.018,0.28,0.31,0.007,0.015,8.0,16.0,39.0,1497.0,1537.0,1645.6988525390625,1649.0,2265.0,1541.0
129397,E86A6,300,2.0,7.0,X,0.018,0.28,0.31,0.007,0.015,10.0,15.0,50.0,1497.0,1537.0,1647.54736328125,1659.0,3018.0,1560.0
129396,E86A6,300,1.0,7.0,X,0.018,0.28,0.31,0.007,0.015,1.0,17.0,11.0,1497.0,1537.0,1681.87158203125,1685.0,0.0,1540.0
129395,A7B3C,300,6.0,6.0,X,0.025,0.2,0.23,0.01,0.01,10.0,1.0,44.0,1504.0,1549.0,1663.2723388671875,1674.0,2951.0,1557.0
129394,A7B3C,300,5.0,6.0,X,0.025,0.2,0.23,0.01,0.01,2.0,5.0,2.0,1504.0,1549.0,1670.66064453125,1691.0,237.0,1561.0
129393,FE39B,300,4.0,6.0,X,0.02,0.21,0.23,0.0,0.02,7.0,16.0,38.0,1503.0,1548.0,1677.575439453125,1676.0,1948.0,1543.0
129392,FE39B,300,3.0,6.0,X,0.02,0.21,0.23,0.0,0.02,9.0,15.0,49.0,1503.0,1548.0,1656.88916015625,1671.0,2699.0,1542.0
129391,FE39B,300,2.0,6.0,X,0.02,0.21,0.23,0.0,0.02,9.0,1.0,43.0,1503.0,1548.0,1665.226806640625,1680.0,2716.0,1548.0
129390,FE39B,300,1.0,6.0,X,0.02,0.21,0.23,0.0,0.02,1.0,5.0,1.0,1503.0,1548.0,1716.59228515625,1734.0,0.0,1561.0
129389,FAAAA,300,5.0,5.0,X,0.015,0.39,0.41,0.008,0.0,8.0,15.0,48.0,1483.0,1523.0,1634.8585205078125,1648.0,2432.0,1540.0
129388,1697B,300,4.0,5.0,X,0.02,0.18,0.22,0.009,0.015,6.0,16.0,37.0,1501.0,1536.0,1648.4462890625,1650.0,1561.0,1536.0
129387,AA222,300,3.0,5.0,X,0.018,0.19,0.22,0.0,0.025,9.0,8.0,55.0,1502.0,1552.0,1666.811279296875,1678.0,2508.0,1545.0
129386,AA222,300,2.0,5.0,X,0.018,0.19,0.22,0.0,0.025,8.0,1.0,42.0,1502.0,1552.0,1668.1817626953125,1670.0,2312.0,1543.0
129385,89C9E,300,1.0,5.0,X,0.01,0.38,0.43,0.0,0.0,8.0,17.0,10.0,1480.0,1520.0,1645.8333740234375,1646.0,2304.0,1531.0
129384,8F8C3,300,4.0,4.0,X,0.015,0.19,0.22,0.009,0.025,5.0,16.0,36.0,1502.0,1537.0,1654.810546875,1658.0,1272.0,1534.0
129383,32299,300,3.0,4.0,X,0.01,0.38,0.46,0.0,0.0,7.0,15.0,47.0,1481.0,1516.0,1632.604248046875,1624.0,2006.0,1526.0
129382,E60DC,300,2.0,4.0,X,0.02,0.18,0.2,0.01,0.0,8.0,8.0,54.0,1504.0,1539.0,1649.0069580078125,1658.0,2142.0,1544.0
129381,E60DC,300,1.0,4.0,X,0.02,0.18,0.2,0.01,0.0,7.0,1.0,41.0,1504.0,1539.0,1678.4420166015625,1679.0,1955.0,1548.0
129380,5EDBA,300,1.0,1.0,V,0.005,0.46,0.49,0.0,0.015,7.0,17.0,9.0,1474.0,1519.0,1647.1741943359375,1648.0,1951.0,1520.0
129379,EA23B,300,6.0,6.0,V,0.01,0.36,0.4,0.013,0.05,4.0,16.0,35.0,1480.0,1540.0,1658.26806640625,1659.0,924.0,1553.0
129378,EA23B,300,5.0,6.0,V,0.01,0.36,0.4,0.013,0.05,6.0,15.0,46.0,1480.0,1540.0,1658.5198974609375,1662.0,1684.0,1544.0
129377,EA23B,300,4.0,6.0,V,0.01,0.36,0.4,0.013,0.05,7.0,8.0,53.0,1480.0,1540.0,1655.3895263671875,1658.0,1816.0,1532.0
129376,EA23B,300,3.0,6.0,V,0.01,0.36,0.4,0.013,0.05,6.0,1.0,40.0,1480.0,1540.0,1654.184326171875,1657.0,1625.0,1539.0
129375,EA23B,300,2.0,6.0,V,0.01,0.36,0.4,0.013,0.05,6.0,17.0,8.0,1480.0,1540.0,1651.8677978515625,1661.0,1629.0,1538.0
129374,EA23B,300,1.0,6.0,V,0.01,0.36,0.4,0.013,0.05,3.0,16.0,34.0,1480.0,1540.0,1667.8133544921875,1671.0,629.0,1533.0
129373,B0EC5,300,5.0,5.0,V,0.01,0.36,0.39,0.015,0.02,5.0,15.0,45.0,1480.0,1530.0,1647.162841796875,1652.0,1388.0,1531.0
129372,F4A5E,300,4.0,5.0,V,0.01,0.35,0.37,0.01,0.045,6.0,8.0,52.0,1482.0,1532.0,1643.5472412109375,1648.0,1525.0,1532.0
129371,F4A5E,300,3.0,5.0,V,0.01,0.35,0.37,0.01,0.045,5.0,1.0,39.0,1482.0,1532.0,1642.69189453125,1642.0,1333.0,1537.0
129370,F4A5E,300,4.0,7.0,V,0.01,0.35,0.37,0.01,0.045,5.0,17.0,7.0,1482.0,1532.0,1642.727294921875,1653.0,1295.0,1543.0
129369,F4A5E,300,3.0,7.0,V,0.01,0.35,0.37,0.01,0.045,2.0,16.0,33.0,1482.0,1532.0,1642.0086669921875,1649.0,292.0,1533.0
129368,F4A5E,300,2.0,7.0,V,0.01,0.35,0.37,0.01,0.045,4.0,15.0,44.0,1482.0,1532.0,1643.0006103515625,1646.0,1053.0,1540.0
129367,F4A5E,300,1.0,7.0,V,0.01,0.35,0.37,0.01,0.045,5.0,8.0,51.0,1482.0,1532.0,1663.2210693359375,1659.0,1201.0,1528.0
129366,E198F,300,3.0,3.0,X,0.0,0.07,0.1,0.0,0.27,4.0,1.0,38.0,1509.0,1549.0,1627.2266845703125,1632.0,1012.0,1551.0
129365,E198F,300,2.0,3.0,X,0.0,0.07,0.1,0.0,0.27,4.0,17.0,6.0,1509.0,1549.0,1633.3724365234375,1629.0,1008.0,1558.0
129364,E198F,300,1.0,3.0,X,0.0,0.07,0.1,0.0,0.27,1.0,16.0,32.0,1509.0,1549.0,1656.4981689453125,1652.0,0.0,1540.0
129363,31262,300,5.0,5.0,X,0.01,0.46,0.48,0.01,0.0,3.0,15.0,43.0,1480.0,1525.0,1632.7374267578125,1637.0,750.0,1532.0
129362,31262,300,4.0,5.0,X,0.01,0.46,0.48,0.01,0.0,4.0,8.0,50.0,1480.0,1525.0,1631.0946044921875,1630.0,891.0,1522.0
129361,31262,300,3.0,5.0,X,0.01,0.46,0.48,0.01,0.0,3.0,1.0,37.0,1480.0,1525.0,1632.3731689453125,1638.0,703.0,1524.0
129360,31262,300,2.0,5.0,X,0.01,0.46,0.48,0.01,0.0,3.0,17.0,5.0,1480.0,1525.0,1628.17041015625,1634.0,701.0,1527.0
129359,31262,300,1.0,5.0,X,0.01,0.46,0.48,0.01,0.0,2.0,15.0,42.0,1480.0,1525.0,1661.028564453125,1665.0,473.0,1520.0
129358,A282D,300,4.0,4.0,X,0.02,0.45,0.47,0.007,0.02,3.0,8.0,49.0,1483.0,1528.0,1638.8636474609375,1646.0,599.0,1533.0
129357,2E33F,300,3.0,4.0,X,0.008,0.46,0.49,0.0,0.0,2.0,1.0,36.0,1483.0,1528.0,1648.0377197265625,1654.0,356.0,1524.0
129356,2E33F,300,2.0,4.0,X,0.008,0.46,0.49,0.0,0.0,2.0,17.0,4.0,1483.0,1528.0,1644.85888671875,1651.0,358.0,1528.0
129355,2E33F,300,1.0,4.0,X,0.008,0.46,0.49,0.0,0.0,2.0,8.0,48.0,1483.0,1528.0,1660.6824951171875,1654.0,373.0,1526.0
129354,2E33F,300,4.0,8.0,X,0.008,0.46,0.49,0.0,0.0,1.0,15.0,41.0,1483.0,1528.0,1659.04150390625,1672.0,0.0,1548.0
129353,2E33F,300,3.0,8.0,X,0.008,0.46,0.49,0.0,0.0,1.0,1.0,35.0,1483.0,1528.0,1656.54541015625,1665.0,0.0,1544.0
129352,2E33F,300,2.0,8.0,X,0.008,0.46,0.49,0.0,0.0,1.0,17.0,3.0,1483.0,1528.0,1662.0042724609375,1683.0,0.0,1541.0
129351,2E33F,300,1.0,8.0,X,0.008,0.46,0.49,0.0,0.0,1.0,8.0,47.0,1483.0,1528.0,1678.2655029296875,1678.0,0.0,1533.0
129350,2E33F,300,3.0,3.0,X,0.008,0.46,0.49,0.0,0.0,17.0,16.0,31.0,1483.0,1528.0,1638.759765625,1653.0,4783.0,1543.0
129349,2E33F,300,2.0,3.0,X,0.008,0.46,0.49,0.0,0.0,16.0,1.0,34.0,1483.0,1528.0,1646.1881103515625,1650.0,4573.0,1539.0
129348,2E33F,300,1.0,3.0,X,0.008,0.46,0.49,0.0,0.0,2.0,15.0,40.0,1483.0,1528.0,1659.460693359375,1663.0,303.0,1531.0
129347,27480,300,6.0,6.0,X,0.02,0.21,0.23,0.009,0.02,2.0,17.0,2.0,1506.0,1551.0,1684.5545654296875,1686.0,292.0,1554.0
129346,27480,300,5.0,6.0,X,0.02,0.21,0.23,0.009,0.02,16.0,16.0,30.0,1506.0,1551.0,1671.018310546875,1680.0,4541.0,1554.0
129345,27480,300,4.0,6.0,X,0.02,0.21,0.23,0.009,0.02,16.0,8.0,46.0,1506.0,1551.0,1672.6529541015625,1680.0,4545.0,1563.0
129344,248B5,300,3.0,6.0,X,0.02,0.21,0.23,0.009,0.02,15.0,1.0,33.0,1506.0,1551.0,1672.1226806640625,1679.0,4282.0,1545.0
129343,248B5,300,2.0,6.0,X,0.02,0.21,0.23,0.009,0.02,1.0,15.0,39.0,1506.0,1551.0,1678.5546875,1688.0,0.0,1551.0
129342,248B5,300,1.0,6.0,X,0.02,0.21,0.23,0.009,0.02,1.0,17.0,1.0,1506.0,1551.0,1720.706298828125,1716.0,0.0,1554.0
129341,7FEAB,300,3.0,3.0,X,0.02,0.19,0.21,0.009,0.02,15.0,16.0,29.0,1506.0,1546.0,1671.968994140625,1689.0,4236.0,1547.0
129340,7FEAB,300,2.0,3.0,X,0.02,0.19,0.21,0.009,0.02,15.0,8.0,45.0,1506.0,1546.0,1664.57470703125,1674.0,4245.0,1550.0
129339,7FEAB,300,1.0,3.0,X,0.02,0.19,0.21,0.009,0.02,14.0,1.0,32.0,1506.0,1546.0,1689.92138671875,1707.0,3989.0,1561.0
129338,E1B6A,300,7.0,7.0,X,0.02,0.18,0.2,0.0,0.015,14.0,8.0,44.0,1501.0,1546.0,1652.5462646484375,1664.0,3974.0,1556.0
129337,E1B6A,300,6.0,7.0,X,0.02,0.18,0.2,0.0,0.015,14.0,16.0,28.0,1501.0,1546.0,1652.0740966796875,1647.0,3849.0,1542.0
129336,E1B6A,300,5.0,7.0,X,0.02,0.18,0.2,0.0,0.015,13.0,15.0,38.0,1501.0,1546.0,1650.018310546875,1654.0,3783.0,1551.0
129335,E1B6A,300,4.0,7.0,X,0.02,0.18,0.2,0.0,0.015,13.0,1.0,31.0,1501.0,1546.0,1653.450927734375,1656.0,3598.0,1554.0
129334,E1B6A,300,3.0,7.0,X,0.02,0.18,0.2,0.0,0.015,13.0,8.0,43.0,1501.0,1546.0,1657.0469970703125,1646.0,3752.0,1556.0
129333,E1B6A,300,2.0,7.0,X,0.02,0.18,0.2,0.0,0.015,13.0,16.0,27.0,1501.0,1546.0,1652.53857421875,1659.0,3616.0,1562.0
129332,E1B6A,300,1.0,7.0,X,0.02,0.18,0.2,0.0,0.015,12.0,15.0,37.0,1501.0,1546.0,1688.8878173828125,1688.0,3557.0,1545.0
129331,77C04,300,3.0,3.0,X,0.02,0.17,0.22,0.01,0.01,12.0,1.0,30.0,1502.0,1547.0,1676.667724609375,1678.0,3365.0,1557.0
129330,77C04,300,2.0,3.0,X,0.02,0.17,0.22,0.01,0.01,12.0,8.0,42.0,1502.0,1547.0,1673.6729736328125,1677.0,3512.0,1551.0
129329,E1B6A,300,1.0,7.0,X,0.02,0.18,0.2,0.0,0.015,12.0,16.0,26.0,1501.0,1546.0,1679.963134765625,1696.0,3366.0,1543.0
129328,A63F7,300,3.0,3.0,V,0.01,0.41,0.43,0.014,0.02,11.0,15.0,36.0,1475.0,1525.0,1638.6689453125,1651.0,3273.0,1532.0
129327,A63F7,300,2.0,3.0,V,0.01,0.41,0.43,0.014,0.02,11.0,1.0,29.0,1475.0,1525.0,1634.5067138671875,1633.0,3072.0,1529.0
129326,E1B6A,300,2.0,8.0,X,0.02,0.18,0.2,0.0,0.015,11.0,8.0,41.0,1501.0,1546.0,1654.859375,1657.0,3193.0,1534.0
129325,6D507,300,1.0,8.0,X,0.02,0.27,0.29,0.009,0.02,11.0,16.0,25.0,1500.0,1540.0,1675.775390625,1669.0,3081.0,1535.0
129324,9A58C,300,4.0,4.0,X,0.0,0.37,0.45,0.008,0.08,11.0,6.0,58.0,1480.0,1525.0,1629.7684326171875,1640.0,3126.0,1531.0
129323,9A58C,300,3.0,4.0,X,0.0,0.37,0.45,0.008,0.08,10.0,15.0,35.0,1480.0,1525.0,1623.718017578125,1622.0,2952.0,1533.0
129322,9A58C,300,2.0,4.0,X,0.0,0.37,0.45,0.008,0.08,10.0,1.0,28.0,1480.0,1525.0,1622.149658203125,1623.0,2757.0,1526.0
129321,9A58C,300,1.0,4.0,X,0.0,0.37,0.45,0.008,0.08,10.0,8.0,40.0,1480.0,1525.0,1641.730712890625,1648.0,2912.0,1529.0
129320,9A58C,300,5.0,5.0,X,0.0,0.37,0.45,0.008,0.08,10.0,16.0,24.0,1480.0,1525.0,1623.9539794921875,1642.0,2793.0,1528.0
129319,9A58C,300,4.0,5.0,X,0.0,0.37,0.45,0.008,0.08,10.0,6.0,57.0,1480.0,1525.0,1624.5863037109375,1628.0,2849.0,1524.0
129318,9A58C,300,3.0,5.0,X,0.0,0.37,0.45,0.008,0.08,9.0,15.0,34.0,1480.0,1525.0,1626.150634765625,1630.0,2663.0,1529.0
129317,9A58C,300,2.0,5.0,X,0.0,0.37,0.45,0.008,0.08,9.0,1.0,27.0,1480.0,1525.0,1626.2789306640625,1628.0,2476.0,1528.0
129316,9A58C,300,1.0,5.0,X,0.0,0.37,0.45,0.008,0.08,9.0,8.0,39.0,1480.0,1525.0,1647.3892822265625,1650.0,2625.0,1535.0
129315,889AE,300,4.0,4.0,B,0.02,0.16,0.18,0.012,0.01,9.0,16.0,23.0,1507.0,1532.0,1636.3328857421875,1637.0,2511.0,1545.0
129314,889AE,300,3.0,4.0,B,0.02,0.16,0.18,0.012,0.01,9.0,6.0,56.0,1507.0,1532.0,1635.806396484375,1637.0,2573.0,1538.0
129313,889AE,300,2.0,4.0,B,0.02,0.16,0.18,0.012,0.01,8.0,15.0,33.0,1507.0,1532.0,1637.255126953125,1647.0,2398.0,1534.0
129312,889AE,300,1.0,4.0,B,0.02,0.16,0.18,0.012,0.01,8.0,1.0,26.0,1507.0,1532.0,1669.5101318359375,1680.0,2211.0,1542.0
129311,E2E8F,300,8.0,8.0,X,0.0,0.85,0.95,0.0,0.0,8.0,8.0,38.0,1465.0,1490.0,1614.2510986328125,1610.0,2363.0,1487.0
129310,E2E8F,300,7.0,8.0,X,0.0,0.85,0.95,0.0,0.0,8.0,8.0,38.0,1465.0,1490.0,1607.0224609375,1610.0,2314.0,1487.0
129309,E2E8F,300,6.0,8.0,X,0.0,0.85,0.95,0.0,0.0,8.0,6.0,55.0,1465.0,1490.0,1604.9837646484375,1611.0,2310.0,1489.0
129308,E2E8F,300,5.0,8.0,X,0.0,0.85,0.95,0.0,0.0,7.0,1.0,25.0,1465.0,1490.0,1604.97119140625,1604.0,1944.0,1484.0
129307,E2E8F,300,4.0,8.0,X,0.0,0.85,0.95,0.0,0.0,7.0,15.0,32.0,1465.0,1490.0,1604.916259765625,1606.0,2017.0,1486.0
129306,E2E8F,300,3.0,8.0,X,0.0,0.85,0.95,0.0,0.0,7.0,16.0,21.0,1465.0,1490.0,1604.9427490234375,1606.0,1897.0,1494.0
129305,E2E8F,300,2.0,8.0,X,0.0,0.85,0.95,0.0,0.0,7.0,8.0,37.0,1465.0,1490.0,1604.8070068359375,1610.0,1964.0,1496.0
129304,A282D,300,6.0,6.0,X,0.02,0.45,0.47,0.007,0.02,7.0,6.0,54.0,1483.0,1528.0,1639.0081787109375,1609.0,1926.0,1484.0
129303,4A0F0,300,5.0,6.0,X,0.0,0.39,0.42,0.0,0.03,6.0,1.0,24.0,1488.0,1528.0,1636.4598388671875,1635.0,1602.0,1533.0
129302,4A0F0,300,4.0,6.0,X,0.0,0.39,0.42,0.0,0.03,6.0,15.0,31.0,1488.0,1528.0,1636.3907470703125,1642.0,1675.0,1535.0
129301,4A0F0,300,3.0,6.0,X,0.0,0.39,0.42,0.0,0.03,6.0,16.0,20.0,1488.0,1528.0,1637.9228515625,1652.0,1561.0,1541.0
129300,4A0F0,300,2.0,6.0,X,0.0,0.39,0.42,0.0,0.03,6.0,8.0,36.0,1488.0,1528.0,1636.86083984375,1646.0,1621.0,1544.0
129299,4A0F0,300,1.0,6.0,X,0.0,0.39,0.42,0.0,0.03,6.0,6.0,53.0,1488.0,1528.0,1640.6558837890625,1650.0,1608.0,1535.0
129298,4A0F0,300,6.0,6.0,X,0.0,0.39,0.42,0.0,0.03,5.0,1.0,23.0,1488.0,1528.0,1641.7841796875,1646.0,1247.0,1533.0
129297,4A0F0,300,5.0,6.0,X,0.0,0.39,0.42,0.0,0.03,5.0,15.0,30.0,1488.0,1528.0,1641.60693359375,1642.0,1308.0,1530.0
129296,4A0F0,300,4.0,6.0,X,0.0,0.39,0.42,0.0,0.03,5.0,16.0,19.0,1488.0,1528.0,1627.0216064453125,1640.0,1200.0,1528.0
129295,4A0F0,300,3.0,6.0,X,0.0,0.39,0.42,0.0,0.03,5.0,8.0,35.0,1488.0,1528.0,1641.6353759765625,1648.0,1252.0,1529.0
129294,4A0F0,300,2.0,6.0,X,0.0,0.39,0.42,0.0,0.03,5.0,6.0,52.0,1488.0,1528.0,1631.494140625,1645.0,1254.0,1526.0
129293,4A0F0,300,1.0,6.0,X,0.0,0.39,0.42,0.0,0.03,4.0,1.0,22.0,1488.0,1528.0,1649.816162109375,1644.0,920.0,1534.0
129292,4B82B,300,5.0,5.0,X,0.02,0.3,0.33,0.006,0.02,4.0,16.0,18.0,1495.0,1540.0,1645.5853271484375,1647.0,899.0,1546.0
129291,4B82B,300,4.0,5.0,X,0.02,0.3,0.33,0.006,0.02,4.0,15.0,29.0,1495.0,1540.0,1645.06787109375,1646.0,900.0,1541.0
129290,4B82B,300,3.0,5.0,X,0.02,0.3,0.33,0.006,0.02,4.0,8.0,34.0,1495.0,1540.0,1644.180419921875,1641.0,913.0,1542.0
129289,4B82B,300,2.0,5.0,X,0.02,0.3,0.33,0.006,0.02,4.0,6.0,51.0,1495.0,1540.0,1641.5369873046875,1651.0,902.0,1545.0
129288,4B82B,300,1.0,5.0,X,0.02,0.3,0.33,0.006,0.02,3.0,1.0,21.0,1495.0,1540.0,1667.6666259765625,1663.0,582.0,1551.0
129287,33D10,300,7.0,7.0,X,0.015,0.39,0.42,0.0,0.0,3.0,16.0,17.0,1485.0,1530.0,1637.3349609375,1641.0,609.0,1538.0
129286,5692D,300,6.0,7.0,X,0.015,0.39,0.41,0.0,0.01,3.0,15.0,28.0,1486.0,1521.0,1631.631103515625,1632.0,610.0,1529.0
129285,5692D,300,5.0,7.0,X,0.015,0.39,0.41,0.0,0.01,3.0,8.0,33.0,1486.0,1521.0,1626.8636474609375,1628.0,618.0,1528.0
129284,5692D,300,4.0,7.0,X,0.015,0.39,0.41,0.0,0.01,3.0,6.0,50.0,1486.0,1521.0,1627.8099365234375,1637.0,609.0,1535.0
129283,5692D,300,3.0,7.0,X,0.015,0.39,0.41,0.0,0.01,2.0,1.0,20.0,1486.0,1521.0,1629.2005615234375,1642.0,284.0,1529.0
129282,F7AB5,300,2.0,7.0,X,0.015,0.42,0.44,0.0,0.02,2.0,16.0,16.0,1481.0,1526.0,1644.587646484375,1652.0,309.0,1543.0
129281,C33FA,300,1.0,7.0,X,0.015,0.24,0.27,0.008,0.02,2.0,15.0,27.0,1499.0,1539.0,1675.6181640625,1678.0,305.0,1541.0
129280,59A4E,300,7.0,7.0,X,0.01,0.19,0.21,0.01,0.02,2.0,8.0,32.0,1503.0,1543.0,1658.9781494140625,1662.0,317.0,1552.0
129279,248B5,300,6.0,7.0,X,0.02,0.21,0.23,0.009,0.02,2.0,6.0,49.0,1506.0,1551.0,1670.37158203125,1673.0,313.0,1566.0
129278,248B5,300,5.0,7.0,X,0.02,0.21,0.23,0.009,0.02,1.0,1.0,19.0,1506.0,1551.0,1678.7796630859375,1683.0,0.0,1560.0
129277,248B5,300,4.0,7.0,X,0.02,0.21,0.23,0.009,0.02,1.0,16.0,15.0,1506.0,1551.0,1682.342529296875,1683.0,0.0,1565.0
129276,248B5,300,3.0,7.0,X,0.02,0.21,0.23,0.009,0.02,1.0,15.0,26.0,1506.0,1551.0,1677.6593017578125,1686.0,0.0,1554.0
129275,248B5,300,2.0,7.0,X,0.02,0.21,0.23,0.009,0.02,1.0,8.0,31.0,1506.0,1551.0,1678.7796630859375,1686.0,0.0,1570.0
129274,248B5,300,1.0,7.0,X,0.02,0.21,0.23,0.009,0.02,1.0,6.0,48.0,1506.0,1551.0,1699.0330810546875,1713.0,0.0,1564.0
129273,91896,300,4.0,4.0,X,0.023,0.17,0.19,0.009,0.02,7.0,1.0,18.0,1502.0,1542.0,1657.005859375,1659.0,1718.0,1557.0
129272,91896,300,3.0,4.0,X,0.023,0.17,0.19,0.009,0.02,10.0,16.0,14.0,1502.0,1542.0,1656.031982421875,1659.0,2413.0,1554.0
129271,77C04,300,2.0,4.0,X,0.02,0.17,0.22,0.01,0.01,10.0,15.0,25.0,1502.0,1547.0,1671.534423828125,1683.0,2414.0,1552.0
129270,77C04,300,1.0,4.0,X,0.02,0.17,0.22,0.01,0.01,10.0,8.0,30.0,1502.0,1547.0,1688.120361328125,1690.0,2519.0,1549.0
129269,A2DFA,300,5.0,5.0,X,0.005,0.43,0.5,0.0,0.0,10.0,6.0,47.0,1480.0,1525.0,1613.6116943359375,1615.0,2398.0,1529.0
129268,A2DFA,300,4.0,5.0,X,0.005,0.43,0.5,0.0,0.0,6.0,1.0,17.0,1480.0,1525.0,1614.309326171875,1616.0,1428.0,1523.0
129267,A2DFA,300,3.0,5.0,X,0.005,0.43,0.5,0.0,0.0,9.0,16.0,13.0,1480.0,1525.0,1614.327392578125,1615.0,2126.0,1510.0
129266,27A7C,300,2.0,5.0,X,0.02,0.43,0.47,0.0,0.015,9.0,15.0,24.0,1480.0,1515.0,1630.9888916015625,1632.0,2107.0,1528.0
129265,FC47C,300,1.0,5.0,X,0.015,0.45,0.48,0.0,0.01,9.0,8.0,29.0,1480.0,1525.0,1650.6248779296875,1652.0,2211.0,1516.0
129264,E2E8F,300,5.0,5.0,X,0.0,0.85,0.95,0.0,0.0,9.0,6.0,46.0,1465.0,1490.0,1609.3094482421875,1614.0,2084.0,1506.0
129263,E2E8F,300,4.0,5.0,X,0.0,0.85,0.95,0.0,0.0,5.0,1.0,16.0,1465.0,1490.0,1605.8934326171875,1608.0,1125.0,1500.0
129262,E2E8F,300,3.0,5.0,X,0.0,0.85,0.95,0.0,0.0,8.0,16.0,12.0,1465.0,1490.0,1602.899658203125,1608.0,1823.0,1496.0
129261,E2E8F,300,2.0,5.0,X,0.0,0.85,0.95,0.0,0.0,8.0,15.0,23.0,1465.0,1490.0,1605.8934326171875,1607.0,1831.0,1495.0
129260,E2E8F,300,1.0,5.0,X,0.0,0.85,0.95,0.0,0.0,8.0,8.0,28.0,1465.0,1490.0,1618.4351806640625,1605.0,1942.0,1477.0
129259,57414,300,7.0,7.0,X,0.01,0.38,0.43,0.0,0.02,8.0,6.0,45.0,1486.0,1526.0,1638.9822998046875,1647.0,1821.0,1537.0
129258,57414,300,6.0,7.0,X,0.01,0.38,0.43,0.0,0.02,4.0,1.0,15.0,1486.0,1526.0,1636.5458984375,1639.0,864.0,1522.0
129257,57414,300,5.0,7.0,X,0.01,0.38,0.43,0.0,0.02,7.0,16.0,11.0,1486.0,1526.0,1636.2188720703125,1635.0,1561.0,1523.0
129256,57414,300,4.0,7.0,X,0.01,0.38,0.43,0.0,0.02,7.0,15.0,22.0,1486.0,1526.0,1636.757568359375,1655.0,1571.0,1525.0
129255,57414,300,3.0,7.0,X,0.01,0.38,0.43,0.0,0.02,7.0,8.0,27.0,1486.0,1526.0,1635.52978515625,1643.0,1671.0,1530.0
129254,E0B89,300,2.0,7.0,X,0.02,0.22,0.25,0.01,0.015,7.0,6.0,44.0,1501.0,1546.0,1662.1607666015625,1662.0,1545.0,1550.0
129253,E0B89,300,1.0,7.0,X,0.02,0.22,0.25,0.01,0.015,3.0,1.0,14.0,1501.0,1546.0,1683.1285400390625,1688.0,584.0,1545.0
129252,CA2FD,300,6.0,6.0,X,0.02,0.15,0.17,0.009,0.02,6.0,16.0,10.0,1507.0,1552.0,1661.63037109375,1668.0,1276.0,1564.0
129251,CA2FD,300,5.0,6.0,X,0.02,0.15,0.17,0.009,0.02,6.0,15.0,21.0,1507.0,1552.0,1663.01904296875,1668.0,1285.0,1555.0
129250,CA2FD,300,4.0,6.0,X,0.02,0.15,0.17,0.009,0.02,6.0,8.0,26.0,1507.0,1552.0,1665.2288818359375,1667.0,1392.0,1564.0
129249,CA2FD,300,3.0,6.0,X,0.02,0.15,0.17,0.009,0.02,6.0,6.0,43.0,1507.0,1552.0,1667.874755859375,1661.0,1264.0,1566.0
129248,CA2FD,300,2.0,6.0,X,0.02,0.15,0.17,0.009,0.02,2.0,1.0,13.0,1507.0,1552.0,1668.3240966796875,1661.0,295.0,1556.0
129247,AB910,300,1.0,6.0,X,0.02,0.4,0.45,0.0,0.02,5.0,16.0,9.0,1483.0,1528.0,1662.1815185546875,1664.0,984.0,1535.0
129246,0BFF6,300,4.0,4.0,X,0.0,0.93,1.0,0.006,0.0,5.0,15.0,20.0,1462.0,1488.0,1602.5621337890625,1603.0,987.0,1493.0
129245,0BFF6,300,3.0,4.0,X,0.0,0.93,1.0,0.006,0.0,5.0,8.0,25.0,1462.0,1488.0,1601.73046875,1605.0,1089.0,1498.0
129244,0BFF6,300,2.0,4.0,X,0.0,0.93,1.0,0.006,0.0,5.0,6.0,42.0,1462.0,1488.0,1601.3121337890625,1605.0,961.0,1492.0
129243,C75D6,300,1.0,4.0,X,0.0,0.95,0.99,0.0,0.0,1.0,1.0,12.0,1463.0,1489.0,1642.89306640625,1645.0,0.0,1493.0
129242,A7B3C,300,6.0,6.0,X,0.025,0.2,0.23,0.01,0.01,4.0,16.0,8.0,1504.0,1549.0,1660.690673828125,1663.0,695.0,1559.0
129241,9C4F0,300,5.0,6.0,X,0.015,0.18,0.23,0.01,0.0,4.0,15.0,19.0,1504.0,1544.0,1653.2164306640625,1656.0,697.0,1553.0
129240,15493,300,4.0,6.0,X,0.01,0.38,0.43,0.0,0.0,4.0,8.0,24.0,1485.0,1525.0,1632.558837890625,1634.0,805.0,1530.0
129239,15493,300,3.0,6.0,X,0.01,0.38,0.43,0.0,0.0,4.0,6.0,41.0,1485.0,1525.0,1631.9404296875,1635.0,680.0,1534.0
129238,15493,300,2.0,6.0,X,0.01,0.38,0.43,0.0,0.0,3.0,16.0,7.0,1485.0,1525.0,1633.367919921875,1634.0,470.0,1530.0
129237,15493,300,1.0,6.0,X,0.01,0.38,0.43,0.0,0.0,3.0,15.0,18.0,1485.0,1525.0,1660.7255859375,1664.0,479.0,1533.0
129236,FE39B,300,5.0,5.0,X,0.02,0.21,0.23,0.0,0.02,3.0,8.0,23.0,1503.0,1548.0,1661.9925537109375,1661.0,587.0,1557.0
129235,FE39B,300,4.0,5.0,X,0.02,0.21,0.23,0.0,0.02,3.0,6.0,40.0,1503.0,1548.0,1665.20947265625,1673.0,459.0,1559.0
129234,FE39B,300,3.0,5.0,X,0.02,0.21,0.23,0.0,0.02,2.0,16.0,6.0,1503.0,1548.0,1663.1536865234375,1670.0,252.0,1538.0
129233,FE39B,300,2.0,5.0,X,0.02,0.21,0.23,0.0,0.02,2.0,15.0,17.0,1503.0,1548.0,1659.6693115234375,1668.0,259.0,1541.0
129232,FE39B,300,1.0,5.0,X,0.02,0.21,0.23,0.0,0.02,2.0,8.0,22.0,1503.0,1548.0,1690.2198486328125,1688.0,368.0,1534.0
129231,9E44C,300,5.0,5.0,X,0.02,0.18,0.2,0.01,0.02,2.0,6.0,39.0,1500.0,1540.0,1656.496826171875,1670.0,242.0,1554.0
129230,9E44C,300,4.0,5.0,X,0.02,0.18,0.2,0.01,0.02,1.0,16.0,5.0,1500.0,1540.0,1665.5174560546875,1684.0,0.0,1543.0
129229,9E44C,300,3.0,5.0,X,0.02,0.18,0.2,0.01,0.02,1.0,15.0,16.0,1500.0,1540.0,1663.5751953125,1686.0,0.0,1539.0
129228,4F121,300,2.0,5.0,X,0.01,0.38,0.43,0.0,0.0,1.0,6.0,38.0,1480.0,1520.0,1648.76416015625,1684.0,0.0,1532.0
129227,4F121,300,1.0,5.0,X,0.01,0.38,0.43,0.0,0.0,1.0,8.0,21.0,1480.0,1520.0,1674.1939697265625,1664.0,0.0,1532.0
129226,48809,300,2.0,2.0,X,0.02,0.16,0.18,0.01,0.01,9.0,15.0,15.0,1503.0,1543.0,1651.5670166015625,1672.0,2557.0,1555.0
129225,48809,300,1.0,2.0,X,0.02,0.16,0.18,0.01,0.01,4.0,16.0,4.0,1503.0,1543.0,1671.6334228515625,1678.0,959.0,1547.0
129224,9E44C,150,3.0,3.0,X,0.02,0.18,0.2,0.01,0.02,7.0,6.0,37.0,1500.0,1540.0,1651.287353515625,1672.0,1800.0,1556.0
129223,9E44C,150,2.0,3.0,X,0.02,0.18,0.2,0.01,0.02,8.0,15.0,14.0,1500.0,1540.0,1650.12451171875,1674.0,2191.0,1540.0
129222,9E44C,150,1.0,3.0,X,0.02,0.18,0.2,0.01,0.02,1.0,1.0,11.0,1500.0,1540.0,1684.6424560546875,1662.0,0.0,1550.0
129221,FB6D2,150,10.0,10.0,X,0.01,0.46,0.5,0.0,0.02,3.0,16.0,3.0,1480.0,1525.0,1613.7611083984375,1635.0,530.0,1546.0
129220,FC47C,150,9.0,10.0,X,0.015,0.45,0.48,0.0,0.01,9.0,8.0,20.0,1482.0,1537.0,1640.740478515625,1639.0,2636.0,1543.0
129219,FC47C,150,8.0,10.0,X,0.015,0.45,0.48,0.0,0.01,6.0,6.0,36.0,1482.0,1537.0,1641.4744873046875,1645.0,1498.0,1539.0
129218,FC47C,150,7.0,10.0,X,0.015,0.45,0.48,0.0,0.01,7.0,15.0,13.0,1482.0,1537.0,1640.656005859375,1644.0,1888.0,1538.0
129217,FC47C,150,6.0,10.0,X,0.015,0.45,0.48,0.0,0.01,2.0,16.0,2.0,1482.0,1537.0,1652.23388671875,1658.0,296.0,1538.0
129216,FC47C,150,5.0,10.0,X,0.015,0.45,0.48,0.0,0.01,8.0,8.0,19.0,1482.0,1537.0,1638.8255615234375,1643.0,2410.0,1538.0
129215,FC47C,150,4.0,10.0,X,0.015,0.45,0.48,0.0,0.01,8.0,17.0,55.0,1482.0,1537.0,1641.438720703125,1645.0,2461.0,1541.0
129214,FC47C,150,3.0,10.0,X,0.015,0.45,0.48,0.0,0.01,5.0,6.0,35.0,1482.0,1537.0,1640.78955078125,1644.0,1208.0,1545.0
129213,FC47C,150,2.0,10.0,X,0.015,0.45,0.48,0.0,0.01,6.0,15.0,12.0,1482.0,1537.0,1641.71875,1642.0,1592.0,1534.0
129212,FC47C,150,1.0,10.0,X,0.015,0.45,0.48,0.0,0.01,1.0,16.0,1.0,1482.0,1537.0,1680.52099609375,1690.0,0.0,1540.0
129211,FC47C,150,10.0,10.0,X,0.015,0.45,0.48,0.0,0.01,7.0,8.0,18.0,1482.0,1537.0,1642.6146240234375,1653.0,2106.0,1540.0
129210,FC47C,150,9.0,10.0,X,0.015,0.45,0.48,0.0,0.01,7.0,17.0,54.0,1482.0,1537.0,1639.8907470703125,1643.0,2155.0,1540.0
129209,FC47C,150,8.0,10.0,X,0.015,0.45,0.48,0.0,0.01,4.0,6.0,34.0,1482.0,1537.0,1640.9998779296875,1639.0,908.0,1544.0
129208,FC47C,150,7.0,10.0,X,0.015,0.45,0.48,0.0,0.01,5.0,1.0,10.0,1482.0,1537.0,1642.4443359375,1643.0,1240.0,1550.0
129207,FC47C,150,6.0,10.0,X,0.015,0.45,0.48,0.0,0.01,5.0,15.0,11.0,1482.0,1537.0,1642.5909423828125,1646.0,1235.0,1541.0
129206,FC47C,150,5.0,10.0,X,0.015,0.45,0.48,0.0,0.01,6.0,8.0,17.0,1482.0,1537.0,1643.1890869140625,1644.0,1805.0,1540.0
129205,FC47C,150,4.0,10.0,X,0.015,0.45,0.48,0.0,0.01,6.0,17.0,53.0,1482.0,1537.0,1643.28369140625,1644.0,1860.0,1541.0
129204,FC47C,150,3.0,10.0,X,0.015,0.45,0.48,0.0,0.01,3.0,6.0,33.0,1482.0,1537.0,1643.647216796875,1643.0,609.0,1540.0
129203,FC47C,150,2.0,10.0,X,0.015,0.45,0.48,0.0,0.01,4.0,1.0,9.0,1482.0,1537.0,1645.061767578125,1645.0,933.0,1548.0
129202,FC47C,150,1.0,10.0,X,0.015,0.45,0.48,0.0,0.01,4.0,15.0,10.0,1482.0,1537.0,1660.551513671875,1663.0,925.0,1549.0
129201,4D097,150,6.0,6.0,X,0.015,0.51,0.55,0.0,0.01,5.0,8.0,16.0,1487.0,1537.0,1643.3460693359375,1643.0,1501.0,1542.0
129200,4D097,150,5.0,6.0,X,0.015,0.51,0.55,0.0,0.01,5.0,17.0,52.0,1487.0,1537.0,1640.05517578125,1637.0,1561.0,1541.0
129199,4D097,150,4.0,6.0,X,0.015,0.51,0.55,0.0,0.01,2.0,6.0,32.0,1487.0,1537.0,1639.4105224609375,1642.0,303.0,1542.0
129198,4D097,150,3.0,6.0,X,0.015,0.51,0.55,0.0,0.01,3.0,1.0,8.0,1487.0,1537.0,1639.8912353515625,1643.0,632.0,1537.0
129197,4D097,150,2.0,6.0,X,0.015,0.51,0.55,0.0,0.01,3.0,15.0,9.0,1487.0,1537.0,1641.166259765625,1640.0,623.0,1551.0
129196,4D097,150,1.0,6.0,X,0.015,0.51,0.55,0.0,0.01,4.0,8.0,15.0,1487.0,1537.0,1657.9036865234375,1656.0,1193.0,1546.0
129195,4D097,150,6.0,6.0,X,0.015,0.51,0.55,0.0,0.01,4.0,17.0,51.0,1487.0,1537.0,1641.8170166015625,1647.0,1249.0,1546.0
129194,4D097,150,5.0,6.0,X,0.015,0.51,0.55,0.0,0.01,1.0,6.0,31.0,1487.0,1537.0,1652.2398681640625,1670.0,0.0,1554.0
129193,4D097,150,4.0,6.0,X,0.015,0.51,0.55,0.0,0.01,2.0,1.0,7.0,1487.0,1537.0,1644.0596923828125,1643.0,329.0,1545.0
129192,4D097,150,3.0,6.0,X,0.015,0.51,0.55,0.0,0.01,2.0,15.0,8.0,1487.0,1537.0,1645.7138671875,1639.0,331.0,1534.0
129191,4D097,150,2.0,6.0,X,0.015,0.51,0.55,0.0,0.01,3.0,8.0,14.0,1487.0,1537.0,1641.3338623046875,1643.0,903.0,1542.0
129190,4D097,150,1.0,6.0,X,0.015,0.51,0.55,0.0,0.01,3.0,17.0,50.0,1487.0,1537.0,1658.15771484375,1652.0,944.0,1537.0
129189,80160,150,5.0,5.0,X,0.015,0.4,0.45,0.0,0.02,1.0,1.0,6.0,1487.0,1542.0,1660.7359619140625,1664.0,0.0,1554.0
129188,80160,150,4.0,5.0,X,0.015,0.4,0.45,0.0,0.02,1.0,15.0,7.0,1487.0,1542.0,1659.0037841796875,1662.0,0.0,1542.0
129187,80160,150,3.0,5.0,X,0.015,0.4,0.45,0.0,0.02,2.0,8.0,13.0,1487.0,1542.0,1655.3651123046875,1647.0,285.0,1556.0
129186,E0B89,150,3.0,6.0,X,0.02,0.22,0.25,0.01,0.015,2.0,6.0,30.0,1501.0,1541.0,1642.523193359375,1655.0,289.0,1554.0
129185,1E6E6,150,2.0,6.0,X,0.025,0.19,0.23,0.01,0.015,2.0,17.0,49.0,1505.0,1550.0,1653.995361328125,1663.0,289.0,1560.0
129184,FB109,150,1.0,6.0,X,0.02,0.17,0.19,0.008,0.02,2.0,1.0,5.0,1507.0,1552.0,1682.1654052734375,1685.0,468.0,1547.0
129183,CA2FD,150,4.0,4.0,X,0.02,0.15,0.17,0.009,0.02,2.0,15.0,6.0,1507.0,1551.0,1666.2603759765625,1682.0,465.0,1540.0
129182,3EFD8,150,3.0,4.0,X,0.005,0.33,0.36,0.0,0.02,1.0,8.0,12.0,1490.0,1540.0,1658.494873046875,1669.0,0.0,1544.0
129181,AB910,150,2.0,4.0,X,0.02,0.4,0.45,0.0,0.02,1.0,6.0,29.0,1483.0,1538.0,1653.0557861328125,1656.0,0.0,1542.0
129180,AB910,150,1.0,4.0,X,0.02,0.4,0.45,0.0,0.02,1.0,17.0,48.0,1483.0,1538.0,1676.4610595703125,1664.0,0.0,1536.0
129179,E7999,150,2.0,6.0,X,0.02,0.16,0.18,0.012,0.01,1.0,1.0,4.0,1506.0,1551.0,1674.7109375,1679.0,0.0,1558.0
129178,E7999,150,1.0,6.0,X,0.02,0.16,0.18,0.012,0.01,1.0,15.0,5.0,1506.0,1551.0,1707.940185546875,1705.0,0.0,1553.0
129177,E7999,150,2.0,8.0,X,0.02,0.16,0.18,0.012,0.01,11.0,8.0,11.0,1506.0,1551.0,1669.0596923828125,1674.0,2697.0,1553.0
129176,E7999,150,1.0,8.0,X,0.02,0.16,0.18,0.012,0.01,20.0,6.0,28.0,1506.0,1551.0,1691.3074951171875,1694.0,5540.0,1553.0
129175,CB239,150,4.0,4.0,V,0.0,0.69,0.73,0.012,0.06,9.0,17.0,47.0,1474.0,1509.0,1611.71044921875,1615.0,2249.0,1514.0
129174,43C5C,150,3.0,4.0,X,0.005,0.5,0.53,0.0,0.02,3.0,1.0,3.0,1487.0,1532.0,1649.5950927734375,1660.0,616.0,1539.0
129173,43C5C,150,2.0,4.0,X,0.005,0.5,0.53,0.0,0.02,4.0,15.0,4.0,1487.0,1532.0,1634.83984375,1635.0,927.0,1530.0
129172,43C5C,150,1.0,4.0,X,0.005,0.5,0.53,0.0,0.02,10.0,8.0,10.0,1487.0,1532.0,1653.5623779296875,1654.0,2408.0,1526.0
129171,B0EC5,150,8.0,8.0,V,0.01,0.36,0.39,0.015,0.02,19.0,6.0,27.0,1480.0,1530.0,1649.53076171875,1658.0,5245.0,1536.0
129170,BB21B,150,7.0,8.0,V,0.0,0.45,0.48,0.018,0.05,8.0,17.0,46.0,1472.0,1517.0,1617.68408203125,1634.0,1946.0,1528.0
129169,BB21B,150,6.0,8.0,V,0.0,0.45,0.48,0.018,0.05,2.0,1.0,2.0,1472.0,1517.0,1631.950927734375,1655.0,315.0,1529.0
129168,EB567,150,5.0,8.0,V,0.01,0.35,0.38,0.016,0.045,3.0,15.0,3.0,1480.0,1540.0,1658.826171875,1680.0,623.0,1545.0
129167,EB567,150,4.0,8.0,V,0.01,0.35,0.38,0.016,0.045,9.0,8.0,9.0,1480.0,1540.0,1649.2847900390625,1661.0,2108.0,1548.0
129166,EB567,150,3.0,8.0,V,0.01,0.35,0.38,0.016,0.045,18.0,6.0,26.0,1480.0,1540.0,1651.16943359375,1660.0,4931.0,1547.0
129165,EB567,150,2.0,8.0,V,0.01,0.35,0.38,0.016,0.045,7.0,17.0,45.0,1480.0,1540.0,1651.6519775390625,1655.0,1634.0,1536.0
129164,9A58C,150,1.0,8.0,X,0.0,0.37,0.45,0.008,0.08,1.0,1.0,1.0,1480.0,1530.0,1675.0828857421875,1672.0,0.0,1542.0
129163,9A58C,300,5.0,5.0,X,0.0,0.37,0.45,0.008,0.08,2.0,15.0,2.0,1480.0,1525.0,1633.87060546875,1632.0,227.0,1536.0
129162,9A58C,300,4.0,5.0,X,0.0,0.37,0.45,0.008,0.08,8.0,8.0,8.0,1480.0,1525.0,1625.238037109375,1629.0,1722.0,1533.0
129161,9A58C,300,3.0,5.0,X,0.0,0.37,0.45,0.008,0.08,17.0,6.0,25.0,1480.0,1525.0,1624.6732177734375,1628.0,4559.0,1527.0
129160,9A58C,300,2.0,5.0,X,0.0,0.37,0.45,0.008,0.08,6.0,17.0,44.0,1480.0,1525.0,1624.707275390625,1627.0,1263.0,1524.0
129159,9A58C,300,1.0,5.0,X,0.0,0.37,0.45,0.008,0.08,1.0,15.0,1.0,1480.0,1525.0,1669.9947509765625,1672.0,0.0,1533.0
129158,2D42F,300,8.0,8.0,B,0.005,0.36,0.39,0.0,0.01,7.0,8.0,7.0,1492.0,1547.0,1661.463623046875,1661.0,1485.0,1556.0
129157,2D42F,300,7.0,8.0,B,0.005,0.36,0.39,0.0,0.01,16.0,6.0,24.0,1492.0,1547.0,1657.1695556640625,1657.0,4326.0,1559.0
129156,2D42F,300,6.0,8.0,B,0.005,0.36,0.39,0.0,0.01,8.0,4.0,51.0,1492.0,1547.0,1663.8089599609375,1663.0,1663.0,1554.0
129155,2D42F,300,5.0,8.0,B,0.005,0.36,0.39,0.0,0.01,5.0,17.0,43.0,1492.0,1547.0,1662.9522705078125,1660.0,982.0,1564.0
129154,2D42F,300,4.0,8.0,B,0.005,0.36,0.39,0.0,0.01,6.0,8.0,6.0,1492.0,1547.0,1664.431396484375,1663.0,1268.0,1549.0
129153,2D42F,300,3.0,8.0,B,0.005,0.36,0.39,0.0,0.01,15.0,6.0,23.0,1492.0,1547.0,1668.043701171875,1669.0,4097.0,1558.0
129152,2D42F,300,2.0,8.0,B,0.005,0.36,0.39,0.0,0.01,7.0,4.0,50.0,1492.0,1547.0,1666.289306640625,1672.0,1426.0,1557.0
129151,2D42F,300,1.0,8.0,B,0.005,0.36,0.39,0.0,0.01,4.0,17.0,42.0,1492.0,1547.0,1688.657470703125,1687.0,744.0,1545.0
129150,A2DFA,300,7.0,7.0,X,0.005,0.43,0.5,0.0,0.0,5.0,8.0,5.0,1480.0,1525.0,1614.7611083984375,1615.0,961.0,1524.0
129149,A2DFA,300,6.0,7.0,X,0.005,0.43,0.5,0.0,0.0,6.0,4.0,49.0,1480.0,1525.0,1621.92236328125,1620.0,1182.0,1526.0
129148,A2DFA,300,5.0,7.0,X,0.005,0.43,0.5,0.0,0.0,3.0,17.0,41.0,1480.0,1525.0,1624.0491943359375,1623.0,492.0,1530.0
129147,A2DFA,300,4.0,7.0,X,0.005,0.43,0.5,0.0,0.0,14.0,6.0,22.0,1480.0,1525.0,1614.61083984375,1616.0,3660.0,1536.0
129146,A2DFA,300,3.0,7.0,X,0.005,0.43,0.5,0.0,0.0,4.0,8.0,4.0,1480.0,1525.0,1617.8214111328125,1621.0,700.0,1519.0
129145,11307,300,2.0,7.0,X,0.01,0.45,0.5,0.0,0.02,5.0,4.0,48.0,1480.0,1520.0,1621.0052490234375,1627.0,927.0,1526.0
129144,27A7C,300,1.0,7.0,X,0.02,0.43,0.47,0.0,0.015,2.0,17.0,40.0,1480.0,1515.0,1648.1817626953125,1647.0,236.0,1519.0
129143,FE1F9,300,4.0,4.0,B,0.005,0.33,0.35,0.0,0.015,13.0,6.0,21.0,1491.0,1531.0,1634.1251220703125,1636.0,3407.0,1543.0
129142,EEED2,300,3.0,4.0,X,0.005,0.5,0.52,0.0,0.06,3.0,8.0,3.0,1485.0,1545.0,1654.42626953125,1677.0,452.0,1546.0
129141,81834,300,2.0,4.0,X,0.015,0.43,0.47,0.0,0.0,4.0,4.0,47.0,1483.0,1528.0,1636.550048828125,1642.0,680.0,1542.0
129140,81834,300,1.0,4.0,X,0.015,0.43,0.47,0.0,0.0,1.0,17.0,39.0,1483.0,1528.0,1675.2078857421875,1676.0,0.0,1530.0
129139,4A0F0,300,6.0,6.0,X,0.0,0.39,0.42,0.0,0.03,12.0,6.0,20.0,1488.0,1528.0,1633.1419677734375,1635.0,3184.0,1532.0
129138,4A0F0,300,5.0,6.0,X,0.0,0.39,0.42,0.0,0.03,2.0,8.0,2.0,1488.0,1528.0,1650.875,1654.0,237.0,1532.0
129137,4A0F0,300,4.0,6.0,X,0.0,0.39,0.42,0.0,0.03,3.0,4.0,46.0,1488.0,1528.0,1641.05908203125,1641.0,464.0,1540.0
129136,4A0F0,300,3.0,6.0,X,0.0,0.39,0.42,0.0,0.03,10.0,5.0,54.0,1488.0,1528.0,1640.295166015625,1639.0,2576.0,1533.0
129135,4A0F0,300,2.0,6.0,X,0.0,0.39,0.42,0.0,0.03,11.0,6.0,19.0,1488.0,1528.0,1639.7635498046875,1632.0,2954.0,1533.0
129134,4A0F0,300,1.0,6.0,X,0.0,0.39,0.42,0.0,0.03,1.0,8.0,1.0,1488.0,1528.0,1674.475341796875,1694.0,0.0,1524.0
129133,4A0F0,300,6.0,6.0,X,0.0,0.39,0.42,0.0,0.03,2.0,4.0,45.0,1488.0,1528.0,1640.8658447265625,1648.0,229.0,1534.0
129132,4A0F0,300,5.0,6.0,X,0.0,0.39,0.42,0.0,0.03,9.0,5.0,53.0,1488.0,1528.0,1634.8348388671875,1635.0,2352.0,1539.0
129131,4A0F0,300,4.0,6.0,X,0.0,0.39,0.42,0.0,0.03,10.0,6.0,18.0,1488.0,1528.0,1640.4906005859375,1643.0,2727.0,1537.0
129130,4A0F0,300,3.0,6.0,X,0.0,0.39,0.42,0.0,0.03,2.0,17.0,38.0,1488.0,1528.0,1634.081298828125,1649.0,249.0,1532.0
129129,4A0F0,300,2.0,6.0,X,0.0,0.39,0.42,0.0,0.03,1.0,4.0,44.0,1488.0,1528.0,1651.0208740234375,1656.0,0.0,1536.0
129128,4A0F0,300,1.0,6.0,X,0.0,0.39,0.42,0.0,0.03,8.0,5.0,52.0,1488.0,1528.0,1649.6212158203125,1651.0,2107.0,1539.0
129127,DDC4A,300,6.0,6.0,X,0.01,0.32,0.38,0.0,0.0,9.0,6.0,17.0,1493.0,1543.0,1656.781005859375,1663.0,2481.0,1537.0
129126,DDC4A,300,5.0,6.0,X,0.01,0.32,0.38,0.0,0.0,1.0,17.0,37.0,1493.0,1543.0,1667.80517578125,1668.0,0.0,1544.0
129125,A0D69,300,3.0,6.0,X,0.02,0.18,0.21,0.0,0.0,7.0,5.0,51.0,1510.0,1550.0,1663.7843017578125,1668.0,1940.0,1556.0
129124,A0D69,300,2.0,6.0,X,0.02,0.18,0.21,0.0,0.0,8.0,7.0,61.0,1510.0,1550.0,1661.586669921875,1661.0,2165.0,1546.0
129123,A0D69,300,4.0,8.0,X,0.02,0.18,0.21,0.0,0.0,8.0,6.0,16.0,1510.0,1550.0,1665.1748046875,1686.0,2164.0,1551.0
129122,A0D69,300,3.0,7.0,X,0.02,0.18,0.21,0.0,0.0,7.0,17.0,37.0,1510.0,1550.0,1662.177734375,1642.0,1912.0,1561.0
129121,A0D69,300,2.0,7.0,X,0.02,0.18,0.21,0.0,0.0,6.0,5.0,50.0,1510.0,1550.0,1659.1243896484375,1664.0,1596.0,1547.0
129120,51C01,300,1.0,7.0,X,0.02,0.15,0.18,0.0,0.02,7.0,4.0,42.0,1511.0,1556.0,1690.0760498046875,1693.0,1801.0,1562.0
129119,2D42F,300,8.0,8.0,B,0.005,0.36,0.39,0.0,0.01,7.0,7.0,60.0,1492.0,1547.0,1668.349365234375,1667.0,1819.0,1562.0
129118,2D42F,300,7.0,8.0,B,0.005,0.36,0.39,0.0,0.01,7.0,6.0,15.0,1492.0,1547.0,1667.248291015625,1668.0,1829.0,1554.0
129117,2D42F,300,6.0,8.0,B,0.005,0.36,0.39,0.0,0.01,6.0,17.0,36.0,1492.0,1547.0,1665.8095703125,1668.0,1587.0,1565.0
129116,2D42F,300,5.0,8.0,B,0.005,0.36,0.39,0.0,0.01,5.0,5.0,49.0,1492.0,1547.0,1666.9268798828125,1665.0,1292.0,1550.0
129115,2D42F,300,4.0,8.0,B,0.005,0.36,0.39,0.0,0.01,6.0,4.0,41.0,1492.0,1547.0,1670.295166015625,1671.0,1538.0,1557.0
129114,2D42F,300,3.0,8.0,B,0.005,0.36,0.39,0.0,0.01,6.0,7.0,59.0,1492.0,1547.0,1671.688232421875,1674.0,1546.0,1563.0
129113,2D42F,300,2.0,8.0,B,0.005,0.36,0.39,0.0,0.01,6.0,6.0,14.0,1492.0,1547.0,1671.625732421875,1670.0,1563.0,1556.0
129112,2D42F,300,1.0,8.0,B,0.005,0.36,0.39,0.0,0.01,5.0,17.0,35.0,1492.0,1547.0,1695.3175048828125,1687.0,1317.0,1533.0
129111,EB957,300,10.0,10.0,X,0.015,0.53,0.56,0.0,0.01,4.0,5.0,48.0,1486.0,1536.0,1650.337890625,1658.0,1015.0,1547.0
129110,EB957,300,9.0,10.0,X,0.015,0.53,0.56,0.0,0.01,5.0,4.0,40.0,1486.0,1536.0,1646.429443359375,1668.0,1247.0,1537.0
129109,EB957,300,8.0,10.0,X,0.015,0.53,0.56,0.0,0.01,5.0,7.0,58.0,1486.0,1536.0,1646.8138427734375,1655.0,1259.0,1541.0
129108,EB957,300,7.0,10.0,X,0.015,0.53,0.56,0.0,0.01,5.0,6.0,13.0,1486.0,1536.0,1648.8046875,1644.0,1262.0,1540.0
129107,EB957,300,6.0,10.0,X,0.015,0.53,0.56,0.0,0.01,4.0,17.0,34.0,1486.0,1536.0,1645.9866943359375,1655.0,1016.0,1548.0
129106,EB957,300,5.0,10.0,X,0.015,0.53,0.56,0.0,0.01,3.0,5.0,47.0,1486.0,1536.0,1652.150634765625,1652.0,721.0,1537.0
129105,5146B,300,4.0,10.0,X,0.005,0.45,0.48,0.0,0.0,4.0,4.0,39.0,1481.0,1526.0,1649.0865478515625,1669.0,959.0,1528.0
129104,5146B,300,3.0,10.0,X,0.005,0.45,0.48,0.0,0.0,4.0,7.0,57.0,1481.0,1526.0,1647.0904541015625,1657.0,970.0,1521.0
129103,5146B,300,2.0,10.0,X,0.005,0.45,0.48,0.0,0.0,4.0,6.0,12.0,1481.0,1526.0,1648.697021484375,1658.0,966.0,1527.0
129102,5146B,300,1.0,10.0,X,0.005,0.45,0.48,0.0,0.0,3.0,17.0,33.0,1481.0,1526.0,1661.2841796875,1680.0,710.0,1531.0
129101,E0B89,300,6.0,6.0,X,0.02,0.22,0.25,0.01,0.015,2.0,5.0,46.0,1501.0,1546.0,1662.1041259765625,1664.0,315.0,1551.0
129100,1E6E6,300,5.0,6.0,X,0.025,0.19,0.23,0.01,0.015,3.0,4.0,38.0,1505.0,1545.0,1655.1478271484375,1654.0,559.0,1549.0
129099,1E6E6,300,4.0,6.0,X,0.025,0.19,0.23,0.01,0.015,3.0,7.0,56.0,1505.0,1545.0,1653.761474609375,1662.0,562.0,1549.0
129098,1E6E6,300,3.0,6.0,X,0.025,0.19,0.23,0.01,0.015,3.0,6.0,11.0,1505.0,1545.0,1654.6190185546875,1661.0,560.0,1550.0
129097,F7C5E,300,2.0,6.0,X,0.015,0.27,0.29,0.009,0.0,2.0,17.0,32.0,1501.0,1551.0,1690.93017578125,1689.0,305.0,1553.0
129096,F7C5E,300,1.0,6.0,X,0.015,0.27,0.29,0.009,0.0,1.0,5.0,45.0,1501.0,1551.0,1718.208740234375,1719.0,0.0,1546.0
129095,2E33F,300,4.0,4.0,X,0.008,0.46,0.49,0.0,0.0,2.0,4.0,37.0,1483.0,1528.0,1646.4495849609375,1662.0,241.0,1543.0
129094,2E33F,300,3.0,4.0,X,0.008,0.46,0.49,0.0,0.0,2.0,7.0,55.0,1483.0,1528.0,1641.218017578125,1650.0,240.0,1540.0
129093,2E33F,300,2.0,4.0,X,0.008,0.46,0.49,0.0,0.0,2.0,6.0,10.0,1483.0,1528.0,1636.853515625,1647.0,248.0,1536.0
129092,2E33F,300,1.0,4.0,X,0.008,0.46,0.49,0.0,0.0,1.0,17.0,31.0,1483.0,1528.0,1675.66748046875,1678.0,0.0,1531.0
129091,3B7FC,300,3.0,3.0,X,0.005,0.46,0.5,0.0,0.015,1.0,4.0,36.0,1480.0,1525.0,1643.3436279296875,1655.0,0.0,1531.0
129090,3B7FC,300,2.0,3.0,X,0.005,0.46,0.5,0.0,0.015,1.0,7.0,54.0,1480.0,1525.0,1640.8690185546875,1643.0,0.0,1542.0
129089,3B7FC,300,1.0,3.0,X,0.005,0.46,0.5,0.0,0.015,1.0,6.0,9.0,1480.0,1525.0,1668.2467041015625,1665.0,0.0,1517.0
129088,3B7FC,300,7.0,7.0,X,0.005,0.46,0.5,0.0,0.015,6.0,17.0,30.0,1480.0,1525.0,1636.2581787109375,1635.0,1491.0,1523.0
129087,3B7FC,300,6.0,8.0,X,0.005,0.46,0.5,0.0,0.015,7.0,5.0,44.0,1480.0,1525.0,1635.3907470703125,1626.0,1775.0,1520.0
129086,3B7FC,300,5.0,8.0,X,0.005,0.46,0.5,0.0,0.015,8.0,7.0,53.0,1480.0,1525.0,1636.2178955078125,1637.0,2071.0,1527.0
129085,3B7FC,300,4.0,8.0,X,0.005,0.46,0.5,0.0,0.015,8.0,4.0,35.0,1480.0,1525.0,1636.5419921875,1638.0,2082.0,1539.0
129084,3B7FC,300,3.0,10.0,X,0.005,0.46,0.5,0.0,0.015,8.0,6.0,8.0,1480.0,1525.0,1636.3524169921875,1634.0,2128.0,1532.0
129083,3B7FC,300,2.0,10.0,X,0.005,0.46,0.5,0.0,0.015,5.0,17.0,29.0,1480.0,1525.0,1634.6356201171875,1636.0,1201.0,1524.0
129082,F5743,300,1.0,10.0,V,0.0,0.69,0.72,0.008,0.055,6.0,5.0,43.0,1476.0,1501.0,1629.525634765625,1629.0,1488.0,1508.0
129081,2556F,300,9.0,9.0,X,0.01,0.48,0.53,0.008,0.0,7.0,7.0,52.0,1486.0,1516.0,1624.7115478515625,1625.0,1777.0,1531.0
129080,2556F,300,8.0,9.0,X,0.01,0.48,0.53,0.008,0.0,7.0,4.0,34.0,1486.0,1516.0,1624.2237548828125,1637.0,1785.0,1533.0
129079,2556F,300,7.0,9.0,X,0.01,0.48,0.53,0.008,0.0,7.0,6.0,7.0,1486.0,1516.0,1625.5487060546875,1643.0,1838.0,1530.0
129078,116A5,300,6.0,9.0,X,0.02,0.5,0.52,0.0,0.0,4.0,17.0,28.0,1488.0,1528.0,1649.425048828125,1649.0,911.0,1538.0
129077,116A5,300,5.0,9.0,X,0.02,0.5,0.52,0.0,0.0,5.0,5.0,42.0,1488.0,1528.0,1638.891845703125,1642.0,1202.0,1534.0
129076,116A5,300,4.0,9.0,X,0.02,0.5,0.52,0.0,0.0,6.0,7.0,51.0,1488.0,1528.0,1641.30810546875,1642.0,1502.0,1531.0
129075,116A5,300,3.0,9.0,X,0.02,0.5,0.52,0.0,0.0,6.0,4.0,33.0,1488.0,1528.0,1649.4288330078125,1650.0,1510.0,1536.0
129074,116A5,300,2.0,9.0,X,0.02,0.5,0.52,0.0,0.0,6.0,6.0,6.0,1488.0,1528.0,1651.3175048828125,1652.0,1559.0,1542.0
129073,116A5,300,1.0,9.0,X,0.02,0.5,0.52,0.0,0.0,3.0,17.0,27.0,1488.0,1528.0,1659.798828125,1652.0,625.0,1526.0
129072,D033D,300,6.0,6.0,X,0.02,0.47,0.49,0.009,0.0,4.0,5.0,41.0,1480.0,1515.0,1627.137451171875,1643.0,903.0,1522.0
129071,D033D,300,5.0,6.0,X,0.02,0.47,0.49,0.009,0.0,5.0,7.0,50.0,1480.0,1515.0,1627.412841796875,1630.0,1187.0,1518.0
129070,D033D,300,4.0,6.0,X,0.02,0.47,0.49,0.009,0.0,5.0,4.0,32.0,1480.0,1515.0,1629.263916015625,1628.0,1193.0,1519.0
129069,D033D,300,3.0,6.0,X,0.02,0.47,0.49,0.009,0.0,5.0,6.0,5.0,1480.0,1515.0,1630.049072265625,1629.0,1235.0,1528.0
129068,D033D,300,2.0,6.0,X,0.02,0.47,0.49,0.009,0.0,2.0,17.0,26.0,1480.0,1515.0,1631.0989990234375,1632.0,306.0,1521.0
129067,D033D,300,1.0,6.0,X,0.02,0.47,0.49,0.009,0.0,3.0,5.0,40.0,1480.0,1515.0,1644.79345703125,1632.0,600.0,1524.0
129066,D63DF,300,7.0,7.0,V,0.005,0.37,0.4,0.01,0.03,4.0,7.0,49.0,1480.0,1525.0,1636.88623046875,1640.0,891.0,1536.0
129065,D63DF,300,6.0,7.0,V,0.005,0.37,0.4,0.01,0.03,4.0,4.0,31.0,1480.0,1525.0,1635.783203125,1634.0,902.0,1531.0
129064,D63DF,300,5.0,7.0,V,0.005,0.37,0.4,0.01,0.03,4.0,6.0,4.0,1480.0,1525.0,1636.5712890625,1640.0,961.0,1539.0
129063,D63DF,300,4.0,7.0,V,0.005,0.37,0.4,0.01,0.03,1.0,17.0,25.0,1480.0,1525.0,1650.218994140625,1659.0,0.0,1534.0
129062,D63DF,300,3.0,7.0,V,0.005,0.37,0.4,0.01,0.03,2.0,5.0,39.0,1480.0,1525.0,1624.87451171875,1637.0,291.0,1536.0
129061,D63DF,300,2.0,7.0,V,0.005,0.37,0.4,0.01,0.03,3.0,7.0,48.0,1480.0,1525.0,1637.600341796875,1647.0,584.0,1537.0
129060,D2F4A,300,1.0,7.0,V,0.01,0.36,0.38,0.012,0.02,3.0,4.0,30.0,1481.0,1536.0,1672.5010986328125,1680.0,586.0,1553.0
129059,16F90,300,6.0,6.0,B,0.02,0.36,0.38,0.0,0.02,3.0,6.0,3.0,1490.0,1535.0,1656.1214599609375,1680.0,641.0,1546.0
129058,16F90,300,5.0,6.0,B,0.02,0.36,0.38,0.0,0.02,1.0,2.0,57.0,1490.0,1535.0,1660.07861328125,1683.0,0.0,1551.0
129057,A63F7,300,4.0,6.0,V,0.01,0.41,0.43,0.014,0.02,1.0,5.0,38.0,1475.0,1525.0,1648.3699951171875,1657.0,0.0,1544.0
129056,A63F7,300,3.0,6.0,V,0.01,0.41,0.43,0.014,0.02,2.0,7.0,47.0,1475.0,1525.0,1638.6619873046875,1644.0,300.0,1519.0
129055,44D42,300,2.0,6.0,V,0.01,0.34,0.37,0.01,0.02,2.0,4.0,29.0,1489.0,1534.0,1653.431640625,1663.0,310.0,1546.0
129054,BCEE1,300,1.0,6.0,X,0.02,0.23,0.25,0.0,0.017,2.0,6.0,2.0,1497.0,1537.0,1671.68701171875,1693.0,344.0,1540.0
129053,EA23B,300,6.0,6.0,V,0.01,0.36,0.4,0.013,0.05,1.0,17.0,24.0,1480.0,1540.0,1667.3697509765625,1682.0,0.0,1554.0
129052,EA23B,300,5.0,6.0,V,0.01,0.36,0.4,0.013,0.05,1.0,7.0,46.0,1480.0,1540.0,1662.28173828125,1675.0,0.0,1544.0
129051,EA23B,300,4.0,6.0,V,0.01,0.36,0.4,0.013,0.05,1.0,4.0,28.0,1480.0,1540.0,1664.6968994140625,1680.0,0.0,1550.0
129050,F4A5E,300,3.0,6.0,V,0.01,0.35,0.37,0.01,0.045,1.0,2.0,56.0,1482.0,1532.0,1649.40234375,1676.0,0.0,1530.0
129049,F4A5E,300,2.0,6.0,V,0.01,0.35,0.37,0.01,0.045,1.0,6.0,1.0,1482.0,1532.0,1661.78662109375,1676.0,0.0,1540.0
129048,F4A5E,300,3.0,7.0,V,0.01,0.35,0.37,0.01,0.045,23.0,5.0,38.0,1482.0,1532.0,1641.849853515625,1648.0,7124.0,1541.0
129047,F4A5E,300,2.0,7.0,V,0.01,0.35,0.37,0.01,0.045,18.0,17.0,22.0,1482.0,1532.0,1642.4169921875,1640.0,5256.0,1537.0
129046,A72C7,300,1.0,7.0,X,0.015,0.41,0.43,0.0,0.015,5.0,4.0,27.0,1481.0,1526.0,1656.74951171875,1651.0,1135.0,1537.0
129045,889AE,300,4.0,4.0,B,0.02,0.16,0.18,0.012,0.01,5.0,7.0,45.0,1507.0,1532.0,1641.2574462890625,1637.0,1148.0,1549.0
129044,889AE,300,3.0,4.0,B,0.02,0.16,0.18,0.012,0.01,22.0,2.0,55.0,1507.0,1532.0,1637.5599365234375,1639.0,6987.0,1541.0
129043,889AE,300,2.0,4.0,B,0.02,0.16,0.18,0.012,0.01,22.0,5.0,37.0,1507.0,1532.0,1637.678955078125,1643.0,6847.0,1546.0
129042,889AE,300,1.0,4.0,B,0.02,0.16,0.18,0.012,0.01,17.0,17.0,21.0,1507.0,1532.0,1671.32080078125,1676.0,4984.0,1550.0
129041,7FEAB,300,6.0,6.0,X,0.02,0.19,0.21,0.009,0.02,4.0,4.0,26.0,1506.0,1546.0,1661.828857421875,1666.0,861.0,1554.0
129040,7FEAB,300,5.0,6.0,X,0.02,0.19,0.21,0.009,0.02,4.0,7.0,44.0,1506.0,1546.0,1657.98974609375,1661.0,877.0,1563.0
129039,7FEAB,300,4.0,6.0,X,0.02,0.19,0.21,0.009,0.02,21.0,2.0,54.0,1506.0,1546.0,1657.9356689453125,1666.0,6717.0,1549.0
129038,7FEAB,300,3.0,6.0,X,0.02,0.19,0.21,0.009,0.02,21.0,5.0,36.0,1506.0,1546.0,1657.876220703125,1665.0,6576.0,1551.0
129037,D398B,300,2.0,6.0,X,0.02,0.2,0.22,0.009,0.02,16.0,17.0,20.0,1506.0,1551.0,1665.1788330078125,1674.0,4716.0,1558.0
129036,D398B,300,1.0,6.0,X,0.02,0.2,0.22,0.009,0.02,3.0,4.0,25.0,1506.0,1551.0,1692.641845703125,1684.0,593.0,1556.0
129035,E86A6,300,7.0,7.0,X,0.018,0.28,0.31,0.007,0.015,3.0,7.0,43.0,1497.0,1537.0,1651.6693115234375,1658.0,596.0,1551.0
129034,E86A6,300,6.0,7.0,X,0.018,0.28,0.31,0.007,0.015,20.0,2.0,53.0,1497.0,1537.0,1652.369384765625,1650.0,6425.0,1549.0
129033,E86A6,300,5.0,7.0,X,0.018,0.28,0.31,0.007,0.015,20.0,5.0,35.0,1497.0,1537.0,1646.999267578125,1643.0,6286.0,1537.0
129032,E86A6,300,4.0,7.0,X,0.018,0.28,0.31,0.007,0.015,15.0,17.0,19.0,1497.0,1537.0,1646.5799560546875,1655.0,4423.0,1537.0
129031,E86A6,300,3.0,7.0,X,0.018,0.28,0.31,0.007,0.015,2.0,4.0,24.0,1497.0,1537.0,1648.2010498046875,1660.0,297.0,1543.0
129030,E86A6,300,2.0,7.0,X,0.018,0.28,0.31,0.007,0.015,2.0,7.0,42.0,1497.0,1537.0,1648.6563720703125,1666.0,312.0,1546.0
129029,E86A6,300,1.0,7.0,X,0.018,0.28,0.31,0.007,0.015,19.0,2.0,52.0,1497.0,1537.0,1664.7822265625,1679.0,6138.0,1539.0
129028,E86A6,300,8.0,8.0,X,0.018,0.28,0.31,0.007,0.015,19.0,5.0,34.0,1497.0,1537.0,1654.1361083984375,1646.0,5999.0,1552.0
129027,E86A6,300,7.0,8.0,X,0.018,0.28,0.31,0.007,0.015,14.0,17.0,18.0,1497.0,1537.0,1650.793701171875,1653.0,4133.0,1550.0
129026,E86A6,300,6.0,8.0,X,0.018,0.28,0.31,0.007,0.015,1.0,4.0,23.0,1497.0,1537.0,1658.9708251953125,1678.0,0.0,1557.0
129025,E86A6,300,5.0,8.0,X,0.018,0.28,0.31,0.007,0.015,1.0,7.0,41.0,1497.0,1537.0,1664.682373046875,1674.0,0.0,1553.0
129024,E86A6,300,4.0,8.0,X,0.018,0.28,0.31,0.007,0.015,18.0,2.0,51.0,1497.0,1537.0,1650.6910400390625,1656.0,5826.0,1546.0
129023,E86A6,300,3.0,8.0,X,0.018,0.28,0.31,0.007,0.015,18.0,5.0,33.0,1497.0,1537.0,1648.7882080078125,1645.0,5544.0,1551.0
129022,E86A6,300,1.0,7.0,X,0.018,0.28,0.31,0.007,0.015,13.0,17.0,17.0,1497.0,1537.0,1664.9908447265625,1668.0,3677.0,1565.0
129021,9C4F0,300,7.0,7.0,X,0.015,0.18,0.23,0.01,0.0,15.0,16.0,59.0,1504.0,1544.0,1656.2562255859375,1661.0,4590.0,1557.0
129020,A7B3C,300,6.0,7.0,X,0.025,0.2,0.23,0.01,0.01,12.0,4.0,22.0,1504.0,1549.0,1662.9241943359375,1666.0,3371.0,1552.0
129019,FE39B,300,5.0,7.0,X,0.02,0.21,0.23,0.0,0.02,17.0,2.0,50.0,1503.0,1548.0,1657.205810546875,1664.0,5409.0,1555.0
129018,FE39B,300,4.0,7.0,X,0.02,0.21,0.23,0.0,0.02,17.0,5.0,32.0,1503.0,1548.0,1660.0057373046875,1661.0,5270.0,1554.0
129017,FE39B,300,3.0,7.0,X,0.02,0.21,0.23,0.0,0.02,12.0,17.0,16.0,1503.0,1548.0,1656.6514892578125,1659.0,3402.0,1557.0
129016,FE39B,300,2.0,7.0,X,0.02,0.21,0.23,0.0,0.02,14.0,16.0,58.0,1503.0,1548.0,1660.5401611328125,1664.0,4312.0,1552.0
129015,FE39B,300,1.0,7.0,X,0.02,0.21,0.23,0.0,0.02,11.0,4.0,21.0,1503.0,1548.0,1685.8372802734375,1688.0,3097.0,1543.0
129014,1697B,300,7.0,7.0,X,0.02,0.18,0.22,0.009,0.015,16.0,2.0,49.0,1501.0,1536.0,1648.23193359375,1653.0,5137.0,1548.0
129013,AA222,300,6.0,7.0,X,0.018,0.19,0.22,0.0,0.025,16.0,5.0,31.0,1502.0,1552.0,1668.445556640625,1667.0,4996.0,1563.0
129012,AA222,300,5.0,7.0,X,0.018,0.19,0.22,0.0,0.025,11.0,17.0,15.0,1502.0,1552.0,1667.972412109375,1677.0,3132.0,1562.0
129011,AA222,300,4.0,7.0,X,0.018,0.19,0.22,0.0,0.025,13.0,16.0,57.0,1502.0,1552.0,1667.5068359375,1668.0,4034.0,1556.0
129010,AA222,300,3.0,7.0,X,0.018,0.19,0.22,0.0,0.025,10.0,4.0,20.0,1502.0,1552.0,1669.2523193359375,1675.0,2807.0,1558.0
129009,3575C,300,2.0,7.0,X,0.015,0.19,0.22,0.005,0.03,15.0,2.0,48.0,1500.0,1540.0,1652.102294921875,1656.0,4841.0,1542.0
129008,48809,300,1.0,7.0,X,0.02,0.16,0.18,0.01,0.01,15.0,5.0,30.0,1503.0,1543.0,1673.6533203125,1683.0,4634.0,1553.0
129007,8F8C3,300,7.0,7.0,X,0.015,0.19,0.22,0.009,0.025,10.0,17.0,14.0,1502.0,1537.0,1651.1331787109375,1658.0,2763.0,1549.0
129006,3B8B5,300,6.0,7.0,X,0.02,0.17,0.2,0.01,0.02,12.0,16.0,56.0,1500.0,1540.0,1653.390625,1662.0,3677.0,1549.0
129005,E60DC,300,5.0,7.0,X,0.02,0.18,0.2,0.01,0.0,9.0,4.0,19.0,1504.0,1539.0,1656.015625,1655.0,2446.0,1546.0
129004,E60DC,300,4.0,7.0,X,0.02,0.18,0.2,0.01,0.0,14.0,2.0,47.0,1504.0,1539.0,1650.4849853515625,1654.0,4481.0,1543.0
129003,E60DC,300,3.0,7.0,X,0.02,0.18,0.2,0.01,0.0,14.0,5.0,29.0,1504.0,1539.0,1651.887451171875,1651.0,4323.0,1543.0
129002,E60DC,300,2.0,7.0,X,0.02,0.18,0.2,0.01,0.0,9.0,17.0,13.0,1504.0,1539.0,1652.171630859375,1659.0,2450.0,1546.0
129001,E60DC,300,1.0,7.0,X,0.02,0.18,0.2,0.01,0.0,11.0,16.0,55.0,1504.0,1539.0,1676.183837890625,1676.0,3355.0,1553.0
129000,3C3CF,300,2.0,2.0,X,0.01,0.25,0.28,0.006,0.015,8.0,4.0,18.0,1494.0,1534.0,1646.2567138671875,1665.0,2061.0,1547.0
128999,1B622,300,1.0,2.0,X,0.005,0.2,0.24,0.0,0.0,13.0,2.0,46.0,1494.0,1534.0,1666.5062255859375,1673.0,4098.0,1549.0
128998,E7641,300,7.0,7.0,X,0.015,0.58,0.62,0.0,0.0,13.0,5.0,28.0,1480.0,1520.0,1626.1707763671875,1632.0,3952.0,1529.0
128997,E7641,300,6.0,7.0,X,0.015,0.58,0.62,0.0,0.0,8.0,17.0,12.0,1480.0,1520.0,1622.3623046875,1627.0,2087.0,1523.0
128996,E7641,300,5.0,7.0,X,0.015,0.58,0.62,0.0,0.0,10.0,16.0,54.0,1480.0,1520.0,1626.6868896484375,1615.0,3002.0,1527.0
128995,4B82B,300,4.0,7.0,X,0.02,0.3,0.33,0.006,0.02,7.0,4.0,17.0,1495.0,1540.0,1638.0191650390625,1650.0,1784.0,1543.0
128994,4B82B,300,3.0,7.0,X,0.02,0.3,0.33,0.006,0.02,12.0,2.0,45.0,1495.0,1540.0,1641.369873046875,1650.0,3815.0,1542.0
128993,4B82B,300,2.0,7.0,X,0.02,0.3,0.33,0.006,0.02,12.0,5.0,27.0,1495.0,1540.0,1639.54052734375,1639.0,3664.0,1555.0
128992,4B82B,300,1.0,7.0,X,0.02,0.3,0.33,0.006,0.02,7.0,17.0,11.0,1495.0,1540.0,1669.50634765625,1669.0,1797.0,1556.0
128991,5F0F6,300,8.0,8.0,X,0.005,0.42,0.44,0.0,0.028,9.0,16.0,53.0,1487.0,1527.0,1645.4869384765625,1654.0,2713.0,1535.0
128990,5F0F6,300,7.0,8.0,X,0.005,0.42,0.44,0.0,0.028,6.0,4.0,16.0,1487.0,1527.0,1645.1361083984375,1650.0,1499.0,1528.0
128989,FC570,300,6.0,8.0,X,0.02,0.15,0.19,0.008,0.01,11.0,2.0,44.0,1507.0,1547.0,1668.1744384765625,1675.0,3544.0,1552.0
128988,CA2FD,300,5.0,8.0,X,0.02,0.15,0.17,0.009,0.02,11.0,5.0,26.0,1507.0,1552.0,1674.10009765625,1674.0,3410.0,1563.0
128987,CA2FD,300,4.0,8.0,X,0.02,0.15,0.17,0.009,0.02,6.0,17.0,10.0,1507.0,1552.0,1672.9898681640625,1673.0,1548.0,1555.0
128986,CA2FD,300,3.0,8.0,X,0.02,0.15,0.17,0.009,0.02,8.0,16.0,52.0,1507.0,1552.0,1669.263916015625,1686.0,2461.0,1555.0
128985,CA2FD,300,2.0,8.0,X,0.02,0.15,0.17,0.009,0.02,5.0,4.0,15.0,1507.0,1552.0,1665.1871337890625,1678.0,1237.0,1544.0
128984,80160,300,1.0,8.0,X,0.015,0.4,0.45,0.0,0.02,10.0,2.0,43.0,1487.0,1522.0,1654.0772705078125,1657.0,3275.0,1530.0
128983,E109B,300,6.0,6.0,X,0.02,0.2,0.22,0.0,0.02,10.0,5.0,25.0,1502.0,1542.0,1662.9881591796875,1671.0,3137.0,1548.0
128982,87A17,300,5.0,6.0,X,0.022,0.2,0.22,0.0,0.02,5.0,17.0,9.0,1505.0,1535.0,0.0,1664.0,1272.0,1542.0
128981,FEDC9,300,4.0,6.0,X,0.02,0.17,0.19,0.01,0.01,7.0,16.0,51.0,1506.0,1551.0,0.0,1671.0,2188.0,1547.0
128980,8E733,300,3.0,6.0,X,0.02,0.19,0.22,0.01,0.02,4.0,4.0,14.0,1506.0,1546.0,1666.9710693359375,1670.0,971.0,1538.0
128979,8E733,300,2.0,6.0,X,0.02,0.19,0.22,0.01,0.02,9.0,2.0,42.0,1506.0,1546.0,1656.5042724609375,1667.0,3003.0,
128978,8E733,300,1.0,6.0,X,0.02,0.19,0.22,0.01,0.02,9.0,5.0,24.0,1506.0,1546.0,1677.601318359375,1677.0,2864.0,1543.0
128977,5692D,300,6.0,6.0,X,0.015,0.39,0.41,0.0,0.01,4.0,17.0,8.0,1486.0,1521.0,1629.5438232421875,1643.0,989.0,1546.0
128976,57414,300,5.0,6.0,X,0.01,0.38,0.43,0.0,0.02,6.0,16.0,50.0,1486.0,1526.0,1635.5111083984375,1641.0,1896.0,1529.0
128975,57414,300,4.0,6.0,X,0.01,0.38,0.43,0.0,0.02,3.0,4.0,13.0,1486.0,1526.0,1635.76953125,1633.0,670.0,1538.0
128974,57414,300,3.0,6.0,X,0.01,0.38,0.43,0.0,0.02,8.0,2.0,41.0,1486.0,1526.0,1638.5623779296875,1633.0,2709.0,1540.0
128973,57414,300,2.0,6.0,X,0.01,0.38,0.43,0.0,0.02,8.0,5.0,23.0,1486.0,1526.0,1636.0408935546875,1638.0,2567.0,1534.0
128972,B3CD5,300,1.0,6.0,X,0.015,0.41,0.44,0.0,0.02,3.0,17.0,7.0,1484.0,1519.0,1652.27099609375,1673.0,692.0,1529.0
128971,B248F,300,4.0,4.0,X,0.0,0.93,0.97,0.0,0.0,5.0,16.0,49.0,1462.0,1488.0,1615.8359375,1620.0,1599.0,1496.0
128970,C635C,300,3.0,4.0,X,0.0,0.9,0.94,0.0,0.0,2.0,4.0,12.0,1460.0,1485.0,1614.08544921875,1623.0,371.0,1500.0
128969,C635C,300,2.0,4.0,X,0.0,0.9,0.94,0.0,0.0,7.0,2.0,40.0,1460.0,1485.0,1606.0274658203125,1616.0,2411.0,1497.0
128968,C635C,300,1.0,4.0,X,0.0,0.9,0.94,0.0,0.0,7.0,5.0,22.0,1460.0,1485.0,1619.22412109375,1622.0,2268.0,1486.0
128967,889AE,300,4.0,4.0,B,0.02,0.16,0.18,0.012,0.01,2.0,17.0,6.0,1507.0,1532.0,1641.5062255859375,1654.0,306.0,1531.0
128966,889AE,300,3.0,4.0,B,0.02,0.16,0.18,0.012,0.01,4.0,16.0,48.0,1507.0,1532.0,1642.3079833984375,1646.0,1217.0,1534.0
128965,889AE,300,2.0,4.0,B,0.02,0.16,0.18,0.012,0.01,1.0,4.0,11.0,1507.0,1532.0,1657.978759765625,1664.0,0.0,1551.0
128964,889AE,300,1.0,4.0,B,0.02,0.16,0.18,0.012,0.01,6.0,2.0,39.0,1507.0,1532.0,1672.4136962890625,1674.0,2029.0,1536.0
128963,E2E8F,300,3.0,3.0,X,0.0,0.85,0.95,0.0,0.0,6.0,5.0,21.0,1465.0,1490.0,1607.052001953125,1612.0,1879.0,1499.0
128962,E2E8F,300,2.0,3.0,X,0.0,0.85,0.95,0.0,0.0,1.0,17.0,5.0,1465.0,1490.0,1631.2344970703125,1633.0,0.0,1500.0
128961,E2E8F,300,3.0,5.0,X,0.0,0.85,0.95,0.0,0.0,3.0,16.0,47.0,1465.0,1490.0,1604.9886474609375,1618.0,750.0,1496.0
128960,E2E8F,300,2.0,5.0,X,0.0,0.85,0.95,0.0,0.0,5.0,5.0,20.0,1465.0,1490.0,1607.5777587890625,1617.0,1537.0,1492.0
128959,E2E8F,300,1.0,5.0,X,0.0,0.85,0.95,0.0,0.0,5.0,2.0,38.0,1465.0,1490.0,1620.5675048828125,1616.0,1462.0,1495.0
128958,E2E8F,300,5.0,10.0,X,0.0,0.85,0.95,0.0,0.0,2.0,16.0,46.0,1465.0,1490.0,1610.3575439453125,1613.0,383.0,1491.0
128957,E2E8F,300,4.0,10.0,X,0.0,0.85,0.95,0.0,0.0,4.0,4.0,10.0,1465.0,1490.0,1608.77978515625,1612.0,1012.0,1498.0
128956,E2E8F,300,3.0,10.0,X,0.0,0.85,0.95,0.0,0.0,4.0,17.0,4.0,1465.0,1490.0,1605.631103515625,1608.0,1008.0,1500.0
128955,E2E8F,300,2.0,10.0,X,0.0,0.85,0.95,0.0,0.0,4.0,5.0,19.0,1465.0,1490.0,1603.8018798828125,1604.0,1044.0,1494.0
128954,E2E8F,300,1.0,10.0,X,0.0,0.85,0.95,0.0,0.0,4.0,2.0,37.0,1465.0,1490.0,1616.0528564453125,1616.0,1017.0,1483.0
128953,E2E8F,300,10.0,10.0,X,0.0,0.85,0.95,0.0,0.0,1.0,16.0,45.0,1465.0,1490.0,1632.6163330078125,1635.0,0.0,1492.0
128952,E2E8F,300,9.0,10.0,X,0.0,0.85,0.95,0.0,0.0,3.0,4.0,9.0,1465.0,1490.0,1610.6151123046875,1614.0,590.0,1500.0
128951,E2E8F,300,8.0,10.0,X,0.0,0.85,0.95,0.0,0.0,3.0,17.0,3.0,1465.0,1490.0,1612.88525390625,1614.0,584.0,1496.0
128950,E2E8F,300,7.0,10.0,X,0.0,0.85,0.95,0.0,0.0,3.0,2.0,36.0,1465.0,1490.0,1611.838623046875,1621.0,708.0,1503.0
128949,E2E8F,300,6.0,10.0,X,0.0,0.85,0.95,0.0,0.0,3.0,5.0,18.0,1465.0,1490.0,1611.486328125,1611.0,563.0,1506.0
128948,E2E8F,300,5.0,10.0,X,0.0,0.85,0.95,0.0,0.0,2.0,4.0,8.0,1465.0,1490.0,1610.6151123046875,1611.0,336.0,1495.0
128947,E2E8F,300,4.0,10.0,X,0.0,0.85,0.95,0.0,0.0,2.0,17.0,2.0,1465.0,1490.0,1617.2750244140625,1631.0,333.0,1499.0
128946,E2E8F,300,3.0,10.0,X,0.0,0.85,0.95,0.0,0.0,2.0,2.0,35.0,1465.0,1490.0,1606.6033935546875,1610.0,430.0,1492.0
128945,E2E8F,300,2.0,10.0,X,0.0,0.85,0.95,0.0,0.0,2.0,5.0,17.0,1465.0,1490.0,1610.0064697265625,1608.0,236.0,1502.0
128944,E2E8F,300,4.0,4.0,X,0.0,0.85,0.95,0.0,0.0,1.0,4.0,7.0,1465.0,1490.0,1632.2630615234375,1643.0,0.0,1512.0
128943,E2E8F,300,3.0,4.0,X,0.0,0.85,0.95,0.0,0.0,1.0,17.0,1.0,1465.0,1490.0,1635.5211181640625,1639.0,0.0,1498.0
128942,E2E8F,300,2.0,4.0,X,0.0,0.85,0.95,0.0,0.0,1.0,5.0,16.0,1465.0,1490.0,1630.2125244140625,1643.0,0.0,1482.0
128941,E2E8F,300,1.0,4.0,X,0.0,0.85,0.95,0.0,0.0,1.0,2.0,34.0,1465.0,1490.0,1645.220458984375,1633.0,0.0,1508.0
128940,E2E8F,300,6.0,6.0,X,0.0,0.85,0.95,0.0,0.0,5.0,7.0,40.0,1465.0,1490.0,1611.3760986328125,1613.0,1148.0,1491.0
128939,E2E8F,300,5.0,10.0,X,0.0,0.85,0.95,0.0,0.0,15.0,5.0,15.0,1465.0,1490.0,1603.51123046875,1606.0,4349.0,1499.0
128938,E2E8F,300,4.0,10.0,X,0.0,0.85,0.95,0.0,0.0,6.0,4.0,6.0,1465.0,1490.0,1605.7384033203125,1611.0,1489.0,1485.0
128937,E2E8F,300,3.0,10.0,X,0.0,0.85,0.95,0.0,0.0,13.0,16.0,44.0,1465.0,1490.0,1606.3988037109375,1616.0,3467.0,1497.0
128936,E2E8F,300,2.0,10.0,X,0.0,0.85,0.95,0.0,0.0,13.0,2.0,33.0,1465.0,1490.0,1605.98046875,1603.0,3474.0,1499.0
128935,E2E8F,300,1.0,10.0,X,0.0,0.85,0.95,0.0,0.0,4.0,7.0,39.0,1465.0,1490.0,1615.462646484375,1608.0,824.0,1485.0
128934,E2E8F,300,10.0,10.0,X,0.0,0.85,0.95,0.0,0.0,14.0,5.0,14.0,1465.0,1490.0,1609.9296875,1610.0,4022.0,1498.0
128933,E2E8F,300,9.0,10.0,X,0.0,0.85,0.95,0.0,0.0,5.0,4.0,5.0,1465.0,1490.0,1605.6444091796875,1603.0,1149.0,1498.0
128932,E2E8F,300,8.0,10.0,X,0.0,0.85,0.95,0.0,0.0,12.0,16.0,43.0,1465.0,1490.0,1606.3934326171875,1605.0,3153.0,1495.0
128931,E2E8F,300,7.0,10.0,X,0.0,0.85,0.95,0.0,0.0,12.0,2.0,32.0,1465.0,1490.0,1605.206298828125,1603.0,3163.0,1491.0
128930,E2E8F,300,6.0,10.0,X,0.0,0.85,0.95,0.0,0.0,3.0,7.0,38.0,1465.0,1490.0,1605.200927734375,1603.0,517.0,1492.0
128929,E2E8F,300,5.0,10.0,X,0.0,0.85,0.95,0.0,0.0,13.0,5.0,13.0,1465.0,1490.0,1604.8902587890625,1608.0,3710.0,1491.0
128928,E2E8F,300,4.0,10.0,X,0.0,0.85,0.95,0.0,0.0,4.0,4.0,4.0,1465.0,1490.0,1606.7967529296875,1610.0,845.0,1497.0
128927,E2E8F,300,3.0,10.0,X,0.0,0.85,0.95,0.0,0.0,11.0,16.0,42.0,1465.0,1490.0,1604.02490234375,1608.0,2854.0,1498.0
128926,E2E8F,300,2.0,10.0,X,0.0,0.85,0.95,0.0,0.0,11.0,2.0,31.0,1465.0,1490.0,1604.0738525390625,1604.0,2863.0,1498.0
128925,E2E8F,300,1.0,10.0,X,0.0,0.85,0.95,0.0,0.0,2.0,7.0,37.0,1465.0,1490.0,1617.784423828125,1626.0,226.0,1500.0
128924,2719F,300,7.0,7.0,V,0.01,0.39,0.41,0.0,0.0,12.0,5.0,12.0,1482.0,1522.0,1634.7205810546875,1646.0,3425.0,1538.0
128923,E483A,300,6.0,7.0,X,0.02,0.21,0.23,0.009,0.025,3.0,4.0,3.0,1500.0,1540.0,1663.929931640625,1667.0,562.0,1551.0
128922,7FEAB,300,5.0,7.0,X,0.02,0.19,0.21,0.009,0.02,10.0,16.0,41.0,1506.0,1546.0,1657.160888671875,1666.0,2569.0,1559.0
128921,7FEAB,300,4.0,7.0,X,0.02,0.19,0.21,0.009,0.02,1.0,7.0,36.0,1506.0,1546.0,1681.402587890625,1686.0,0.0,1567.0
128920,7FEAB,300,3.0,7.0,X,0.02,0.19,0.21,0.009,0.02,10.0,2.0,30.0,1506.0,1546.0,1662.1182861328125,1673.0,2527.0,1557.0
128919,7FEAB,300,2.0,7.0,X,0.02,0.19,0.21,0.009,0.02,11.0,5.0,11.0,1506.0,1546.0,1666.2281494140625,1671.0,3129.0,1558.0
128918,7FEAB,300,1.0,7.0,X,0.02,0.19,0.21,0.009,0.02,2.0,4.0,2.0,1506.0,1546.0,1707.0028076171875,1711.0,267.0,1564.0
128917,7FEAB,300,5.0,5.0,X,0.02,0.19,0.21,0.009,0.02,9.0,16.0,40.0,1506.0,1546.0,1663.6580810546875,1683.0,2278.0,1551.0
128916,7FEAB,300,4.0,5.0,X,0.02,0.19,0.21,0.009,0.02,9.0,2.0,29.0,1506.0,1546.0,1659.3985595703125,1675.0,2299.0,1546.0
128915,7FEAB,300,3.0,5.0,X,0.02,0.19,0.21,0.009,0.02,17.0,15.0,63.0,1506.0,1546.0,1657.2900390625,1665.0,4912.0,1541.0
128914,7FEAB,300,2.0,5.0,X,0.02,0.19,0.21,0.009,0.02,10.0,5.0,10.0,1506.0,1546.0,1656.381103515625,1659.0,2862.0,1548.0
128913,7FEAB,300,1.0,5.0,X,0.02,0.19,0.21,0.009,0.02,1.0,4.0,1.0,1506.0,1546.0,1718.6455078125,1732.0,0.0,1567.0
128912,CA2FD,300,8.0,8.0,X,0.02,0.15,0.17,0.009,0.02,8.0,16.0,39.0,1507.0,1552.0,1655.9132080078125,1673.0,2011.0,1561.0
128911,CA2FD,300,7.0,8.0,X,0.02,0.15,0.17,0.009,0.02,8.0,2.0,28.0,1507.0,1552.0,1655.3680419921875,1680.0,2035.0,1556.0
128910,CA2FD,300,6.0,8.0,X,0.02,0.15,0.17,0.009,0.02,16.0,15.0,62.0,1507.0,1552.0,1662.478271484375,1664.0,4638.0,1556.0
128909,CA2FD,300,5.0,8.0,X,0.02,0.15,0.17,0.009,0.02,9.0,5.0,9.0,1507.0,1552.0,1668.409423828125,1664.0,2590.0,1551.0
128908,CA2FD,300,4.0,8.0,X,0.02,0.15,0.17,0.009,0.02,7.0,16.0,38.0,1507.0,1552.0,1658.9093017578125,1668.0,1790.0,1556.0
128907,CA2FD,300,3.0,8.0,X,0.02,0.15,0.17,0.009,0.02,7.0,2.0,27.0,1507.0,1552.0,1665.917724609375,1669.0,1804.0,1560.0
128906,CA2FD,300,2.0,8.0,X,0.02,0.15,0.17,0.009,0.02,7.0,7.0,35.0,1507.0,1552.0,1668.0992431640625,1674.0,1952.0,1560.0
128905,CA2FD,300,1.0,8.0,X,0.02,0.15,0.17,0.009,0.02,15.0,15.0,61.0,1507.0,1552.0,1679.1199951171875,1679.0,4345.0,1566.0
128904,889AE,300,4.0,4.0,B,0.02,0.16,0.18,0.012,0.01,6.0,16.0,37.0,1507.0,1532.0,1642.386962890625,1649.0,1553.0,1533.0
128903,889AE,300,3.0,4.0,B,0.02,0.16,0.18,0.012,0.01,6.0,2.0,26.0,1507.0,1532.0,1641.6463623046875,1650.0,1577.0,1538.0
128902,889AE,300,2.0,4.0,B,0.02,0.16,0.18,0.012,0.01,8.0,5.0,8.0,1507.0,1532.0,1641.5264892578125,1646.0,2198.0,1532.0
128901,889AE,300,1.0,4.0,B,0.02,0.16,0.18,0.012,0.01,6.0,7.0,34.0,1507.0,1532.0,1676.1607666015625,1677.0,1673.0,1528.0
128900,3EFD8,300,8.0,8.0,X,0.005,0.33,0.36,0.0,0.02,14.0,15.0,60.0,1490.0,1535.0,1657.728759765625,1661.0,4083.0,1533.0
128899,37C6E,300,7.0,8.0,X,0.02,0.17,0.2,0.009,0.02,5.0,16.0,36.0,1502.0,1542.0,1663.8125,1670.0,1293.0,1543.0
128898,77C04,300,6.0,8.0,X,0.02,0.17,0.22,0.01,0.01,5.0,2.0,25.0,1502.0,1547.0,1672.886474609375,1678.0,1320.0,1554.0
128897,77C04,300,5.0,8.0,X,0.02,0.17,0.22,0.01,0.01,7.0,5.0,7.0,1502.0,1547.0,1662.963134765625,1679.0,1940.0,1545.0
128896,77C04,300,4.0,8.0,X,0.02,0.17,0.22,0.01,0.01,5.0,7.0,33.0,1502.0,1547.0,1660.00146484375,1678.0,1413.0,1548.0
128895,77C04,300,3.0,8.0,X,0.02,0.17,0.22,0.01,0.01,13.0,15.0,59.0,1502.0,1547.0,1660.00146484375,1663.0,3813.0,1555.0
128894,87A17,300,2.0,8.0,X,0.022,0.2,0.22,0.0,0.02,4.0,16.0,35.0,1505.0,1535.0,1651.7454833984375,1654.0,1017.0,1546.0
128893,87A17,300,1.0,8.0,X,0.022,0.2,0.22,0.0,0.02,4.0,2.0,24.0,1505.0,1535.0,1665.8858642578125,1665.0,1039.0,1547.0
128892,5F0F6,300,8.0,8.0,X,0.005,0.42,0.44,0.0,0.028,6.0,5.0,6.0,1487.0,1527.0,1638.3291015625,1639.0,1656.0,1522.0
128891,5F0F6,300,7.0,8.0,X,0.005,0.42,0.44,0.0,0.028,4.0,7.0,32.0,1487.0,1527.0,1635.83203125,1639.0,1122.0,1531.0
128890,5F0F6,300,6.0,8.0,X,0.005,0.42,0.44,0.0,0.028,12.0,15.0,58.0,1487.0,1527.0,1636.6065673828125,1647.0,3530.0,1529.0
128889,FC570,300,5.0,8.0,X,0.02,0.15,0.19,0.008,0.01,3.0,16.0,34.0,1507.0,1547.0,1660.3006591796875,1663.0,736.0,1564.0
128888,CE16F,300,4.0,8.0,X,0.02,0.15,0.17,0.008,0.02,3.0,2.0,23.0,1507.0,1552.0,1670.4085693359375,1670.0,755.0,1564.0
128887,FA128,300,3.0,8.0,X,0.02,0.18,0.21,0.009,0.02,5.0,5.0,5.0,1504.0,1544.0,1659.55859375,1663.0,1368.0,1534.0
128886,FA128,300,2.0,8.0,X,0.02,0.18,0.21,0.009,0.02,3.0,7.0,31.0,1504.0,1544.0,1659.718017578125,1659.0,814.0,1548.0
128885,FA128,300,1.0,8.0,X,0.02,0.18,0.21,0.009,0.02,11.0,15.0,57.0,1504.0,1544.0,1674.0413818359375,1677.0,3082.0,1554.0
128884,889AE,300,4.0,4.0,B,0.02,0.16,0.18,0.012,0.01,2.0,16.0,33.0,1507.0,1532.0,1637.4295654296875,1672.0,288.0,1533.0
128883,889AE,300,3.0,4.0,B,0.02,0.16,0.18,0.012,0.01,2.0,2.0,22.0,1507.0,1532.0,1637.8280029296875,1647.0,310.0,1541.0
128882,889AE,300,2.0,4.0,B,0.02,0.16,0.18,0.012,0.01,4.0,5.0,4.0,1507.0,1532.0,1639.9154052734375,1651.0,930.0,1532.0
128881,889AE,300,1.0,4.0,B,0.02,0.16,0.18,0.012,0.01,2.0,7.0,30.0,1507.0,1532.0,1662.79638671875,1673.0,394.0,1531.0
128880,0BFF6,300,6.0,6.0,X,0.0,0.93,1.0,0.006,0.0,10.0,15.0,56.0,1462.0,1488.0,1606.6578369140625,1615.0,2802.0,1511.0
128879,0BFF6,300,5.0,6.0,X,0.0,0.93,1.0,0.006,0.0,1.0,16.0,32.0,1462.0,1488.0,1630.6551513671875,1630.0,0.0,1508.0
128878,0BFF6,300,4.0,6.0,X,0.0,0.93,1.0,0.006,0.0,1.0,2.0,21.0,1462.0,1488.0,1628.1630859375,1634.0,0.0,1521.0
128877,0BFF6,300,3.0,6.0,X,0.0,0.93,1.0,0.006,0.0,3.0,5.0,3.0,1462.0,1488.0,1610.2354736328125,1624.0,614.0,1495.0
128876,0BFF6,300,2.0,6.0,X,0.0,0.93,1.0,0.006,0.0,9.0,15.0,55.0,1462.0,1488.0,1609.9688720703125,1616.0,2539.0,1499.0
128875,EB041,300,1.0,6.0,X,0.0,0.94,1.0,0.0,0.0,1.0,7.0,29.0,1463.0,1489.0,1644.0634765625,1642.0,0.0,1516.0
128874,5692D,300,7.0,7.0,X,0.015,0.39,0.41,0.0,0.01,8.0,8.0,63.0,1486.0,1521.0,1632.603271484375,1642.0,2068.0,1534.0
128873,57414,300,6.0,7.0,X,0.01,0.38,0.43,0.0,0.02,2.0,5.0,2.0,1486.0,1526.0,1650.8021240234375,1660.0,280.0,1517.0
128872,57414,300,5.0,7.0,X,0.01,0.38,0.43,0.0,0.02,8.0,16.0,31.0,1486.0,1526.0,1637.1446533203125,1650.0,2166.0,1523.0
128871,57414,300,4.0,7.0,X,0.01,0.38,0.43,0.0,0.02,9.0,2.0,20.0,1486.0,1526.0,1642.952392578125,1652.0,2221.0,1531.0
128870,57414,300,3.0,7.0,X,0.01,0.38,0.43,0.0,0.02,8.0,15.0,54.0,1486.0,1526.0,1650.1148681640625,1654.0,2109.0,1522.0
128869,B3CD5,300,2.0,7.0,X,0.015,0.41,0.44,0.0,0.02,7.0,8.0,62.0,1484.0,1519.0,1628.8040771484375,1638.0,1784.0,1524.0
128868,B3CD5,300,1.0,7.0,X,0.015,0.41,0.44,0.0,0.02,1.0,5.0,1.0,1484.0,1519.0,1674.6873779296875,1677.0,0.0,1533.0
128867,8E733,300,6.0,6.0,X,0.02,0.19,0.22,0.01,0.02,7.0,16.0,30.0,1506.0,1546.0,1665.216796875,1667.0,1889.0,1551.0
128866,8E733,300,5.0,6.0,X,0.02,0.19,0.22,0.01,0.02,8.0,2.0,19.0,1506.0,1546.0,1663.4427490234375,1666.0,1949.0,1546.0
128865,8E733,300,4.0,6.0,X,0.02,0.19,0.22,0.01,0.02,8.0,7.0,28.0,1506.0,1546.0,1660.7965087890625,1658.0,1975.0,1551.0
128864,8E733,300,3.0,6.0,X,0.02,0.19,0.22,0.01,0.02,7.0,15.0,53.0,1506.0,1546.0,1658.896728515625,1659.0,1783.0,1548.0
128863,8E733,300,2.0,6.0,X,0.02,0.19,0.22,0.01,0.02,6.0,8.0,61.0,1506.0,1546.0,1652.637451171875,1665.0,1450.0,1545.0
128862,F7C5E,300,1.0,6.0,X,0.015,0.27,0.29,0.009,0.0,6.0,16.0,29.0,1501.0,1551.0,1706.376953125,1702.0,1608.0,1553.0
128861,60329,300,7.0,7.0,X,0.02,0.22,0.25,0.01,0.015,7.0,2.0,18.0,1501.0,1536.0,1652.6453857421875,1653.0,1660.0,1546.0
128860,E0B89,300,6.0,7.0,X,0.02,0.22,0.25,0.01,0.015,7.0,7.0,27.0,1501.0,1546.0,1658.023193359375,1662.0,1673.0,1545.0
128859,1E6E6,300,5.0,7.0,X,0.025,0.19,0.23,0.01,0.015,6.0,15.0,52.0,1505.0,1545.0,1655.8328857421875,1663.0,1477.0,1556.0
128858,F7AB5,300,4.0,7.0,X,0.015,0.42,0.44,0.0,0.02,5.0,8.0,60.0,1481.0,1526.0,1645.226318359375,1651.0,1148.0,1538.0
128857,734B0,300,3.0,7.0,X,0.01,0.4,0.43,0.0,0.02,5.0,16.0,28.0,1486.0,1526.0,1646.44921875,1655.0,1314.0,1530.0
128856,734B0,300,2.0,7.0,X,0.01,0.4,0.43,0.0,0.02,6.0,2.0,17.0,1486.0,1526.0,1636.688232421875,1653.0,1374.0,1536.0
128855,734B0,300,1.0,7.0,X,0.01,0.4,0.43,0.0,0.02,6.0,7.0,26.0,1486.0,1526.0,1662.055908203125,1656.0,1399.0,1528.0
128854,EB957,300,9.0,9.0,X,0.015,0.53,0.56,0.0,0.01,5.0,15.0,51.0,1486.0,1536.0,1647.2655029296875,1664.0,1202.0,1555.0
128853,EB957,300,8.0,9.0,X,0.015,0.53,0.56,0.0,0.01,4.0,8.0,59.0,1486.0,1536.0,1646.2529296875,1647.0,872.0,1550.0
128852,EB957,300,7.0,9.0,X,0.015,0.53,0.56,0.0,0.01,4.0,16.0,27.0,1486.0,1536.0,1652.8682861328125,1650.0,1035.0,1540.0
128851,EB957,300,6.0,9.0,X,0.015,0.53,0.56,0.0,0.01,5.0,2.0,16.0,1486.0,1536.0,1647.6483154296875,1647.0,1080.0,1543.0
128850,EB957,300,5.0,9.0,X,0.015,0.53,0.56,0.0,0.01,5.0,7.0,25.0,1486.0,1536.0,1646.9495849609375,1650.0,1104.0,1555.0
128849,EB957,300,4.0,9.0,X,0.015,0.53,0.56,0.0,0.01,4.0,15.0,50.0,1486.0,1536.0,1647.580810546875,1650.0,904.0,1541.0
128848,71628,300,3.0,9.0,X,0.02,0.51,0.55,0.0,0.0,3.0,8.0,58.0,1488.0,1533.0,1648.880615234375,1657.0,571.0,1543.0
128847,DE12C,300,2.0,9.0,X,0.02,0.53,0.55,0.0,0.02,4.0,2.0,15.0,1486.0,1536.0,1648.476806640625,1653.0,844.0,1551.0
128846,DE12C,300,1.0,9.0,X,0.02,0.53,0.55,0.0,0.02,4.0,7.0,24.0,1486.0,1536.0,1664.1060791015625,1667.0,866.0,1546.0
128845,B7DF0,300,3.0,3.0,X,0.015,0.38,0.42,0.0,0.02,3.0,16.0,26.0,1486.0,1531.0,1646.1708984375,1648.0,625.0,1539.0
128844,E1B6A,300,2.0,3.0,X,0.02,0.18,0.2,0.0,0.015,3.0,15.0,49.0,1501.0,1546.0,1657.3739013671875,1659.0,618.0,1541.0
128843,4700C,300,1.0,3.0,X,0.005,0.2,0.24,0.0,0.0,2.0,8.0,57.0,1505.0,1545.0,1677.2103271484375,1676.0,294.0,1549.0
128842,A0D69,300,6.0,6.0,X,0.02,0.18,0.21,0.0,0.0,3.0,2.0,14.0,1510.0,1550.0,1656.756103515625,1656.0,569.0,1559.0
128841,A0D69,300,5.0,6.0,X,0.02,0.18,0.21,0.0,0.0,3.0,7.0,23.0,1510.0,1550.0,1663.1781005859375,1663.0,587.0,1558.0
128840,D6B63,300,4.0,6.0,X,0.01,0.05,0.08,0.0,0.0,2.0,16.0,25.0,1527.0,1572.0,1678.4739990234375,1678.0,331.0,1566.0
128839,6D507,300,3.0,6.0,X,0.02,0.27,0.29,0.009,0.02,2.0,15.0,48.0,1500.0,1540.0,1663.6751708984375,1666.0,327.0,1544.0
128838,E1CE3,300,2.0,6.0,X,0.01,0.37,0.39,0.0,0.0,1.0,8.0,56.0,1485.0,1525.0,1654.768798828125,1671.0,0.0,1537.0
128837,4700C,300,6.0,8.0,X,0.005,0.2,0.24,0.0,0.0,2.0,2.0,13.0,1505.0,1545.0,1656.128173828125,1663.0,235.0,1527.0
128836,BCEE1,300,5.0,8.0,X,0.02,0.23,0.25,0.0,0.017,2.0,7.0,22.0,1497.0,1537.0,1643.4185791015625,1647.0,251.0,1542.0
128835,6CBE8,300,4.0,8.0,B,0.01,0.36,0.38,0.0,0.02,1.0,16.0,24.0,1486.0,1526.0,1645.07177734375,1662.0,0.0,1530.0
128834,258E9,300,3.0,8.0,X,0.01,0.32,0.35,0.0,0.0,1.0,15.0,47.0,1488.0,1528.0,1646.949462890625,1657.0,0.0,1530.0
128833,258E9,300,2.0,8.0,X,0.01,0.32,0.35,0.0,0.0,1.0,2.0,12.0,1488.0,1528.0,1645.17333984375,1654.0,0.0,1539.0
128832,258E9,300,1.0,8.0,X,0.01,0.32,0.35,0.0,0.0,1.0,7.0,21.0,1488.0,1528.0,1670.362548828125,1680.0,0.0,1540.0
128831,AB910,150,5.0,5.0,X,0.02,0.4,0.45,0.0,0.02,10.0,8.0,55.0,1483.0,1538.0,1640.4366455078125,1640.0,2692.0,1553.0
128830,AB910,150,4.0,5.0,X,0.02,0.4,0.45,0.0,0.02,11.0,2.0,11.0,1483.0,1538.0,1636.736572265625,1640.0,3209.0,1548.0
128829,AB910,150,3.0,6.0,X,0.02,0.4,0.45,0.0,0.02,24.0,15.0,46.0,1483.0,1538.0,1638.7872314453125,1636.0,7570.0,1547.0
128828,AB910,150,2.0,6.0,X,0.02,0.4,0.45,0.0,0.02,23.0,16.0,23.0,1483.0,1538.0,1640.08984375,1639.0,6884.0,1549.0
128827,AB910,150,1.0,6.0,X,0.02,0.4,0.45,0.0,0.02,9.0,8.0,54.0,1483.0,1538.0,1658.2314453125,1661.0,2440.0,1541.0
128826,CB239,150,5.0,5.0,V,0.0,0.69,0.73,0.012,0.06,10.0,7.0,20.0,1474.0,1509.0,1615.45361328125,1617.0,2853.0,1529.0
128825,11307,150,4.0,5.0,X,0.01,0.45,0.5,0.0,0.02,10.0,2.0,10.0,1480.0,1525.0,1620.2781982421875,1623.0,2921.0,1537.0
128824,A0D69,150,3.0,5.0,X,0.02,0.18,0.21,0.0,0.0,23.0,15.0,45.0,1510.0,1555.0,1658.839111328125,1662.0,7285.0,1561.0
128823,2737C,150,2.0,5.0,X,0.005,0.45,0.49,0.0,0.015,22.0,16.0,22.0,1480.0,1525.0,1617.026123046875,1621.0,6612.0,1523.0
128822,2737C,150,1.0,5.0,X,0.005,0.45,0.49,0.0,0.015,8.0,8.0,53.0,1480.0,1525.0,1633.43310546875,1644.0,2164.0,1511.0
128821,9A58C,150,5.0,5.0,X,0.0,0.37,0.45,0.008,0.08,9.0,7.0,19.0,1480.0,1530.0,1621.568115234375,1640.0,2573.0,1543.0
128820,9A58C,150,4.0,5.0,X,0.0,0.37,0.45,0.008,0.08,9.0,2.0,9.0,1480.0,1530.0,1635.479248046875,1633.0,2638.0,1535.0
128819,9A58C,150,3.0,5.0,X,0.0,0.37,0.45,0.008,0.08,22.0,15.0,44.0,1480.0,1530.0,1632.958251953125,1641.0,6996.0,1529.0
128818,9A58C,150,2.0,5.0,X,0.0,0.37,0.45,0.008,0.08,21.0,16.0,21.0,1480.0,1530.0,1637.9910888671875,1638.0,6333.0,1535.0
128817,9A58C,150,1.0,5.0,X,0.0,0.37,0.45,0.008,0.08,7.0,8.0,52.0,1480.0,1530.0,1653.722900390625,1649.0,1887.0,1536.0
128816,47D7D,150,6.0,6.0,X,0.0,0.37,0.41,0.011,0.08,8.0,7.0,18.0,1480.0,1530.0,1627.9188232421875,1633.0,2291.0,1535.0
128815,47D7D,150,5.0,6.0,X,0.0,0.37,0.41,0.011,0.08,8.0,2.0,8.0,1480.0,1530.0,1621.9532470703125,1630.0,2313.0,1531.0
128814,47D7D,150,4.0,6.0,X,0.0,0.37,0.41,0.011,0.08,21.0,15.0,43.0,1480.0,1530.0,1618.89892578125,1626.0,6669.0,1527.0
128813,47D7D,150,3.0,6.0,X,0.0,0.37,0.41,0.011,0.08,20.0,16.0,20.0,1480.0,1530.0,1620.2816162109375,1630.0,5991.0,1535.0
128812,47D7D,150,2.0,6.0,X,0.0,0.37,0.41,0.011,0.08,6.0,8.0,51.0,1480.0,1530.0,1620.5050048828125,1630.0,1534.0,1536.0
128811,47D7D,150,1.0,6.0,X,0.0,0.37,0.41,0.011,0.08,7.0,7.0,17.0,1480.0,1530.0,1644.2867431640625,1642.0,1935.0,1525.0
128810,47D7D,150,6.0,6.0,X,0.0,0.37,0.41,0.011,0.08,7.0,2.0,7.0,1480.0,1530.0,1622.8494873046875,1633.0,1998.0,1535.0
128809,47D7D,150,5.0,6.0,X,0.0,0.37,0.41,0.011,0.08,20.0,15.0,42.0,1480.0,1530.0,1634.198486328125,1640.0,6351.0,1540.0
128808,47D7D,150,4.0,6.0,X,0.0,0.37,0.41,0.011,0.08,19.0,16.0,19.0,1480.0,1530.0,1633.8062744140625,1641.0,5686.0,1529.0
128807,47D7D,150,3.0,6.0,X,0.0,0.37,0.41,0.011,0.08,5.0,8.0,50.0,1480.0,1530.0,1636.621826171875,1640.0,1233.0,1535.0
128806,47D7D,150,2.0,6.0,X,0.0,0.37,0.41,0.011,0.08,6.0,7.0,16.0,1480.0,1530.0,1634.9814453125,1627.0,1633.0,1539.0
128805,47D7D,150,1.0,6.0,X,0.0,0.37,0.41,0.011,0.08,6.0,2.0,6.0,1480.0,1530.0,1656.863525390625,1675.0,1692.0,1528.0
128804,FC47C,150,5.0,5.0,X,0.015,0.45,0.48,0.0,0.01,19.0,15.0,41.0,1482.0,1537.0,1646.98486328125,1669.0,6050.0,1534.0
128803,FC47C,150,4.0,5.0,X,0.015,0.45,0.48,0.0,0.01,18.0,16.0,18.0,1482.0,1537.0,1644.474365234375,1645.0,5383.0,1533.0
128802,FC47C,150,3.0,5.0,X,0.015,0.45,0.48,0.0,0.01,4.0,8.0,49.0,1482.0,1537.0,1644.673583984375,1641.0,932.0,1532.0
128801,FC47C,150,2.0,5.0,X,0.015,0.45,0.48,0.0,0.01,5.0,7.0,15.0,1482.0,1537.0,1644.2969970703125,1643.0,1327.0,1540.0
128800,FC47C,150,1.0,5.0,X,0.015,0.45,0.48,0.0,0.01,5.0,2.0,5.0,1482.0,1537.0,1661.0709228515625,1659.0,1394.0,1549.0
128799,B7DF0,150,6.0,6.0,X,0.015,0.38,0.42,0.0,0.02,18.0,15.0,40.0,1486.0,1531.0,1619.6527099609375,1627.0,5761.0,1540.0
128798,E0B89,150,5.0,6.0,X,0.02,0.22,0.25,0.01,0.015,17.0,16.0,17.0,1501.0,1541.0,1641.367431640625,1648.0,5098.0,1544.0
128797,1E6E6,150,4.0,6.0,X,0.025,0.19,0.23,0.01,0.015,3.0,8.0,48.0,1505.0,1550.0,1653.2342529296875,1655.0,645.0,1551.0
128796,1E6E6,150,3.0,6.0,X,0.025,0.19,0.23,0.01,0.015,4.0,7.0,14.0,1505.0,1550.0,1651.36279296875,1649.0,1056.0,1544.0
128795,F7AB5,150,2.0,6.0,X,0.015,0.42,0.44,0.0,0.02,4.0,2.0,4.0,1481.0,1526.0,1637.5135498046875,1639.0,1105.0,1538.0
128794,7F484,150,1.0,6.0,X,0.02,0.15,0.17,0.008,0.02,17.0,15.0,39.0,1512.0,1557.0,1684.959228515625,1688.0,5467.0,1569.0
128793,4D097,150,6.0,6.0,X,0.015,0.51,0.55,0.0,0.01,16.0,16.0,16.0,1487.0,1537.0,1640.0474853515625,1647.0,4799.0,1540.0
128792,4D097,150,5.0,6.0,X,0.015,0.51,0.55,0.0,0.01,2.0,8.0,47.0,1487.0,1537.0,1638.8770751953125,1644.0,353.0,1538.0
128791,4D097,150,4.0,6.0,X,0.015,0.51,0.55,0.0,0.01,3.0,7.0,13.0,1487.0,1537.0,1642.09814453125,1640.0,755.0,1540.0
128790,4D097,150,3.0,6.0,X,0.015,0.51,0.55,0.0,0.01,3.0,2.0,3.0,1487.0,1537.0,1652.3582763671875,1654.0,802.0,1549.0
128789,4D097,150,2.0,6.0,X,0.015,0.51,0.55,0.0,0.01,16.0,15.0,38.0,1487.0,1537.0,1636.4495849609375,1640.0,5111.0,1552.0
128788,4D097,150,1.0,6.0,X,0.015,0.51,0.55,0.0,0.01,1.0,16.0,15.0,1487.0,1537.0,1680.3680419921875,1654.0,0.0,1529.0
128787,F10E0,150,5.0,5.0,X,0.02,0.15,0.18,0.008,0.0,13.0,8.0,46.0,1511.0,1552.0,1643.1597900390625,1670.0,3919.0,1557.0
128786,7BE94,150,4.0,5.0,X,0.02,0.15,0.17,0.008,0.02,2.0,7.0,12.0,1509.0,1554.0,1660.3804931640625,1669.0,396.0,1568.0
128785,CA2FD,150,3.0,5.0,X,0.02,0.15,0.17,0.009,0.02,2.0,2.0,2.0,1507.0,1551.0,1673.824462890625,1692.0,455.0,1578.0
128784,CA2FD,150,5.0,8.0,X,0.02,0.15,0.17,0.009,0.02,15.0,15.0,37.0,1507.0,1551.0,1656.7347412109375,1656.0,4595.0,1554.0
128783,E7999,150,4.0,8.0,X,0.02,0.16,0.18,0.012,0.01,1.0,7.0,11.0,1506.0,1551.0,1673.8043212890625,1712.0,0.0,1558.0
128782,E7999,150,3.0,8.0,X,0.02,0.16,0.18,0.012,0.01,15.0,16.0,15.0,1506.0,1551.0,1673.0537109375,1683.0,4603.0,1546.0
128781,E7999,150,2.0,8.0,X,0.02,0.16,0.18,0.012,0.01,1.0,2.0,1.0,1506.0,1551.0,1682.258544921875,1684.0,0.0,1555.0
128780,7F484,150,3.0,3.0,X,0.02,0.15,0.17,0.008,0.02,11.0,8.0,44.0,1512.0,1557.0,1665.1541748046875,1693.0,3225.0,1555.0
128779,59F71,150,2.0,3.0,X,0.02,0.19,0.22,0.008,0.0,14.0,15.0,36.0,1502.0,1547.0,1651.5723876953125,1652.0,4238.0,1549.0
128778,80160,150,1.0,3.0,X,0.015,0.4,0.45,0.0,0.02,14.0,1.0,58.0,1487.0,1542.0,1667.8519287109375,1667.0,4234.0,1548.0
128777,E86A6,300,4.0,4.0,X,0.018,0.28,0.31,0.007,0.015,14.0,16.0,14.0,1497.0,1537.0,1649.8626708984375,1652.0,4179.0,1539.0
128776,E86A6,300,3.0,4.0,X,0.018,0.28,0.31,0.007,0.015,10.0,8.0,43.0,1497.0,1537.0,1647.5245361328125,1653.0,2910.0,1543.0
128775,E86A6,300,2.0,4.0,X,0.018,0.28,0.31,0.007,0.015,10.0,7.0,10.0,1497.0,1537.0,1648.2161865234375,1640.0,2923.0,1547.0
128774,E86A6,300,3.0,6.0,X,0.018,0.28,0.31,0.007,0.015,13.0,15.0,35.0,1497.0,1537.0,1654.173583984375,1666.0,3825.0,1545.0
128773,E86A6,300,2.0,6.0,X,0.018,0.28,0.31,0.007,0.015,13.0,1.0,57.0,1497.0,1537.0,1647.01611328125,1664.0,3830.0,1542.0
128772,E86A6,300,1.0,6.0,X,0.018,0.28,0.31,0.007,0.015,13.0,16.0,13.0,1497.0,1537.0,1665.9207763671875,1663.0,3818.0,1541.0
128771,FE39B,300,2.0,2.0,X,0.02,0.21,0.23,0.0,0.02,9.0,8.0,42.0,1503.0,1548.0,1665.14794921875,1674.0,2557.0,1558.0
128770,FE39B,300,6.0,7.0,X,0.02,0.21,0.23,0.0,0.02,9.0,7.0,9.0,1503.0,1548.0,1664.9718017578125,1684.0,2574.0,
128769,FE39B,300,5.0,7.0,X,0.02,0.21,0.23,0.0,0.02,12.0,15.0,34.0,1503.0,1548.0,1656.60693359375,1654.0,3511.0,1560.0
128768,FE39B,300,4.0,7.0,X,0.02,0.21,0.23,0.0,0.02,12.0,1.0,56.0,1503.0,1548.0,1657.32666015625,1671.0,3506.0,1548.0
128767,15493,300,3.0,7.0,X,0.01,0.38,0.43,0.0,0.0,12.0,16.0,12.0,1485.0,1525.0,1645.49365234375,1651.0,3503.0,1536.0
128766,15493,300,2.0,7.0,X,0.01,0.38,0.43,0.0,0.0,8.0,8.0,41.0,1485.0,1525.0,1652.01953125,1653.0,2227.0,1526.0
128765,15493,300,1.0,7.0,X,0.01,0.38,0.43,0.0,0.0,8.0,7.0,8.0,1485.0,1525.0,1663.085205078125,1663.0,2239.0,1535.0
128764,1697B,300,3.0,3.0,X,0.02,0.18,0.22,0.009,0.015,11.0,15.0,33.0,1501.0,1536.0,1649.117919921875,1652.0,3179.0,1554.0
128763,AA222,300,4.0,5.0,X,0.018,0.19,0.22,0.0,0.025,11.0,1.0,55.0,1502.0,1552.0,1669.703857421875,1670.0,3094.0,1578.0
128762,AA222,300,3.0,5.0,X,0.018,0.19,0.22,0.0,0.025,11.0,16.0,11.0,1502.0,1552.0,1668.8941650390625,1672.0,3092.0,1563.0
128761,AA222,300,2.0,5.0,X,0.018,0.19,0.22,0.0,0.025,7.0,8.0,40.0,1502.0,1552.0,1667.091796875,1669.0,1832.0,1555.0
128760,9E44C,300,1.0,5.0,X,0.02,0.18,0.2,0.01,0.02,7.0,7.0,7.0,1500.0,1540.0,1667.4088134765625,1672.0,1845.0,1536.0
128759,E198F,300,2.0,2.0,X,0.0,0.07,0.1,0.0,0.27,10.0,15.0,32.0,1509.0,1549.0,1632.6966552734375,1633.0,2785.0,1554.0
128758,E198F,300,1.0,2.0,X,0.0,0.07,0.1,0.0,0.27,10.0,1.0,54.0,1509.0,1549.0,1640.1953125,1648.0,2767.0,1566.0
128757,47D7D,300,6.0,6.0,X,0.0,0.37,0.41,0.011,0.08,10.0,16.0,10.0,1480.0,1525.0,1622.8328857421875,1634.0,2756.0,1528.0
128756,47D7D,300,5.0,6.0,X,0.0,0.37,0.41,0.011,0.08,6.0,8.0,39.0,1480.0,1525.0,1623.62890625,1634.0,1500.0,1535.0
128755,47D7D,300,4.0,6.0,X,0.0,0.37,0.41,0.011,0.08,6.0,7.0,6.0,1480.0,1525.0,1618.22705078125,1623.0,1513.0,1527.0
128754,47D7D,300,3.0,6.0,X,0.0,0.37,0.41,0.011,0.08,9.0,15.0,31.0,1480.0,1525.0,1617.069091796875,1618.0,2474.0,1528.0
128753,47D7D,300,2.0,6.0,X,0.0,0.37,0.41,0.011,0.08,9.0,1.0,53.0,1480.0,1525.0,1621.59521484375,1634.0,2472.0,1535.0
128752,47D7D,300,1.0,6.0,X,0.0,0.37,0.41,0.011,0.08,9.0,16.0,9.0,1480.0,1525.0,1640.9501953125,1644.0,2473.0,1522.0
128751,A2DFA,300,7.0,7.0,X,0.005,0.43,0.5,0.0,0.0,5.0,8.0,38.0,1480.0,1525.0,1612.6202392578125,1630.0,1215.0,1533.0
128750,A2DFA,300,6.0,7.0,X,0.005,0.43,0.5,0.0,0.0,5.0,7.0,5.0,1480.0,1525.0,1614.4168701171875,1623.0,1220.0,1530.0
128749,A2DFA,300,5.0,7.0,X,0.005,0.43,0.5,0.0,0.0,8.0,15.0,30.0,1480.0,1525.0,1632.1302490234375,1632.0,2158.0,1540.0
128748,A2DFA,300,4.0,7.0,X,0.005,0.43,0.5,0.0,0.0,8.0,1.0,52.0,1480.0,1525.0,1629.1297607421875,1631.0,2156.0,1542.0
128747,D9D2B,300,3.0,7.0,X,0.005,0.46,0.48,0.0,0.02,8.0,16.0,8.0,1480.0,1525.0,1642.2025146484375,1652.0,2155.0,1539.0
128746,B131E,300,2.0,7.0,X,0.02,0.46,0.49,0.005,0.02,4.0,8.0,37.0,1483.0,1518.0,1630.4444580078125,1646.0,899.0,1535.0
128745,15370,300,1.0,7.0,X,0.01,0.45,0.48,0.0,0.02,4.0,7.0,4.0,1480.0,1525.0,1662.771240234375,1666.0,916.0,1529.0
128744,EB957,300,8.0,8.0,X,0.015,0.53,0.56,0.0,0.01,7.0,15.0,29.0,1486.0,1536.0,1648.8909912109375,1652.0,1869.0,1540.0
128743,EB957,300,7.0,8.0,X,0.015,0.53,0.56,0.0,0.01,7.0,1.0,51.0,1486.0,1536.0,1647.580810546875,1651.0,1872.0,1536.0
128742,EB957,300,6.0,8.0,X,0.015,0.53,0.56,0.0,0.01,7.0,16.0,7.0,1486.0,1536.0,1649.0123291015625,1649.0,1871.0,1537.0
128741,EB957,300,5.0,8.0,X,0.015,0.53,0.56,0.0,0.01,3.0,8.0,36.0,1486.0,1536.0,1647.580810546875,1657.0,611.0,1549.0
128740,EB957,300,4.0,8.0,X,0.015,0.53,0.56,0.0,0.01,3.0,7.0,3.0,1486.0,1536.0,1659.3515625,1660.0,625.0,1542.0
128739,DDC4A,300,3.0,8.0,X,0.01,0.32,0.38,0.0,0.0,6.0,15.0,28.0,1493.0,1543.0,1659.8465576171875,1663.0,1577.0,1557.0
128738,2CC2D,300,2.0,8.0,X,0.015,0.08,0.11,0.0,0.0,6.0,1.0,50.0,1522.0,1557.0,1668.3485107421875,1666.0,1568.0,1556.0
128737,EDD03,300,1.0,8.0,B,0.017,0.36,0.39,0.0,0.015,6.0,16.0,6.0,1490.0,1535.0,1667.7501220703125,1652.0,1568.0,1544.0
128736,7B0D4,300,7.0,7.0,X,0.01,0.47,0.5,0.0,0.02,2.0,8.0,35.0,1483.0,1523.0,1636.0035400390625,1643.0,304.0,1536.0
128735,EEED2,300,6.0,7.0,X,0.005,0.5,0.52,0.0,0.06,2.0,7.0,2.0,1485.0,1545.0,1668.51220703125,1685.0,321.0,1557.0
128734,2556F,300,5.0,7.0,X,0.01,0.48,0.53,0.008,0.0,5.0,15.0,27.0,1486.0,1516.0,1626.6875,1628.0,1279.0,1529.0
128733,2556F,300,4.0,7.0,X,0.01,0.48,0.53,0.008,0.0,5.0,1.0,49.0,1486.0,1516.0,1622.6212158203125,1626.0,1285.0,1529.0
128732,2556F,300,3.0,7.0,X,0.01,0.48,0.53,0.008,0.0,5.0,16.0,5.0,1486.0,1516.0,1625.0601806640625,1630.0,1280.0,1531.0
128731,2556F,300,2.0,7.0,X,0.01,0.48,0.53,0.008,0.0,1.0,8.0,34.0,1486.0,1516.0,1641.39013671875,1657.0,0.0,1539.0
128730,116A5,300,1.0,7.0,X,0.02,0.5,0.52,0.0,0.0,1.0,7.0,1.0,1488.0,1528.0,1683.875732421875,1686.0,0.0,1530.0
128729,5E13D,300,3.0,3.0,X,0.005,0.55,0.57,0.007,0.0,4.0,15.0,26.0,1486.0,1541.0,1672.3082275390625,1704.0,732.0,1557.0
128728,5E13D,300,2.0,3.0,X,0.005,0.55,0.57,0.007,0.0,4.0,1.0,48.0,1486.0,1541.0,1669.6832275390625,1690.0,718.0,1562.0
128727,5E13D,300,1.0,3.0,X,0.005,0.55,0.57,0.007,0.0,4.0,16.0,4.0,1486.0,1541.0,1693.0299072265625,1701.0,717.0,1563.0
128726,2E33F,300,3.0,3.0,X,0.008,0.46,0.49,0.0,0.0,4.0,8.0,33.0,1483.0,1528.0,1642.5784912109375,1660.0,731.0,1553.0
128725,2E33F,300,2.0,3.0,X,0.008,0.46,0.49,0.0,0.0,3.0,15.0,25.0,1483.0,1528.0,1642.420654296875,1649.0,466.0,1549.0
128724,2E33F,300,1.0,3.0,X,0.008,0.46,0.49,0.0,0.0,3.0,1.0,47.0,1483.0,1528.0,1660.3367919921875,1659.0,473.0,1540.0
128723,CB239,300,8.0,8.0,V,0.0,0.69,0.73,0.012,0.06,3.0,16.0,3.0,1474.0,1499.0,1617.7271728515625,1621.0,474.0,1508.0
128722,DE12C,300,7.0,8.0,X,0.02,0.53,0.55,0.0,0.02,3.0,8.0,32.0,1486.0,1536.0,1644.73876953125,1648.0,491.0,1547.0
128721,DE12C,300,6.0,8.0,X,0.02,0.53,0.55,0.0,0.02,2.0,15.0,24.0,1486.0,1536.0,1644.5809326171875,1644.0,234.0,1543.0
128720,4A0F0,300,5.0,8.0,X,0.0,0.39,0.42,0.0,0.03,2.0,1.0,46.0,1488.0,1528.0,1641.333984375,1641.0,241.0,1534.0
128719,4A0F0,300,4.0,8.0,X,0.0,0.39,0.42,0.0,0.03,2.0,16.0,2.0,1488.0,1528.0,1652.85205078125,1652.0,243.0,1538.0
128718,4A0F0,300,3.0,8.0,X,0.0,0.39,0.42,0.0,0.03,2.0,8.0,31.0,1488.0,1528.0,1642.13134765625,1642.0,253.0,1535.0
128717,4A0F0,300,2.0,8.0,X,0.0,0.39,0.42,0.0,0.03,1.0,15.0,23.0,1488.0,1528.0,1654.8607177734375,1665.0,0.0,1535.0
128716,4A0F0,300,1.0,8.0,X,0.0,0.39,0.42,0.0,0.03,1.0,1.0,45.0,1488.0,1528.0,1671.621337890625,1676.0,0.0,1533.0
128715,D63DF,300,2.0,2.0,V,0.005,0.37,0.4,0.01,0.03,1.0,16.0,1.0,1480.0,1525.0,1651.7547607421875,1676.0,0.0,1536.0
128714,D63DF,300,1.0,2.0,V,0.005,0.37,0.4,0.01,0.03,1.0,8.0,30.0,1480.0,1525.0,1674.4312744140625,1690.0,0.0,1526.0
128713,D63DF,300,5.0,5.0,V,0.005,0.37,0.4,0.01,0.03,22.0,15.0,22.0,1480.0,1525.0,1624.7003173828125,1628.0,6448.0,1533.0
128712,D63DF,300,4.0,5.0,V,0.005,0.37,0.4,0.01,0.03,7.0,6.0,58.0,1480.0,1525.0,1623.844482421875,1626.0,1910.0,1537.0
128711,D63DF,300,3.0,5.0,V,0.005,0.37,0.4,0.01,0.03,24.0,4.0,52.0,1480.0,1525.0,1626.457275390625,1631.0,7077.0,1539.0
128710,16F90,300,2.0,7.0,B,0.02,0.36,0.38,0.0,0.02,20.0,1.0,44.0,1490.0,1535.0,1648.6795654296875,1646.0,5828.0,1537.0
128709,57DF3,300,1.0,7.0,B,0.005,0.4,0.42,0.0,0.01,21.0,15.0,21.0,1486.0,1526.0,1653.3985595703125,1648.0,6187.0,1533.0
128708,BF6EC,300,7.0,7.0,X,0.02,0.19,0.23,0.009,0.015,27.0,8.0,29.0,1504.0,1549.0,1662.517822265625,1665.0,7634.0,1556.0
128707,BF6EC,300,6.0,7.0,X,0.02,0.19,0.23,0.009,0.015,23.0,4.0,51.0,1504.0,1549.0,1662.1544189453125,1662.0,6795.0,1544.0
128706,1E6E6,300,5.0,7.0,X,0.025,0.19,0.23,0.01,0.015,6.0,6.0,57.0,1505.0,1545.0,1662.5440673828125,1658.0,1511.0,1569.0
128705,6D507,300,4.0,7.0,X,0.02,0.27,0.29,0.009,0.02,19.0,1.0,43.0,1500.0,1540.0,1668.1971435546875,1665.0,5506.0,1547.0
128704,6D507,300,3.0,7.0,X,0.02,0.27,0.29,0.009,0.02,20.0,15.0,20.0,1500.0,1540.0,1663.3282470703125,1666.0,5858.0,1535.0
128703,6D507,300,2.0,7.0,X,0.02,0.27,0.29,0.009,0.02,26.0,8.0,28.0,1500.0,1540.0,1660.69970703125,1664.0,7351.0,1549.0
128702,6D507,300,1.0,7.0,X,0.02,0.27,0.29,0.009,0.02,22.0,4.0,50.0,1500.0,1540.0,1674.8651123046875,1678.0,6484.0,1557.0
128701,2D42F,300,8.0,8.0,B,0.005,0.36,0.39,0.0,0.01,5.0,6.0,56.0,1492.0,1547.0,1677.9273681640625,1670.0,1194.0,1548.0
128700,2D42F,300,7.0,8.0,B,0.005,0.36,0.39,0.0,0.01,18.0,1.0,42.0,1492.0,1547.0,1667.913818359375,1665.0,5182.0,1551.0
128699,2D42F,300,6.0,8.0,B,0.005,0.36,0.39,0.0,0.01,19.0,15.0,19.0,1492.0,1547.0,1667.8150634765625,1667.0,5539.0,1542.0
128698,2D42F,300,5.0,8.0,B,0.005,0.36,0.39,0.0,0.01,25.0,8.0,27.0,1492.0,1547.0,1664.8323974609375,1674.0,7038.0,1551.0
128697,2D42F,300,4.0,8.0,B,0.005,0.36,0.39,0.0,0.01,21.0,4.0,49.0,1492.0,1547.0,1664.2596435546875,1667.0,6196.0,1553.0
128696,2D42F,300,3.0,8.0,B,0.005,0.36,0.39,0.0,0.01,4.0,6.0,55.0,1492.0,1547.0,1667.716796875,1678.0,906.0,1559.0
128695,2D42F,300,2.0,8.0,B,0.005,0.36,0.39,0.0,0.01,17.0,1.0,41.0,1492.0,1547.0,1662.6883544921875,1666.0,4882.0,1564.0
128694,2D42F,300,1.0,8.0,B,0.005,0.36,0.39,0.0,0.01,18.0,15.0,18.0,1492.0,1547.0,1692.2330322265625,1689.0,5234.0,1546.0
128693,27A7C,300,6.0,6.0,X,0.02,0.43,0.47,0.0,0.015,24.0,8.0,26.0,1480.0,1515.0,1630.9942626953125,1654.0,6727.0,1528.0
128692,27A7C,300,5.0,6.0,X,0.02,0.43,0.47,0.0,0.015,20.0,4.0,48.0,1480.0,1515.0,1629.56005859375,1633.0,5881.0,1526.0
128691,40FD4,300,4.0,6.0,X,0.01,0.6,0.65,0.0,0.02,3.0,6.0,54.0,1480.0,1525.0,1638.60107421875,1638.0,595.0,1536.0
128690,258E9,300,3.0,6.0,X,0.01,0.32,0.35,0.0,0.0,16.0,1.0,40.0,1488.0,1528.0,1633.170166015625,1638.0,4588.0,1534.0
128689,258E9,300,2.0,6.0,X,0.01,0.32,0.35,0.0,0.0,17.0,15.0,17.0,1488.0,1528.0,1628.784423828125,1631.0,4944.0,1528.0
128688,F16F5,300,1.0,6.0,B,0.02,0.3,0.34,0.007,0.0,23.0,8.0,25.0,1493.0,1533.0,1666.3648681640625,1668.0,6452.0,1548.0
128687,889AE,300,4.0,4.0,B,0.02,0.16,0.18,0.012,0.01,19.0,4.0,47.0,1507.0,1532.0,1637.462646484375,1642.0,5614.0,1548.0
128686,889AE,300,3.0,4.0,B,0.02,0.16,0.18,0.012,0.01,2.0,6.0,53.0,1507.0,1532.0,1634.2164306640625,1647.0,329.0,1550.0
128685,889AE,300,2.0,4.0,B,0.02,0.16,0.18,0.012,0.01,15.0,1.0,39.0,1507.0,1532.0,1640.3477783203125,1635.0,4307.0,1536.0
128684,889AE,300,1.0,4.0,B,0.02,0.16,0.18,0.012,0.01,16.0,15.0,16.0,1507.0,1532.0,1679.5194091796875,1674.0,4652.0,1541.0
128683,5146B,300,7.0,7.0,X,0.005,0.45,0.48,0.0,0.0,22.0,8.0,24.0,1481.0,1526.0,1660.509033203125,1675.0,6152.0,1536.0
128682,5146B,300,6.0,7.0,X,0.005,0.45,0.48,0.0,0.0,18.0,4.0,46.0,1481.0,1526.0,1659.63427734375,1667.0,5292.0,1536.0
128681,F7C5E,300,5.0,7.0,X,0.015,0.27,0.29,0.009,0.0,1.0,6.0,52.0,1501.0,1551.0,1698.062744140625,1732.0,0.0,1559.0
128680,F7C5E,300,4.0,7.0,X,0.015,0.27,0.29,0.009,0.0,14.0,1.0,38.0,1501.0,1551.0,1695.5584716796875,1707.0,3986.0,1547.0
128679,F7C5E,300,3.0,7.0,X,0.015,0.27,0.29,0.009,0.0,15.0,15.0,15.0,1501.0,1551.0,1694.8436279296875,1704.0,4339.0,1558.0
128678,F7C5E,300,2.0,7.0,X,0.015,0.27,0.29,0.009,0.0,21.0,8.0,23.0,1501.0,1551.0,1686.39453125,1701.0,5841.0,1559.0
128677,108A8,300,1.0,7.0,X,0.02,0.27,0.29,0.009,0.015,17.0,4.0,45.0,1501.0,1546.0,1673.29833984375,1681.0,4988.0,1550.0
128676,E0B89,300,7.0,7.0,X,0.02,0.22,0.25,0.01,0.015,14.0,15.0,14.0,1501.0,1546.0,1659.3756103515625,1668.0,4102.0,1537.0
128675,E0B89,300,6.0,7.0,X,0.02,0.22,0.25,0.01,0.015,20.0,8.0,22.0,1501.0,1546.0,1661.584228515625,1662.0,5608.0,1540.0
128674,E0B89,300,5.0,7.0,X,0.02,0.22,0.25,0.01,0.015,13.0,1.0,37.0,1501.0,1546.0,1667.836669921875,1662.0,3579.0,1539.0
128673,E0B89,300,4.0,7.0,X,0.02,0.22,0.25,0.01,0.015,19.0,6.0,51.0,1501.0,1546.0,1661.5582275390625,1663.0,5351.0,1555.0
128672,E0B89,300,3.0,7.0,X,0.02,0.22,0.25,0.01,0.015,16.0,4.0,44.0,1501.0,1546.0,1663.689208984375,1664.0,4639.0,1544.0
128671,60329,300,2.0,7.0,X,0.02,0.22,0.25,0.01,0.015,13.0,15.0,13.0,1501.0,1536.0,1651.3948974609375,1652.0,3792.0,1549.0
128670,B3CD5,300,1.0,7.0,X,0.015,0.41,0.44,0.0,0.02,19.0,8.0,21.0,1484.0,1519.0,1653.1298828125,1656.0,5281.0,1521.0
128669,D033D,300,5.0,5.0,X,0.02,0.47,0.49,0.009,0.0,12.0,1.0,36.0,1480.0,1515.0,1631.8936767578125,1634.0,3251.0,1531.0
128668,D033D,300,4.0,5.0,X,0.02,0.47,0.49,0.009,0.0,18.0,6.0,50.0,1480.0,1515.0,1627.33447265625,1629.0,5036.0,1527.0
128667,B107C,300,3.0,5.0,X,0.015,0.61,0.64,0.0,0.0,15.0,4.0,43.0,1479.0,1524.0,1620.649169921875,1624.0,4317.0,1535.0
128666,FE93C,300,2.0,5.0,X,0.01,0.4,0.42,0.0,0.015,12.0,15.0,12.0,1487.0,1527.0,1639.4605712890625,1637.0,3485.0,1537.0
128665,FE93C,300,1.0,5.0,X,0.01,0.4,0.42,0.0,0.015,18.0,8.0,20.0,1487.0,1527.0,1663.4483642578125,1666.0,4992.0,1541.0
128664,4B82B,300,4.0,4.0,X,0.02,0.3,0.33,0.006,0.02,11.0,1.0,35.0,1495.0,1540.0,1643.6624755859375,1644.0,2963.0,1550.0
128663,4B82B,300,3.0,4.0,X,0.02,0.3,0.33,0.006,0.02,17.0,6.0,49.0,1495.0,1540.0,1642.884521484375,1643.0,4747.0,1548.0
128662,4B82B,300,2.0,4.0,X,0.02,0.3,0.33,0.006,0.02,14.0,4.0,42.0,1495.0,1540.0,1638.982177734375,1641.0,4028.0,1554.0
128661,4B82B,300,1.0,4.0,X,0.02,0.3,0.33,0.006,0.02,11.0,15.0,11.0,1495.0,1540.0,1665.29345703125,1663.0,3197.0,1544.0
128660,D398B,300,8.0,8.0,X,0.02,0.2,0.22,0.009,0.02,17.0,8.0,19.0,1506.0,1551.0,1666.775146484375,1668.0,4706.0,1574.0
128659,D398B,300,7.0,8.0,X,0.02,0.2,0.22,0.009,0.02,10.0,1.0,34.0,1506.0,1551.0,1667.0738525390625,1658.0,2683.0,1560.0
128658,D398B,300,6.0,8.0,X,0.02,0.2,0.22,0.009,0.02,16.0,6.0,48.0,1506.0,1551.0,1667.83837890625,1659.0,4464.0,1564.0
128657,D398B,300,5.0,8.0,X,0.02,0.2,0.22,0.009,0.02,13.0,4.0,41.0,1506.0,1551.0,1675.440185546875,1678.0,3757.0,1571.0
128656,D398B,300,4.0,8.0,X,0.02,0.2,0.22,0.009,0.02,10.0,15.0,10.0,1506.0,1551.0,1668.9822998046875,1665.0,2919.0,1561.0
128655,D398B,300,3.0,8.0,X,0.02,0.2,0.22,0.009,0.02,16.0,8.0,18.0,1506.0,1551.0,1667.0738525390625,1681.0,4424.0,1560.0
128654,0FECC,300,2.0,8.0,X,0.015,0.42,0.44,0.0,0.01,9.0,1.0,33.0,1479.0,1524.0,1636.565673828125,1648.0,2400.0,1538.0
128653,AB29D,300,1.0,8.0,X,0.015,0.44,0.46,0.0,0.01,15.0,6.0,47.0,1479.0,1524.0,1654.8109130859375,1651.0,4189.0,1530.0
128652,980AE,300,8.0,8.0,B,0.015,0.29,0.31,0.0,0.0,12.0,4.0,40.0,1494.0,1534.0,1642.7547607421875,1654.0,3471.0,1557.0
128651,980AE,300,7.0,8.0,B,0.015,0.29,0.31,0.0,0.0,9.0,15.0,9.0,1494.0,1534.0,1642.617919921875,1645.0,2645.0,1548.0
128650,980AE,300,6.0,8.0,B,0.015,0.29,0.31,0.0,0.0,15.0,8.0,17.0,1494.0,1534.0,1643.2470703125,1645.0,4150.0,1550.0
128649,8E733,300,5.0,8.0,X,0.02,0.19,0.22,0.01,0.02,8.0,1.0,32.0,1506.0,1546.0,1651.37646484375,1660.0,2119.0,1560.0
128648,8E733,300,4.0,8.0,X,0.02,0.19,0.22,0.01,0.02,14.0,6.0,46.0,1506.0,1546.0,1650.7880859375,1654.0,3905.0,1560.0
128647,8E733,300,3.0,8.0,X,0.02,0.19,0.22,0.01,0.02,11.0,4.0,39.0,1506.0,1546.0,1651.1209716796875,1654.0,3183.0,1566.0
128646,8E733,300,2.0,8.0,X,0.02,0.19,0.22,0.01,0.02,8.0,15.0,8.0,1506.0,1546.0,1652.8021240234375,1660.0,2339.0,1558.0
128645,C33FA,300,1.0,8.0,X,0.015,0.24,0.27,0.008,0.02,14.0,8.0,16.0,1499.0,1539.0,1670.975341796875,1668.0,3835.0,1547.0
128644,33D10,300,7.0,7.0,X,0.015,0.39,0.42,0.0,0.0,7.0,1.0,31.0,1485.0,1530.0,1640.4490966796875,1643.0,1803.0,1554.0
128643,5692D,300,6.0,7.0,X,0.015,0.39,0.41,0.0,0.01,13.0,6.0,45.0,1486.0,1521.0,1626.3760986328125,1629.0,3591.0,1535.0
128642,5692D,300,5.0,7.0,X,0.015,0.39,0.41,0.0,0.01,10.0,4.0,38.0,1486.0,1521.0,1626.7850341796875,1629.0,2875.0,1536.0
128641,5692D,300,4.0,7.0,X,0.015,0.39,0.41,0.0,0.01,7.0,15.0,7.0,1486.0,1521.0,1634.6693115234375,1638.0,2043.0,1526.0
128640,5692D,300,3.0,7.0,X,0.015,0.39,0.41,0.0,0.01,13.0,8.0,15.0,1486.0,1521.0,1627.2333984375,1628.0,3550.0,1538.0
128639,5692D,300,2.0,7.0,X,0.015,0.39,0.41,0.0,0.01,6.0,1.0,30.0,1486.0,1521.0,1632.80224609375,1635.0,1513.0,1531.0
128638,E2D28,300,1.0,7.0,X,0.01,0.39,0.41,0.0,0.015,12.0,6.0,44.0,1486.0,1521.0,1650.0318603515625,1647.0,3297.0,1530.0
128637,4942F,300,7.0,7.0,X,0.01,0.42,0.44,0.008,0.02,9.0,4.0,37.0,1483.0,1523.0,1635.0501708984375,1641.0,2525.0,1531.0
128636,734B0,300,6.0,7.0,X,0.01,0.4,0.43,0.0,0.02,12.0,8.0,14.0,1486.0,1526.0,1639.630615234375,1642.0,3257.0,1534.0
128635,0E7D0,300,5.0,7.0,X,0.01,0.4,0.43,0.0,0.0,6.0,15.0,6.0,1483.0,1528.0,1639.4957275390625,1639.0,1643.0,1541.0
128634,0E7D0,300,4.0,7.0,X,0.01,0.4,0.43,0.0,0.0,5.0,1.0,29.0,1483.0,1528.0,1638.8634033203125,1640.0,1177.0,1537.0
128633,0E7D0,300,3.0,7.0,X,0.01,0.4,0.43,0.0,0.0,11.0,6.0,43.0,1483.0,1528.0,1639.1263427734375,1647.0,2964.0,1540.0
128632,0E7D0,300,2.0,7.0,X,0.01,0.4,0.43,0.0,0.0,8.0,4.0,36.0,1483.0,1528.0,1636.8792724609375,1648.0,2245.0,1527.0
128631,0E7D0,300,1.0,7.0,X,0.01,0.4,0.43,0.0,0.0,11.0,8.0,13.0,1483.0,1528.0,1654.635498046875,1654.0,2979.0,1512.0
128630,5EDBA,300,3.0,3.0,V,0.005,0.46,0.49,0.0,0.015,4.0,1.0,28.0,1474.0,1519.0,1624.8822021484375,1635.0,884.0,1528.0
128629,5EDBA,300,2.0,3.0,V,0.005,0.46,0.49,0.0,0.015,10.0,6.0,42.0,1474.0,1519.0,1620.9698486328125,1632.0,2660.0,1516.0
128628,5EDBA,300,1.0,3.0,V,0.005,0.46,0.49,0.0,0.015,5.0,15.0,5.0,1474.0,1519.0,1651.9595947265625,1638.0,1169.0,1538.0
128627,0F9E0,300,6.0,6.0,X,0.01,0.75,0.88,0.0,0.01,7.0,4.0,35.0,1470.0,1510.0,1623.74853515625,1628.0,1878.0,1516.0
128626,0F9E0,300,5.0,6.0,X,0.01,0.75,0.88,0.0,0.01,10.0,8.0,12.0,1470.0,1510.0,1620.216064453125,1626.0,2595.0,1517.0
128625,0F9E0,300,4.0,6.0,X,0.01,0.75,0.88,0.0,0.01,3.0,1.0,27.0,1470.0,1510.0,1622.3505859375,1627.0,565.0,1513.0
128624,0F9E0,300,3.0,6.0,X,0.01,0.75,0.88,0.0,0.01,9.0,6.0,41.0,1470.0,1510.0,1621.769287109375,1627.0,2350.0,1515.0
128623,0F9E0,300,2.0,6.0,X,0.01,0.75,0.88,0.0,0.01,4.0,15.0,4.0,1470.0,1510.0,1631.2783203125,1634.0,854.0,1519.0
128622,0F9E0,300,1.0,6.0,X,0.01,0.75,0.88,0.0,0.01,6.0,4.0,34.0,1470.0,1510.0,1641.58544921875,1652.0,1573.0,1515.0
128621,7F484,300,8.0,8.0,X,0.02,0.15,0.17,0.008,0.02,9.0,8.0,11.0,1512.0,1557.0,1670.3369140625,1677.0,2305.0,1576.0
128620,87A17,300,7.0,8.0,X,0.022,0.2,0.22,0.0,0.02,2.0,1.0,26.0,1505.0,1535.0,1651.8367919921875,1654.0,270.0,1552.0
128619,87A17,300,6.0,8.0,X,0.022,0.2,0.22,0.0,0.02,8.0,6.0,40.0,1505.0,1535.0,1649.242431640625,1654.0,2062.0,1552.0
128618,77C04,300,5.0,8.0,X,0.02,0.17,0.22,0.01,0.01,3.0,15.0,3.0,1502.0,1547.0,1679.09521484375,1681.0,581.0,1560.0
128617,77C04,300,4.0,8.0,X,0.02,0.17,0.22,0.01,0.01,5.0,4.0,33.0,1502.0,1547.0,1660.27880859375,1671.0,1305.0,1559.0
128616,C2394,300,3.0,8.0,X,0.02,0.17,0.22,0.01,0.01,8.0,8.0,10.0,1502.0,1537.0,1647.232177734375,1649.0,2043.0,1552.0
128615,C2394,300,2.0,8.0,X,0.02,0.17,0.22,0.01,0.01,1.0,1.0,25.0,1502.0,1537.0,1654.189697265625,1657.0,0.0,1559.0
128614,C2394,300,1.0,8.0,X,0.02,0.17,0.22,0.01,0.01,7.0,6.0,39.0,1502.0,1537.0,1662.864990234375,1655.0,1768.0,1540.0
128613,E7641,300,6.0,6.0,X,0.015,0.58,0.62,0.0,0.0,2.0,15.0,2.0,1480.0,1520.0,1628.083251953125,1655.0,268.0,1520.0
128612,F7AB5,300,5.0,6.0,X,0.015,0.42,0.44,0.0,0.02,4.0,4.0,32.0,1481.0,1526.0,1643.927978515625,1652.0,987.0,1537.0
128611,F7AB5,300,4.0,6.0,X,0.015,0.42,0.44,0.0,0.02,7.0,8.0,9.0,1481.0,1526.0,1643.0948486328125,1658.0,1717.0,1540.0
128610,E36E1,300,3.0,6.0,X,0.02,0.34,0.37,0.0,0.02,7.0,5.0,74.0,1489.0,1534.0,1642.962646484375,1655.0,1728.0,1538.0
128609,80160,300,2.0,6.0,X,0.015,0.4,0.45,0.0,0.02,6.0,6.0,38.0,1487.0,1522.0,1638.1474609375,1662.0,1483.0,1542.0
128608,80160,300,1.0,6.0,X,0.015,0.4,0.45,0.0,0.02,1.0,15.0,1.0,1487.0,1522.0,1675.0107421875,1678.0,0.0,1545.0
128607,889AE,300,4.0,4.0,B,0.02,0.16,0.18,0.012,0.01,3.0,4.0,31.0,1507.0,1532.0,1644.3350830078125,1647.0,712.0,1543.0
128606,889AE,300,3.0,4.0,B,0.02,0.16,0.18,0.012,0.01,6.0,8.0,8.0,1507.0,1532.0,1641.84375,1652.0,1439.0,1541.0
128605,889AE,300,2.0,4.0,B,0.02,0.16,0.18,0.012,0.01,6.0,5.0,73.0,1507.0,1532.0,1636.371826171875,1649.0,1450.0,1544.0
128604,889AE,300,1.0,4.0,B,0.02,0.16,0.18,0.012,0.01,5.0,6.0,37.0,1507.0,1532.0,1667.6129150390625,1663.0,1047.0,1549.0
128603,889AE,300,1.0,4.0,B,0.02,0.16,0.18,0.012,0.01,5.0,1.0,24.0,1507.0,1532.0,1670.4232177734375,1675.0,1056.0,1557.0
128602,0BFF6,300,6.0,6.0,X,0.0,0.93,1.0,0.006,0.0,2.0,4.0,30.0,1462.0,1488.0,1602.9091796875,1606.0,286.0,1503.0
128601,0BFF6,300,5.0,6.0,X,0.0,0.93,1.0,0.006,0.0,5.0,8.0,7.0,1462.0,1488.0,1602.4840087890625,1605.0,1022.0,1502.0
128600,0BFF6,300,4.0,6.0,X,0.0,0.93,1.0,0.006,0.0,5.0,5.0,72.0,1462.0,1488.0,1603.4395751953125,1606.0,1029.0,1497.0
128599,B248F,300,3.0,6.0,X,0.0,0.93,0.97,0.0,0.0,4.0,6.0,36.0,1462.0,1488.0,1605.138427734375,1607.0,773.0,1502.0
128598,B248F,300,2.0,6.0,X,0.0,0.93,0.97,0.0,0.0,4.0,1.0,23.0,1462.0,1488.0,1606.6102294921875,1609.0,768.0,1502.0
128597,B248F,300,1.0,6.0,X,0.0,0.93,0.97,0.0,0.0,1.0,4.0,29.0,1462.0,1488.0,1642.6708984375,1649.0,0.0,1501.0
128596,57414,300,7.0,7.0,X,0.01,0.38,0.43,0.0,0.02,4.0,8.0,6.0,1486.0,1526.0,1631.6334228515625,1639.0,727.0,1540.0
128595,57414,300,6.0,7.0,X,0.01,0.38,0.43,0.0,0.02,4.0,5.0,71.0,1486.0,1526.0,1631.0679931640625,1637.0,741.0,1541.0
128594,57414,300,5.0,7.0,X,0.01,0.38,0.43,0.0,0.02,3.0,6.0,35.0,1486.0,1526.0,1633.70947265625,1637.0,485.0,1540.0
128593,E483A,300,4.0,7.0,X,0.02,0.21,0.23,0.009,0.025,3.0,1.0,22.0,1500.0,1540.0,1656.60546875,1659.0,482.0,1562.0
128592,E483A,300,3.0,7.0,X,0.02,0.21,0.23,0.009,0.025,3.0,8.0,5.0,1500.0,1540.0,1648.0963134765625,1650.0,492.0,1554.0
128591,248B5,300,2.0,7.0,X,0.02,0.21,0.23,0.009,0.02,3.0,5.0,70.0,1506.0,1551.0,1665.650390625,1678.0,497.0,1558.0
128590,248B5,300,1.0,7.0,X,0.02,0.21,0.23,0.009,0.02,2.0,6.0,34.0,1506.0,1551.0,1685.9072265625,1691.0,246.0,1554.0
128589,9A58C,300,7.0,7.0,X,0.0,0.37,0.45,0.008,0.08,2.0,1.0,21.0,1480.0,1525.0,1627.58251953125,1634.0,245.0,1537.0
128588,9A58C,300,6.0,7.0,X,0.0,0.37,0.45,0.008,0.08,2.0,8.0,4.0,1480.0,1525.0,1618.3055419921875,1625.0,252.0,1537.0
128587,9A58C,300,5.0,7.0,X,0.0,0.37,0.45,0.008,0.08,2.0,5.0,69.0,1480.0,1525.0,1627.7999267578125,1625.0,257.0,1533.0
128586,9A58C,300,4.0,7.0,X,0.0,0.37,0.45,0.008,0.08,1.0,6.0,33.0,1480.0,1525.0,1645.2711181640625,1651.0,0.0,1532.0
128585,9A58C,300,3.0,7.0,X,0.0,0.37,0.45,0.008,0.08,1.0,1.0,20.0,1480.0,1525.0,1645.2711181640625,1658.0,0.0,1530.0
128584,9A58C,300,2.0,7.0,X,0.0,0.37,0.45,0.008,0.08,1.0,8.0,3.0,1480.0,1525.0,1649.9864501953125,1668.0,0.0,1530.0
128583,81216,300,1.0,7.0,V,0.0,0.68,0.73,0.01,0.06,1.0,5.0,68.0,1474.0,1509.0,1658.6865234375,1654.0,0.0,1519.0
128582,11307,150,7.0,7.0,X,0.01,0.45,0.5,0.0,0.02,11.0,4.0,28.0,1480.0,1525.0,1622.2906494140625,1647.0,2986.0,1530.0
128581,FC47C,150,6.0,7.0,X,0.015,0.45,0.48,0.0,0.01,2.0,8.0,2.0,1482.0,1537.0,1653.68212890625,1672.0,360.0,1551.0
128580,FC47C,150,5.0,7.0,X,0.015,0.45,0.48,0.0,0.01,10.0,1.0,19.0,1482.0,1537.0,1639.1094970703125,1655.0,2726.0,1531.0
128579,FC47C,150,4.0,7.0,X,0.015,0.45,0.48,0.0,0.01,9.0,6.0,32.0,1482.0,1537.0,1640.243896484375,1649.0,2478.0,1534.0
128578,FC47C,150,3.0,7.0,X,0.015,0.45,0.48,0.0,0.01,10.0,4.0,27.0,1482.0,1537.0,1643.22314453125,1659.0,2707.0,1542.0
128577,FC47C,150,2.0,7.0,X,0.015,0.45,0.48,0.0,0.01,10.0,5.0,67.0,1482.0,1537.0,1644.6951904296875,1645.0,2781.0,1548.0
128576,FC47C,150,1.0,7.0,X,0.015,0.45,0.48,0.0,0.01,1.0,8.0,1.0,1482.0,1537.0,1680.52099609375,1675.0,0.0,1546.0
128575,F9D23,150,2.0,2.0,X,0.01,0.5,0.54,0.0,0.02,9.0,1.0,18.0,1482.0,1527.0,1630.6507568359375,1636.0,2363.0,1538.0
128574,4D097,150,1.0,2.0,X,0.015,0.51,0.55,0.0,0.01,8.0,6.0,31.0,1487.0,1537.0,1653.7218017578125,1657.0,2118.0,1544.0
128573,4D097,150,7.0,9.0,X,0.015,0.51,0.55,0.0,0.01,9.0,4.0,26.0,1487.0,1537.0,1638.137939453125,1640.0,2294.0,1549.0
128572,4D097,150,6.0,9.0,X,0.015,0.51,0.55,0.0,0.01,9.0,5.0,66.0,1487.0,1537.0,1638.857421875,1642.0,2359.0,1549.0
128571,4D097,150,5.0,9.0,X,0.015,0.51,0.55,0.0,0.01,8.0,1.0,17.0,1487.0,1537.0,1637.7073974609375,1637.0,2022.0,1542.0
128570,4D097,150,4.0,9.0,X,0.015,0.51,0.55,0.0,0.01,7.0,6.0,30.0,1487.0,1537.0,1642.4002685546875,1644.0,1768.0,1541.0
128569,4D097,150,3.0,9.0,X,0.015,0.51,0.55,0.0,0.01,8.0,4.0,25.0,1487.0,1537.0,1641.299072265625,1642.0,2012.0,1545.0
128568,4D097,150,2.0,9.0,X,0.015,0.51,0.55,0.0,0.01,8.0,5.0,65.0,1487.0,1537.0,1637.8338623046875,1642.0,2077.0,1556.0
128567,4D097,150,1.0,9.0,X,0.015,0.51,0.55,0.0,0.01,7.0,1.0,16.0,1487.0,1537.0,1658.30078125,1659.0,1756.0,1552.0
128566,EB567,150,4.0,4.0,V,0.01,0.35,0.38,0.016,0.045,6.0,6.0,29.0,1480.0,1540.0,1649.5689697265625,1653.0,1503.0,1541.0
128565,EB567,150,3.0,4.0,V,0.01,0.35,0.38,0.016,0.045,7.0,4.0,24.0,1480.0,1540.0,1650.6514892578125,1651.0,1742.0,1543.0
128564,E1B6A,150,2.0,4.0,X,0.02,0.18,0.2,0.0,0.015,7.0,5.0,64.0,1501.0,1546.0,1647.1754150390625,1646.0,1805.0,1551.0
128563,A72C7,150,1.0,4.0,X,0.015,0.41,0.43,0.0,0.015,6.0,1.0,15.0,1481.0,1536.0,1655.59521484375,1658.0,1480.0,1555.0
128562,A7B3C,150,2.0,2.0,X,0.025,0.2,0.23,0.01,0.01,5.0,6.0,28.0,1504.0,1549.0,1649.15478515625,1652.0,1195.0,1559.0
128561,A7B3C,150,1.0,2.0,X,0.025,0.2,0.23,0.01,0.01,6.0,4.0,23.0,1504.0,1549.0,1668.191162109375,1663.0,1436.0,1552.0
128560,9E44C,150,3.0,3.0,X,0.02,0.18,0.2,0.01,0.02,6.0,5.0,63.0,1500.0,1540.0,1650.553955078125,1666.0,1512.0,1568.0
128559,9E44C,150,2.0,3.0,X,0.02,0.18,0.2,0.01,0.02,5.0,1.0,14.0,1500.0,1540.0,1651.1307373046875,1650.0,1191.0,1550.0
128558,9E44C,150,1.0,3.0,X,0.02,0.18,0.2,0.01,0.02,5.0,2.0,42.0,1500.0,1540.0,1664.4241943359375,1673.0,1189.0,1546.0
128557,D398B,150,2.0,2.0,X,0.02,0.2,0.22,0.009,0.02,4.0,6.0,27.0,1506.0,1551.0,1647.8795166015625,1652.0,879.0,1554.0
128556,D398B,150,1.0,2.0,X,0.02,0.2,0.22,0.009,0.02,5.0,4.0,22.0,1506.0,1551.0,1675.91943359375,1674.0,1140.0,1551.0
128555,68448,150,7.0,7.0,X,0.02,0.15,0.17,0.008,0.02,5.0,5.0,62.0,1507.0,1551.0,1661.4105224609375,1687.0,1220.0,1562.0
128554,68448,150,6.0,7.0,X,0.02,0.15,0.17,0.008,0.02,4.0,1.0,13.0,1507.0,1551.0,1658.3961181640625,1666.0,902.0,1561.0
128553,CA2FD,150,5.0,7.0,X,0.02,0.15,0.17,0.009,0.02,4.0,2.0,41.0,1507.0,1551.0,0.0,1671.0,906.0,1562.0
128552,CA2FD,150,4.0,7.0,X,0.02,0.15,0.17,0.009,0.02,3.0,6.0,26.0,1507.0,1551.0,1656.9705810546875,1662.0,590.0,1560.0
128551,E7999,150,3.0,7.0,X,0.02,0.16,0.18,0.012,0.01,4.0,4.0,21.0,1506.0,1551.0,1668.2725830078125,1675.0,841.0,1561.0
128550,E7999,150,2.0,7.0,X,0.02,0.16,0.18,0.012,0.01,4.0,5.0,61.0,1506.0,1551.0,1668.8963623046875,1663.0,919.0,1557.0
128549,E7999,150,1.0,7.0,X,0.02,0.16,0.18,0.012,0.01,3.0,1.0,12.0,1506.0,1551.0,1693.1632080078125,1696.0,608.0,1556.0
128548,E0B89,150,7.0,7.0,X,0.02,0.22,0.25,0.01,0.015,3.0,2.0,40.0,1501.0,1541.0,1648.3271484375,1650.0,608.0,1550.0
128547,AB910,150,6.0,7.0,X,0.02,0.4,0.45,0.0,0.02,2.0,6.0,25.0,1483.0,1538.0,1642.763916015625,1644.0,311.0,1545.0
128546,AB910,150,5.0,7.0,X,0.02,0.4,0.45,0.0,0.02,3.0,4.0,20.0,1483.0,1538.0,1638.503662109375,1635.0,560.0,1539.0
128545,AB910,150,4.0,7.0,X,0.02,0.4,0.45,0.0,0.02,3.0,5.0,60.0,1483.0,1538.0,1644.277587890625,1642.0,631.0,1544.0
128544,AB910,150,3.0,7.0,X,0.02,0.4,0.45,0.0,0.02,2.0,1.0,11.0,1483.0,1538.0,1640.9766845703125,1638.0,316.0,1550.0
128543,AB910,150,2.0,7.0,X,0.02,0.4,0.45,0.0,0.02,2.0,2.0,39.0,1483.0,1538.0,1642.687744140625,1644.0,317.0,1546.0
128542,AB910,150,1.0,7.0,X,0.02,0.4,0.45,0.0,0.02,1.0,6.0,24.0,1483.0,1538.0,1680.4703369140625,1682.0,0.0,1537.0
128541,BB21B,150,6.0,6.0,V,0.0,0.45,0.48,0.018,0.05,2.0,4.0,19.0,1472.0,1517.0,1624.43408203125,1636.0,252.0,1527.0
128540,BB21B,150,5.0,6.0,V,0.0,0.45,0.48,0.018,0.05,2.0,5.0,59.0,1472.0,1517.0,1624.8524169921875,1634.0,323.0,1530.0
128539,9A58C,150,4.0,6.0,X,0.0,0.37,0.45,0.008,0.08,1.0,1.0,10.0,1480.0,1530.0,1641.4482421875,1657.0,0.0,1542.0
128538,9A58C,150,3.0,6.0,X,0.0,0.37,0.45,0.008,0.08,1.0,2.0,38.0,1480.0,1530.0,1641.5780029296875,1658.0,0.0,1532.0
128537,9A58C,150,2.0,6.0,X,0.0,0.37,0.45,0.008,0.08,1.0,4.0,18.0,1480.0,1530.0,1649.603515625,1657.0,0.0,1540.0
128536,9A58C,150,1.0,6.0,X,0.0,0.37,0.45,0.008,0.08,1.0,5.0,58.0,1480.0,1530.0,1671.7574462890625,1659.0,0.0,1543.0
128535,2737C,300,5.0,5.0,X,0.005,0.45,0.49,0.0,0.015,27.0,2.0,37.0,1480.0,1520.0,1625.27783203125,1636.0,8261.0,1523.0
128534,15370,300,4.0,6.0,X,0.01,0.45,0.48,0.0,0.02,17.0,4.0,17.0,1480.0,1525.0,1642.287841796875,1634.0,5322.0,1539.0
128533,A0D69,300,3.0,6.0,X,0.02,0.18,0.21,0.0,0.0,4.0,1.0,9.0,1510.0,1550.0,1658.044189453125,1655.0,902.0,1555.0
128532,A0D69,300,2.0,6.0,X,0.02,0.18,0.21,0.0,0.0,11.0,6.0,23.0,1510.0,1550.0,1665.38623046875,1663.0,3246.0,1554.0
128531,FC47C,300,1.0,6.0,X,0.015,0.45,0.48,0.0,0.01,15.0,5.0,57.0,1480.0,1525.0,1652.5111083984375,1649.0,4645.0,1531.0
128530,248B5,300,3.0,3.0,X,0.02,0.21,0.23,0.009,0.02,26.0,2.0,36.0,1506.0,1551.0,1671.003173828125,1665.0,7961.0,1562.0
128529,248B5,300,2.0,3.0,X,0.02,0.21,0.23,0.009,0.02,16.0,4.0,16.0,1506.0,1551.0,1671.00390625,1674.0,5020.0,1552.0
128528,AB29D,300,1.0,3.0,X,0.015,0.44,0.46,0.0,0.01,3.0,1.0,8.0,1479.0,1524.0,1652.8807373046875,1653.0,608.0,1531.0
128527,83A35,300,7.0,7.0,X,0.005,0.37,0.45,0.0,0.08,10.0,6.0,22.0,1480.0,1520.0,1623.6038818359375,1632.0,2929.0,1520.0
128526,04ABF,300,6.0,7.0,V,0.0,0.34,0.38,0.015,0.065,14.0,5.0,56.0,1470.0,1515.0,1632.36083984375,1643.0,4313.0,1529.0
128525,DCC51,300,5.0,7.0,V,0.01,0.29,0.32,0.012,0.03,25.0,2.0,35.0,1486.0,1536.0,1660.7574462890625,1668.0,7629.0,1531.0
128524,DCC51,300,4.0,7.0,V,0.01,0.29,0.32,0.012,0.03,15.0,4.0,15.0,1486.0,1536.0,1656.4775390625,1656.0,4687.0,1537.0
128523,E1B6A,300,3.0,7.0,X,0.02,0.18,0.2,0.0,0.015,2.0,1.0,7.0,1501.0,1546.0,1659.251220703125,1660.0,279.0,1546.0
128522,E1B6A,300,2.0,7.0,X,0.02,0.18,0.2,0.0,0.015,9.0,6.0,21.0,1501.0,1546.0,1659.251220703125,1663.0,2632.0,1550.0
128521,E1B6A,300,1.0,7.0,X,0.02,0.18,0.2,0.0,0.015,13.0,5.0,55.0,1501.0,1546.0,1690.14013671875,1690.0,4032.0,1549.0
128520,6D507,300,7.0,7.0,X,0.02,0.27,0.29,0.009,0.02,24.0,2.0,34.0,1500.0,1540.0,1658.298095703125,1672.0,7348.0,1554.0
128519,6D507,300,6.0,7.0,X,0.02,0.27,0.29,0.009,0.02,14.0,4.0,14.0,1500.0,1540.0,1660.6580810546875,1664.0,4411.0,1550.0
128518,6D507,300,5.0,7.0,X,0.02,0.27,0.29,0.009,0.02,1.0,1.0,6.0,1500.0,1540.0,1671.2286376953125,1687.0,0.0,1552.0
128517,6D507,300,4.0,7.0,X,0.02,0.27,0.29,0.009,0.02,8.0,6.0,20.0,1500.0,1540.0,1663.22509765625,1666.0,2354.0,1542.0
128516,6D507,300,3.0,7.0,X,0.02,0.27,0.29,0.009,0.02,12.0,5.0,54.0,1500.0,1540.0,1660.222412109375,1659.0,3619.0,1557.0
128515,D2F4A,300,2.0,7.0,V,0.01,0.36,0.38,0.012,0.02,23.0,2.0,33.0,1481.0,1536.0,1651.886962890625,1659.0,6905.0,1534.0
128514,D2F4A,300,1.0,7.0,V,0.01,0.36,0.38,0.012,0.02,13.0,4.0,13.0,1481.0,1536.0,1676.6025390625,1660.0,3965.0,1539.0
128513,2D42F,300,8.0,8.0,B,0.005,0.36,0.39,0.0,0.01,7.0,6.0,19.0,1492.0,1547.0,1664.0848388671875,1667.0,1948.0,1558.0
128512,2D42F,300,7.0,8.0,B,0.005,0.36,0.39,0.0,0.01,5.0,1.0,5.0,1492.0,1547.0,1667.256103515625,1675.0,1280.0,1562.0
128511,2D42F,300,6.0,8.0,B,0.005,0.36,0.39,0.0,0.01,11.0,5.0,53.0,1492.0,1547.0,1664.958251953125,1658.0,3293.0,1555.0
128510,2D42F,300,5.0,8.0,B,0.005,0.36,0.39,0.0,0.01,22.0,2.0,32.0,1492.0,1547.0,1661.3770751953125,1654.0,6609.0,1538.0
128509,2D42F,300,4.0,8.0,B,0.005,0.36,0.39,0.0,0.01,12.0,4.0,12.0,1492.0,1547.0,1662.7332763671875,1665.0,3660.0,1535.0
128508,2D42F,300,3.0,8.0,B,0.005,0.36,0.39,0.0,0.01,6.0,6.0,18.0,1492.0,1547.0,1662.630126953125,1665.0,1661.0,1546.0
128507,2D42F,300,2.0,8.0,B,0.005,0.36,0.39,0.0,0.01,4.0,1.0,4.0,1492.0,1547.0,1661.1083984375,1664.0,979.0,1561.0
128506,2D42F,300,1.0,8.0,B,0.005,0.36,0.39,0.0,0.01,10.0,5.0,52.0,1492.0,1547.0,1691.2421875,1687.0,2978.0,1547.0
128505,27A7C,300,4.0,4.0,X,0.02,0.43,0.47,0.0,0.015,21.0,2.0,31.0,1480.0,1515.0,1628.1932373046875,1649.0,6278.0,1523.0
128504,27A7C,300,3.0,4.0,X,0.02,0.43,0.47,0.0,0.015,11.0,4.0,11.0,1480.0,1515.0,1629.306884765625,1634.0,3322.0,1524.0
128503,27A7C,300,2.0,4.0,X,0.02,0.43,0.47,0.0,0.015,5.0,6.0,17.0,1480.0,1515.0,1630.0836181640625,1634.0,1300.0,1537.0
128502,27A7C,300,1.0,4.0,X,0.02,0.43,0.47,0.0,0.015,3.0,1.0,3.0,1480.0,1515.0,1642.4312744140625,1663.0,628.0,1521.0
128501,27A7C,300,4.0,4.0,X,0.02,0.43,0.47,0.0,0.015,9.0,5.0,51.0,1480.0,1515.0,1629.8433837890625,1645.0,2631.0,1532.0
128500,27A7C,300,3.0,4.0,X,0.02,0.43,0.47,0.0,0.015,20.0,2.0,30.0,1480.0,1515.0,1627.2286376953125,1637.0,5933.0,1515.0
128499,27A7C,300,2.0,4.0,X,0.02,0.43,0.47,0.0,0.015,10.0,4.0,10.0,1480.0,1515.0,1628.165283203125,1636.0,2996.0,1521.0
128498,27A7C,300,1.0,4.0,X,0.02,0.43,0.47,0.0,0.015,4.0,6.0,16.0,1480.0,1515.0,1641.616943359375,1644.0,978.0,1527.0
128497,A63F7,300,6.0,7.0,V,0.01,0.41,0.43,0.014,0.02,2.0,1.0,2.0,1475.0,1525.0,1652.197998046875,1654.0,280.0,1530.0
128496,BB21B,300,5.0,7.0,V,0.0,0.45,0.48,0.018,0.05,8.0,5.0,50.0,1472.0,1514.0,1614.4825439453125,1627.0,2292.0,1522.0
128495,44D42,300,4.0,7.0,V,0.01,0.34,0.37,0.01,0.02,19.0,2.0,29.0,1489.0,1534.0,1653.168212890625,1655.0,5606.0,1540.0
128494,44D42,300,3.0,7.0,V,0.01,0.34,0.37,0.01,0.02,9.0,4.0,9.0,1489.0,1534.0,1641.774658203125,1645.0,2670.0,1549.0
128493,44D42,300,2.0,7.0,V,0.01,0.34,0.37,0.01,0.02,3.0,6.0,15.0,1489.0,1534.0,1651.1668701171875,1650.0,666.0,1532.0
128492,4D097,300,1.0,7.0,X,0.015,0.51,0.55,0.0,0.01,1.0,1.0,1.0,1487.0,1527.0,1673.7410888671875,1687.0,0.0,1513.0
128491,889AE,300,4.0,4.0,B,0.02,0.16,0.18,0.012,0.01,7.0,5.0,49.0,1507.0,1532.0,1634.3677978515625,1646.0,2003.0,1541.0
128490,889AE,300,3.0,4.0,B,0.02,0.16,0.18,0.012,0.01,19.0,3.0,54.0,1507.0,1532.0,1633.8631591796875,1652.0,5251.0,1550.0
128489,889AE,300,2.0,4.0,B,0.02,0.16,0.18,0.012,0.01,8.0,4.0,8.0,1507.0,1532.0,1634.923828125,1649.0,2376.0,1548.0
128488,889AE,300,1.0,4.0,B,0.02,0.16,0.18,0.012,0.01,18.0,2.0,28.0,1507.0,1532.0,1665.1124267578125,1678.0,5206.0,1543.0
128487,E2E8F,300,7.0,7.0,X,0.0,0.85,0.95,0.0,0.0,18.0,2.0,28.0,1465.0,1490.0,1609.201416015625,1619.0,5143.0,1496.0
128486,E2E8F,300,6.0,7.0,X,0.0,0.85,0.95,0.0,0.0,6.0,5.0,48.0,1465.0,1490.0,1607.760498046875,1606.0,1714.0,1490.0
128485,E2E8F,300,5.0,7.0,X,0.0,0.85,0.95,0.0,0.0,18.0,3.0,53.0,1465.0,1490.0,1611.4930419921875,1615.0,4950.0,1492.0
128484,E2E8F,300,4.0,7.0,X,0.0,0.85,0.95,0.0,0.0,7.0,4.0,7.0,1465.0,1490.0,1608.021728515625,1611.0,2066.0,1493.0
128483,E2E8F,300,3.0,7.0,X,0.0,0.85,0.95,0.0,0.0,1.0,6.0,13.0,1465.0,1490.0,1630.67333984375,1631.0,0.0,1496.0
128482,E2E8F,300,4.0,9.0,X,0.0,0.85,0.95,0.0,0.0,5.0,5.0,47.0,1465.0,1490.0,1610.2265625,1616.0,1320.0,1492.0
128481,E2E8F,300,3.0,9.0,X,0.0,0.85,0.95,0.0,0.0,17.0,2.0,27.0,1465.0,1490.0,1608.2010498046875,1609.0,4624.0,1512.0
128480,E2E8F,300,2.0,9.0,X,0.0,0.85,0.95,0.0,0.0,17.0,3.0,52.0,1465.0,1490.0,1606.809814453125,1610.0,4491.0,1495.0
128479,E2E8F,300,1.0,9.0,X,0.0,0.85,0.95,0.0,0.0,6.0,4.0,6.0,1465.0,1490.0,1622.490478515625,1624.0,1572.0,1498.0
128478,E2E8F,300,9.0,9.0,X,0.0,0.85,0.95,0.0,0.0,12.0,6.0,12.0,1465.0,1490.0,1607.0067138671875,1614.0,3141.0,1496.0
128477,E2E8F,300,8.0,9.0,X,0.0,0.85,0.95,0.0,0.0,4.0,5.0,46.0,1465.0,1490.0,1606.2740478515625,1609.0,904.0,1501.0
128476,E2E8F,300,7.0,9.0,X,0.0,0.85,0.95,0.0,0.0,16.0,2.0,26.0,1465.0,1490.0,1606.2740478515625,1610.0,4218.0,1499.0
128475,E2E8F,300,6.0,9.0,X,0.0,0.85,0.95,0.0,0.0,16.0,3.0,51.0,1465.0,1490.0,1606.2740478515625,1604.0,4087.0,1493.0
128474,E2E8F,300,5.0,9.0,X,0.0,0.85,0.95,0.0,0.0,5.0,4.0,5.0,1465.0,1490.0,1604.7796630859375,1606.0,1202.0,1502.0
128473,E2E8F,300,4.0,9.0,X,0.0,0.85,0.95,0.0,0.0,11.0,6.0,11.0,1465.0,1490.0,1604.70751953125,1605.0,2818.0,1491.0
128472,E2E8F,300,3.0,9.0,X,0.0,0.85,0.95,0.0,0.0,3.0,5.0,45.0,1465.0,1490.0,1606.814453125,1607.0,580.0,1494.0
128471,E2E8F,300,2.0,9.0,X,0.0,0.85,0.95,0.0,0.0,15.0,2.0,25.0,1465.0,1490.0,1607.1053466796875,1609.0,3884.0,1495.0
128470,E2E8F,300,1.0,9.0,X,0.0,0.85,0.95,0.0,0.0,15.0,3.0,50.0,1465.0,1490.0,1615.1048583984375,1615.0,3759.0,1492.0
128469,CB239,300,8.0,8.0,V,0.0,0.69,0.73,0.012,0.06,4.0,4.0,4.0,1474.0,1499.0,1613.9967041015625,1617.0,886.0,1511.0
128468,1987D,300,7.0,8.0,X,0.01,0.4,0.44,0.0,0.02,10.0,6.0,10.0,1483.0,1528.0,1640.6514892578125,1640.0,2517.0,1538.0
128467,A2DFA,300,6.0,8.0,X,0.005,0.43,0.5,0.0,0.0,2.0,5.0,44.0,1480.0,1525.0,1615.462646484375,1625.0,292.0,1533.0
128466,A2DFA,300,5.0,8.0,X,0.005,0.43,0.5,0.0,0.0,14.0,2.0,24.0,1480.0,1525.0,1617.05712890625,1620.0,3597.0,1537.0
128465,A2DFA,300,4.0,8.0,X,0.005,0.43,0.5,0.0,0.0,14.0,3.0,49.0,1480.0,1525.0,1618.6104736328125,1619.0,3478.0,1526.0
128464,116A5,300,3.0,8.0,X,0.02,0.5,0.52,0.0,0.0,3.0,4.0,3.0,1488.0,1528.0,1649.702880859375,1655.0,599.0,1540.0
128463,116A5,300,2.0,8.0,X,0.02,0.5,0.52,0.0,0.0,9.0,6.0,9.0,1488.0,1528.0,1640.0218505859375,1648.0,2224.0,1533.0
128462,116A5,300,1.0,8.0,X,0.02,0.5,0.52,0.0,0.0,1.0,5.0,43.0,1488.0,1528.0,1678.9080810546875,1688.0,0.0,1522.0
128461,7B0D4,300,9.0,9.0,X,0.01,0.47,0.5,0.0,0.02,13.0,2.0,23.0,1483.0,1523.0,1628.774169921875,1643.0,3298.0,1549.0
128460,7B0D4,300,8.0,9.0,X,0.01,0.47,0.5,0.0,0.02,13.0,3.0,48.0,1483.0,1523.0,1634.5626220703125,1638.0,3175.0,1533.0
128459,2E33F,300,7.0,9.0,X,0.008,0.46,0.49,0.0,0.0,2.0,4.0,2.0,1483.0,1528.0,1655.970703125,1668.0,285.0,1552.0
128458,2E33F,300,6.0,9.0,X,0.008,0.46,0.49,0.0,0.0,8.0,6.0,8.0,1483.0,1528.0,1644.0877685546875,1648.0,1891.0,1545.0
128457,2E33F,300,5.0,9.0,X,0.008,0.46,0.49,0.0,0.0,12.0,2.0,22.0,1483.0,1528.0,1643.0823974609375,1648.0,3028.0,1545.0
128456,D033D,300,4.0,9.0,X,0.02,0.47,0.49,0.009,0.0,12.0,3.0,47.0,1480.0,1515.0,1628.678466796875,1644.0,2885.0,1526.0
128455,2556F,300,3.0,9.0,X,0.01,0.48,0.53,0.008,0.0,1.0,4.0,1.0,1486.0,1516.0,1649.0062255859375,1664.0,0.0,1542.0
128454,3B7FC,300,2.0,9.0,X,0.005,0.46,0.5,0.0,0.015,7.0,6.0,7.0,1480.0,1525.0,1624.1776123046875,1642.0,1632.0,1537.0
128453,3B7FC,300,1.0,9.0,X,0.005,0.46,0.5,0.0,0.015,11.0,2.0,21.0,1480.0,1525.0,1653.035400390625,1662.0,2721.0,1544.0
128452,980AE,300,2.0,2.0,B,0.015,0.29,0.31,0.0,0.0,11.0,3.0,46.0,1494.0,1534.0,1645.4730224609375,1660.0,2583.0,1544.0
128451,1E6E6,300,1.0,2.0,X,0.025,0.19,0.23,0.01,0.015,6.0,6.0,6.0,1505.0,1545.0,1686.561767578125,1684.0,1386.0,1553.0
128450,1E6E6,300,3.0,5.0,X,0.025,0.19,0.23,0.01,0.015,10.0,2.0,20.0,1505.0,1545.0,1657.6982421875,1656.0,2480.0,1551.0
128449,1E6E6,300,2.0,5.0,X,0.025,0.19,0.23,0.01,0.015,10.0,3.0,45.0,1505.0,1545.0,1648.214599609375,1649.0,2339.0,1549.0
128448,1E6E6,300,1.0,5.0,X,0.025,0.19,0.23,0.01,0.015,5.0,6.0,5.0,1505.0,1545.0,1684.7401123046875,1684.0,1147.0,1547.0
128447,F7C5E,300,6.0,6.0,X,0.015,0.27,0.29,0.009,0.0,9.0,16.0,51.0,1501.0,1551.0,1674.7626953125,1709.0,2120.0,1573.0
128446,F7C5E,300,5.0,6.0,X,0.015,0.27,0.29,0.009,0.0,9.0,2.0,19.0,1501.0,1551.0,1674.7117919921875,1705.0,2234.0,1558.0
128445,F7C5E,300,4.0,6.0,X,0.015,0.27,0.29,0.009,0.0,9.0,3.0,44.0,1501.0,1551.0,1674.342529296875,1686.0,2111.0,1541.0
128444,603D2,300,3.0,6.0,X,0.01,0.26,0.29,0.009,0.02,4.0,6.0,4.0,1496.0,1536.0,1646.00927734375,1653.0,922.0,1544.0
128443,27480,300,2.0,6.0,X,0.02,0.21,0.23,0.009,0.02,8.0,16.0,50.0,1506.0,1551.0,1669.7738037109375,1670.0,1899.0,1560.0
128442,27480,300,1.0,6.0,X,0.02,0.21,0.23,0.009,0.02,8.0,2.0,18.0,1506.0,1551.0,1686.708251953125,1690.0,2003.0,1547.0
128441,D04BA,300,6.0,6.0,X,0.02,0.19,0.23,0.01,0.015,8.0,3.0,43.0,1504.0,1544.0,1654.5760498046875,1661.0,1883.0,1552.0
128440,3D92C,300,5.0,6.0,X,0.01,0.39,0.41,0.0,0.02,3.0,6.0,3.0,1485.0,1520.0,1637.47265625,1647.0,697.0,1526.0
128439,90F69,300,4.0,6.0,V,0.015,0.28,0.31,0.0,0.0,7.0,16.0,49.0,1496.0,1551.0,1673.87451171875,1672.0,1672.0,1551.0
128438,90F69,300,3.0,6.0,V,0.015,0.28,0.31,0.0,0.0,7.0,2.0,17.0,1496.0,1551.0,1670.666259765625,1675.0,1779.0,1556.0
128437,90F69,300,2.0,6.0,V,0.015,0.28,0.31,0.0,0.0,7.0,3.0,42.0,1496.0,1551.0,1669.4703369140625,1677.0,1651.0,1547.0
128436,E7641,300,7.0,7.0,X,0.015,0.58,0.62,0.0,0.0,6.0,7.0,53.0,1480.0,1520.0,1632.6614990234375,1691.0,1403.0,1558.0
128435,E7641,300,6.0,7.0,X,0.015,0.58,0.62,0.0,0.0,2.0,6.0,2.0,1480.0,1520.0,1626.92724609375,1645.0,310.0,1530.0
128434,3EFD8,300,5.0,7.0,X,0.005,0.33,0.36,0.0,0.02,6.0,16.0,48.0,1490.0,1535.0,1645.357666015625,1655.0,1271.0,1533.0
128433,F7AB5,300,4.0,7.0,X,0.015,0.42,0.44,0.0,0.02,6.0,2.0,16.0,1481.0,1526.0,1644.3653564453125,1655.0,1380.0,1523.0
128432,F7AB5,300,3.0,7.0,X,0.015,0.42,0.44,0.0,0.02,6.0,3.0,41.0,1481.0,1526.0,1641.223388671875,1643.0,1250.0,1526.0
128431,F7AB5,300,2.0,7.0,X,0.015,0.42,0.44,0.0,0.02,5.0,7.0,52.0,1481.0,1526.0,1641.7738037109375,1647.0,1022.0,1533.0
128430,F7AB5,300,1.0,7.0,X,0.015,0.42,0.44,0.0,0.02,1.0,6.0,1.0,1481.0,1526.0,1688.6129150390625,1691.0,0.0,1528.0
128429,4B82B,300,8.0,8.0,X,0.02,0.3,0.33,0.006,0.02,5.0,16.0,47.0,1495.0,1540.0,1644.1077880859375,1660.0,976.0,1555.0
128428,4B82B,300,7.0,8.0,X,0.02,0.3,0.33,0.006,0.02,5.0,2.0,15.0,1495.0,1540.0,1638.0950927734375,1651.0,1088.0,1545.0
128427,4B82B,300,6.0,8.0,X,0.02,0.3,0.33,0.006,0.02,5.0,3.0,40.0,1495.0,1540.0,1643.755126953125,1647.0,966.0,1548.0
128426,4B82B,300,5.0,8.0,X,0.02,0.3,0.33,0.006,0.02,4.0,7.0,51.0,1495.0,1540.0,1644.0672607421875,1646.0,739.0,1556.0
128425,4B82B,300,4.0,8.0,X,0.02,0.3,0.33,0.006,0.02,4.0,16.0,46.0,1495.0,1540.0,1644.254150390625,1646.0,749.0,1549.0
128424,4B82B,300,3.0,8.0,X,0.02,0.3,0.33,0.006,0.02,4.0,2.0,14.0,1495.0,1540.0,1642.2972412109375,1645.0,866.0,1548.0
128423,4B82B,300,2.0,8.0,X,0.02,0.3,0.33,0.006,0.02,4.0,3.0,39.0,1495.0,1540.0,1645.0166015625,1647.0,749.0,1551.0
128422,4B82B,300,1.0,8.0,X,0.02,0.3,0.33,0.006,0.02,3.0,7.0,50.0,1495.0,1540.0,1664.7159423828125,1662.0,529.0,1554.0
128421,889AE,300,4.0,4.0,B,0.02,0.16,0.18,0.012,0.01,3.0,16.0,45.0,1507.0,1532.0,1638.25537109375,1640.0,525.0,1551.0
128420,889AE,300,3.0,4.0,B,0.02,0.16,0.18,0.012,0.01,3.0,2.0,13.0,1507.0,1532.0,1638.1893310546875,1639.0,635.0,1550.0
128419,889AE,300,2.0,4.0,B,0.02,0.16,0.18,0.012,0.01,3.0,3.0,38.0,1507.0,1532.0,1637.561767578125,1640.0,512.0,1542.0
128418,889AE,300,1.0,4.0,B,0.02,0.16,0.18,0.012,0.01,2.0,7.0,49.0,1507.0,1532.0,1666.3701171875,1673.0,264.0,1543.0
128417,57414,300,7.0,7.0,X,0.01,0.38,0.43,0.0,0.02,2.0,16.0,44.0,1486.0,1526.0,1632.9405517578125,1649.0,264.0,1543.0
128416,57414,300,6.0,7.0,X,0.01,0.38,0.43,0.0,0.02,2.0,2.0,12.0,1486.0,1526.0,1633.41943359375,1642.0,379.0,1532.0
128415,57414,300,5.0,7.0,X,0.01,0.38,0.43,0.0,0.02,2.0,3.0,37.0,1486.0,1526.0,1634.2674560546875,1644.0,252.0,1532.0
128414,57414,300,4.0,7.0,X,0.01,0.38,0.43,0.0,0.02,1.0,7.0,48.0,1486.0,1526.0,1653.443115234375,1677.0,0.0,1545.0
128413,57414,300,3.0,7.0,X,0.01,0.38,0.43,0.0,0.02,1.0,16.0,43.0,1486.0,1526.0,1655.338623046875,1671.0,0.0,1540.0
128412,B3CD5,300,2.0,7.0,X,0.015,0.41,0.44,0.0,0.02,1.0,3.0,36.0,1484.0,1519.0,1642.73876953125,1680.0,0.0,1531.0
128411,B3CD5,300,1.0,7.0,X,0.015,0.41,0.44,0.0,0.02,1.0,2.0,11.0,1484.0,1519.0,1675.6298828125,1656.0,0.0,1537.0
128410,90F69,300,1.0,5.0,V,0.015,0.28,0.31,0.0,0.0,1.0,8.0,54.0,1496.0,1551.0,1702.3780517578125,1705.0,0.0,1568.0
128409,AFB81,300,9.0,9.0,X,0.02,0.15,0.17,0.009,0.02,6.0,7.0,47.0,1506.0,1546.0,1649.46044921875,1658.0,1397.0,1557.0
128408,CA2FD,300,8.0,9.0,X,0.02,0.15,0.17,0.009,0.02,6.0,3.0,35.0,1507.0,1552.0,1653.2645263671875,1662.0,1279.0,1567.0
128407,CA2FD,300,7.0,9.0,X,0.02,0.15,0.17,0.009,0.02,5.0,16.0,42.0,1507.0,1552.0,1653.2645263671875,1656.0,968.0,1567.0
128406,CA2FD,300,6.0,9.0,X,0.02,0.15,0.17,0.009,0.02,5.0,2.0,10.0,1507.0,1552.0,1655.4893798828125,1655.0,1018.0,1554.0
128405,CA2FD,300,5.0,9.0,X,0.02,0.15,0.17,0.009,0.02,5.0,7.0,46.0,1507.0,1552.0,1657.545166015625,1661.0,1176.0,1566.0
128404,CA2FD,300,4.0,9.0,X,0.02,0.15,0.17,0.009,0.02,5.0,3.0,34.0,1507.0,1552.0,1661.0615234375,1664.0,1050.0,1563.0
128403,CA2FD,300,3.0,9.0,X,0.02,0.15,0.17,0.009,0.02,4.0,16.0,41.0,1507.0,1552.0,1660.9892578125,1663.0,733.0,1565.0
128402,C2394,300,2.0,9.0,X,0.02,0.17,0.22,0.01,0.01,4.0,2.0,9.0,1502.0,1537.0,1643.8406982421875,1647.0,783.0,1554.0
128401,C2394,300,1.0,9.0,X,0.02,0.17,0.22,0.01,0.01,4.0,7.0,45.0,1502.0,1537.0,1662.3345947265625,1665.0,945.0,1546.0
128400,80160,300,4.0,4.0,X,0.015,0.4,0.45,0.0,0.02,4.0,3.0,33.0,1487.0,1522.0,1626.0601806640625,1629.0,827.0,1545.0
128399,80160,300,3.0,4.0,X,0.015,0.4,0.45,0.0,0.02,3.0,16.0,40.0,1487.0,1522.0,1626.44921875,1629.0,518.0,1538.0
128398,80160,300,2.0,4.0,X,0.015,0.4,0.45,0.0,0.02,3.0,2.0,8.0,1487.0,1522.0,1626.561767578125,1626.0,571.0,1538.0
128397,80160,300,1.0,4.0,X,0.015,0.4,0.45,0.0,0.02,3.0,7.0,44.0,1487.0,1522.0,1651.57958984375,1654.0,728.0,1537.0
128396,80160,300,4.0,4.0,X,0.015,0.4,0.45,0.0,0.02,3.0,3.0,32.0,1487.0,1522.0,1631.2518310546875,1634.0,608.0,1537.0
128395,80160,300,3.0,4.0,X,0.015,0.4,0.45,0.0,0.02,2.0,16.0,39.0,1487.0,1522.0,1631.0501708984375,1633.0,300.0,1536.0
128394,80160,300,2.0,4.0,X,0.015,0.4,0.45,0.0,0.02,2.0,2.0,7.0,1487.0,1522.0,1633.2684326171875,1634.0,350.0,1531.0
128393,80160,300,1.0,4.0,X,0.015,0.4,0.45,0.0,0.02,2.0,7.0,43.0,1487.0,1522.0,1651.8751220703125,1647.0,494.0,1523.0
128392,80160,300,3.0,5.0,X,0.015,0.4,0.45,0.0,0.02,2.0,3.0,31.0,1487.0,1522.0,1631.2420654296875,1644.0,320.0,1541.0
128391,80160,300,2.0,5.0,X,0.015,0.4,0.45,0.0,0.02,1.0,16.0,38.0,1487.0,1522.0,1647.2032470703125,1655.0,0.0,1548.0
128390,80160,300,1.0,5.0,X,0.015,0.4,0.45,0.0,0.02,1.0,2.0,6.0,1487.0,1522.0,1673.73974609375,1681.0,0.0,1538.0
128389,80160,300,1.0,6.0,X,0.015,0.4,0.45,0.0,0.02,1.0,3.0,30.0,1487.0,1522.0,1647.24267578125,1671.0,0.0,
128388,80160,300,1.0,6.0,X,0.015,0.4,0.45,0.0,0.02,1.0,7.0,42.0,1487.0,1522.0,1673.5372314453125,1609.0,0.0,1478.0
128387,FE39B,300,4.0,4.0,X,0.02,0.21,0.23,0.0,0.02,13.0,3.0,29.0,1503.0,1548.0,1664.5755615234375,1660.0,3718.0,1555.0
128386,FE39B,300,3.0,5.0,X,0.02,0.21,0.23,0.0,0.02,4.0,2.0,5.0,1503.0,1548.0,1664.559326171875,1659.0,1016.0,1549.0
128385,FE39B,300,2.0,5.0,X,0.02,0.21,0.23,0.0,0.02,3.0,8.0,53.0,1503.0,1548.0,1661.9154052734375,1660.0,686.0,1559.0
128384,FE39B,300,1.0,5.0,X,0.02,0.21,0.23,0.0,0.02,1.0,16.0,37.0,1503.0,1548.0,1698.6741943359375,1711.0,0.0,1559.0
128383,DD6B5,300,5.0,5.0,X,0.02,0.2,0.23,0.01,0.02,3.0,7.0,41.0,1504.0,1549.0,1658.9193115234375,1662.0,613.0,1557.0
128382,E86A6,300,4.0,5.0,X,0.018,0.28,0.31,0.007,0.015,12.0,3.0,28.0,1497.0,1537.0,1644.6907958984375,1646.0,3391.0,1556.0
128381,E86A6,300,3.0,5.0,X,0.018,0.28,0.31,0.007,0.015,3.0,2.0,4.0,1497.0,1537.0,1650.393310546875,1652.0,674.0,1539.0
128380,E86A6,300,2.0,5.0,X,0.018,0.28,0.31,0.007,0.015,2.0,8.0,52.0,1497.0,1537.0,1647.23681640625,1650.0,344.0,1543.0
128379,E86A6,300,1.0,5.0,X,0.018,0.28,0.31,0.007,0.015,2.0,7.0,40.0,1497.0,1537.0,1664.056396484375,1664.0,335.0,1534.0
128378,48809,300,1.0,1.0,X,0.02,0.15,0.17,0.01,0.01,11.0,3.0,27.0,1503.0,1543.0,1672.451171875,1675.0,3101.0,1554.0
128377,8F8C3,300,7.0,7.0,X,0.015,0.19,0.22,0.009,0.025,10.0,16.0,36.0,1502.0,1547.0,1662.9627685546875,1658.0,2893.0,1549.0
128376,9E44C,300,6.0,7.0,X,0.02,0.18,0.2,0.01,0.02,2.0,2.0,3.0,1500.0,1540.0,1668.13818359375,1665.0,321.0,1553.0
128375,9E44C,300,5.0,7.0,X,0.02,0.18,0.2,0.01,0.02,1.0,8.0,51.0,1500.0,1540.0,1665.7864990234375,1669.0,0.0,1549.0
128374,3B8B5,300,4.0,7.0,X,0.02,0.17,0.2,0.01,0.02,1.0,7.0,39.0,1500.0,1540.0,1667.4527587890625,1660.0,0.0,1536.0
128373,E60DC,300,3.0,7.0,X,0.02,0.18,0.2,0.01,0.0,10.0,3.0,26.0,1504.0,1539.0,1653.0264892578125,1655.0,2769.0,1549.0
128372,E60DC,300,2.0,7.0,X,0.02,0.18,0.2,0.01,0.0,9.0,16.0,35.0,1504.0,1539.0,1652.612548828125,1656.0,2587.0,1544.0
128371,E60DC,300,1.0,7.0,X,0.02,0.18,0.2,0.01,0.0,1.0,2.0,2.0,1504.0,1539.0,1701.4874267578125,1711.0,0.0,1549.0
128370,FC47C,150,10.0,10.0,X,0.015,0.45,0.48,0.0,0.01,9.0,3.0,25.0,1482.0,1537.0,1643.7078857421875,1650.0,2355.0,1544.0
128369,FC47C,150,9.0,10.0,X,0.015,0.45,0.48,0.0,0.01,8.0,16.0,34.0,1482.0,1537.0,1644.216552734375,1646.0,2166.0,1535.0
128368,FC47C,150,8.0,10.0,X,0.015,0.45,0.48,0.0,0.01,9.0,8.0,50.0,1482.0,1537.0,1641.4114990234375,1645.0,2295.0,1545.0
128367,FC47C,150,7.0,10.0,X,0.015,0.45,0.48,0.0,0.01,8.0,7.0,38.0,1482.0,1537.0,1642.4266357421875,1644.0,2123.0,1538.0
128366,FC47C,150,6.0,10.0,X,0.015,0.45,0.48,0.0,0.01,1.0,2.0,1.0,1482.0,1537.0,1658.2841796875,1676.0,0.0,1539.0
128365,FC47C,150,5.0,10.0,X,0.015,0.45,0.48,0.0,0.01,8.0,3.0,24.0,1482.0,1537.0,1644.090576171875,1642.0,2057.0,1537.0
128364,FC47C,150,4.0,10.0,X,0.015,0.45,0.48,0.0,0.01,8.0,8.0,49.0,1482.0,1537.0,1643.8865966796875,1644.0,2049.0,1542.0
128363,FC47C,150,3.0,10.0,X,0.015,0.45,0.48,0.0,0.01,7.0,16.0,33.0,1482.0,1537.0,1645.129638671875,1646.0,1805.0,1543.0
128362,FC47C,150,2.0,10.0,X,0.015,0.45,0.48,0.0,0.01,7.0,7.0,37.0,1482.0,1537.0,1644.7496337890625,1648.0,1807.0,1544.0
128361,FC47C,150,1.0,10.0,X,0.015,0.45,0.48,0.0,0.01,5.0,15.0,60.0,1482.0,1537.0,1662.51611328125,1663.0,1231.0,1551.0
128360,D398B,150,2.0,2.0,X,0.02,0.2,0.22,0.009,0.02,7.0,3.0,23.0,1506.0,1551.0,1661.988037109375,1662.0,1738.0,1555.0
128359,D398B,150,1.0,2.0,X,0.02,0.2,0.22,0.009,0.02,7.0,8.0,48.0,1506.0,1551.0,1675.783447265625,1673.0,1730.0,1548.0
128358,BB21B,150,7.0,7.0,V,0.0,0.45,0.48,0.018,0.05,6.0,16.0,32.0,1472.0,1517.0,1622.5167236328125,1637.0,1488.0,1529.0
128357,BB21B,150,6.0,7.0,V,0.0,0.45,0.48,0.018,0.05,6.0,7.0,36.0,1472.0,1517.0,1619.4664306640625,1637.0,1496.0,1525.0
128356,BB21B,150,5.0,7.0,V,0.0,0.45,0.48,0.018,0.05,4.0,15.0,59.0,1472.0,1517.0,1617.2650146484375,1632.0,923.0,1518.0
128355,47D7D,150,4.0,7.0,X,0.0,0.37,0.41,0.011,0.08,6.0,3.0,22.0,1480.0,1530.0,1634.66455078125,1639.0,1432.0,1539.0
128354,47D7D,150,3.0,7.0,X,0.0,0.37,0.41,0.011,0.08,6.0,8.0,47.0,1480.0,1530.0,1631.462890625,1646.0,1432.0,1529.0
128353,9A58C,150,2.0,7.0,X,0.0,0.37,0.45,0.008,0.08,5.0,16.0,31.0,1480.0,1530.0,1635.6741943359375,1656.0,1190.0,1532.0
128352,9A58C,150,1.0,7.0,X,0.0,0.37,0.45,0.008,0.08,5.0,7.0,35.0,1480.0,1530.0,1652.1173095703125,1659.0,1199.0,1531.0
128351,81216,150,5.0,5.0,V,0.0,0.68,0.73,0.01,0.06,3.0,15.0,58.0,1474.0,1509.0,1613.543701171875,1626.0,629.0,1519.0
128350,81216,150,4.0,5.0,V,0.0,0.68,0.73,0.01,0.06,5.0,3.0,21.0,1474.0,1509.0,1608.373779296875,1604.0,1140.0,1512.0
128349,2737C,150,3.0,5.0,X,0.005,0.45,0.49,0.0,0.015,5.0,8.0,46.0,1480.0,1525.0,1623.7879638671875,1630.0,1142.0,1535.0
128348,4A0F0,150,2.0,5.0,X,0.0,0.39,0.42,0.0,0.03,4.0,16.0,30.0,1488.0,1533.0,1631.8228759765625,1629.0,902.0,1530.0
128347,2556F,150,3.0,7.0,X,0.01,0.48,0.53,0.008,0.0,4.0,7.0,34.0,1486.0,1531.0,1627.90283203125,1654.0,899.0,1531.0
128346,43C5C,150,2.0,7.0,X,0.005,0.5,0.53,0.0,0.02,2.0,15.0,57.0,1487.0,1532.0,1621.3363037109375,1624.0,297.0,1536.0
128345,43C5C,150,1.0,7.0,X,0.005,0.5,0.53,0.0,0.02,4.0,3.0,20.0,1487.0,1532.0,1658.09814453125,1660.0,805.0,1540.0
128344,1E6E6,150,9.0,9.0,X,0.025,0.19,0.23,0.01,0.015,4.0,8.0,45.0,1505.0,1550.0,1653.1632080078125,1654.0,798.0,1545.0
128343,4D097,150,8.0,9.0,X,0.015,0.51,0.55,0.0,0.01,3.0,16.0,29.0,1487.0,1537.0,1641.8912353515625,1643.0,561.0,1524.0
128342,4D097,150,7.0,9.0,X,0.015,0.51,0.55,0.0,0.01,3.0,7.0,33.0,1487.0,1537.0,1639.990234375,1648.0,565.0,1541.0
128341,4D097,150,6.0,9.0,X,0.015,0.51,0.55,0.0,0.01,1.0,15.0,56.0,1487.0,1537.0,1653.5701904296875,1655.0,0.0,1542.0
128340,4D097,150,5.0,9.0,X,0.015,0.51,0.55,0.0,0.01,3.0,3.0,19.0,1487.0,1537.0,1639.685546875,1636.0,504.0,1550.0
128339,4D097,150,4.0,9.0,X,0.015,0.51,0.55,0.0,0.01,3.0,8.0,44.0,1487.0,1537.0,1642.61767578125,1644.0,513.0,1540.0
128338,4D097,150,3.0,9.0,X,0.015,0.51,0.55,0.0,0.01,2.0,16.0,28.0,1487.0,1537.0,1643.5150146484375,1641.0,277.0,1536.0
128337,4D097,150,2.0,9.0,X,0.015,0.51,0.55,0.0,0.01,2.0,7.0,32.0,1487.0,1537.0,1642.6439208984375,1644.0,262.0,1543.0
128336,4D097,150,1.0,9.0,X,0.015,0.51,0.55,0.0,0.01,2.0,3.0,18.0,1487.0,1537.0,1659.064697265625,1667.0,241.0,1533.0
128335,EB567,150,5.0,5.0,V,0.01,0.35,0.38,0.016,0.045,2.0,8.0,43.0,1480.0,1540.0,1647.67431640625,1662.0,237.0,1555.0
128334,EB567,150,4.0,5.0,V,0.01,0.35,0.38,0.016,0.045,1.0,16.0,27.0,1480.0,1540.0,1657.451416015625,1679.0,0.0,1551.0
128333,EB567,150,3.0,5.0,V,0.01,0.35,0.38,0.016,0.045,1.0,7.0,31.0,1480.0,1540.0,1655.76416015625,1673.0,0.0,1545.0
128332,EB567,150,2.0,5.0,V,0.01,0.35,0.38,0.016,0.045,1.0,3.0,17.0,1480.0,1540.0,1658.9598388671875,1664.0,0.0,1533.0
128331,EB567,150,1.0,5.0,V,0.01,0.35,0.38,0.016,0.045,1.0,8.0,42.0,1480.0,1540.0,1684.5899658203125,1682.0,0.0,1531.0
128330,A72C7,150,2.0,2.0,X,0.015,0.41,0.43,0.0,0.015,3.0,16.0,26.0,1481.0,1536.0,1643.443359375,1645.0,660.0,1553.0
128329,6CBE8,150,1.0,2.0,B,0.01,0.36,0.38,0.0,0.02,16.0,3.0,16.0,1486.0,1531.0,1652.95458984375,1653.0,4906.0,1542.0
128328,CA2FD,150,7.0,7.0,X,0.02,0.15,0.17,0.009,0.02,26.0,7.0,30.0,1507.0,1551.0,1659.6583251953125,1662.0,7715.0,1561.0
128327,CA2FD,150,6.0,7.0,X,0.02,0.15,0.17,0.009,0.02,25.0,15.0,55.0,1507.0,1551.0,1658.426025390625,1660.0,7490.0,1554.0
128326,CA2FD,150,5.0,7.0,X,0.02,0.15,0.17,0.009,0.02,25.0,8.0,41.0,1507.0,1551.0,1655.00244140625,1658.0,7360.0,1551.0
128325,CA2FD,150,4.0,7.0,X,0.02,0.15,0.17,0.009,0.02,2.0,16.0,25.0,1507.0,1551.0,1655.6851806640625,1656.0,360.0,1547.0
128324,CA2FD,150,3.0,7.0,X,0.02,0.15,0.17,0.009,0.02,15.0,3.0,15.0,1507.0,1551.0,1655.51171875,1657.0,4614.0,1556.0
128323,CA2FD,150,2.0,7.0,X,0.02,0.15,0.17,0.009,0.02,25.0,7.0,29.0,1507.0,1551.0,1655.12744140625,1654.0,7423.0,1556.0
128322,CA2FD,150,1.0,7.0,X,0.02,0.15,0.17,0.009,0.02,24.0,15.0,54.0,1507.0,1551.0,1676.477294921875,1677.0,7180.0,1539.0
128321,F10E0,150,4.0,4.0,X,0.02,0.15,0.18,0.008,0.0,24.0,8.0,40.0,1511.0,1552.0,1650.02490234375,1668.0,7009.0,1567.0
128320,E7999,150,3.0,4.0,X,0.02,0.16,0.18,0.012,0.01,1.0,16.0,24.0,1506.0,1551.0,1675.3143310546875,1672.0,0.0,1560.0
128319,E7999,150,2.0,4.0,X,0.02,0.16,0.18,0.012,0.01,14.0,3.0,14.0,1506.0,1551.0,1667.461181640625,1656.0,4252.0,1554.0
128318,E7999,150,1.0,4.0,X,0.02,0.16,0.18,0.012,0.01,24.0,7.0,28.0,1506.0,1551.0,1685.7769775390625,1693.0,7052.0,1560.0
128317,B0EC5,300,2.0,2.0,V,0.01,0.36,0.39,0.015,0.02,23.0,15.0,53.0,1480.0,1530.0,1641.4317626953125,1666.0,6732.0,1546.0
128316,B0EC5,300,7.0,8.0,V,0.01,0.36,0.39,0.015,0.02,23.0,8.0,39.0,1480.0,1530.0,1635.881591796875,1662.0,6585.0,1528.0
128315,B7DF0,300,6.0,8.0,X,0.015,0.38,0.42,0.0,0.02,13.0,3.0,13.0,1486.0,1531.0,1642.959228515625,1642.0,3898.0,1538.0
128314,E1B6A,300,5.0,8.0,X,0.02,0.18,0.2,0.0,0.015,23.0,7.0,27.0,1501.0,1546.0,1660.5687255859375,1661.0,6693.0,1559.0
128313,E1B6A,300,4.0,8.0,X,0.02,0.18,0.2,0.0,0.015,23.0,16.0,23.0,1501.0,1546.0,1657.4205322265625,1659.0,7074.0,1546.0
128312,44D42,300,3.0,8.0,V,0.01,0.34,0.37,0.01,0.02,22.0,15.0,52.0,1489.0,1534.0,1652.3897705078125,1654.0,6403.0,1549.0
128311,44D42,300,2.0,8.0,V,0.01,0.34,0.37,0.01,0.02,22.0,8.0,38.0,1489.0,1534.0,1640.539306640625,1644.0,6271.0,1547.0
128310,9411A,300,1.0,8.0,X,0.015,0.38,0.42,0.0,0.02,12.0,3.0,12.0,1485.0,1530.0,1667.753662109375,1655.0,3572.0,1540.0
128309,D63DF,300,6.0,6.0,V,0.005,0.37,0.4,0.01,0.03,22.0,7.0,26.0,1480.0,1525.0,1636.1397705078125,1634.0,6376.0,1539.0
128308,D63DF,300,5.0,6.0,V,0.005,0.37,0.4,0.01,0.03,22.0,16.0,22.0,1480.0,1525.0,1634.76220703125,1637.0,6763.0,1534.0
128307,D63DF,300,4.0,6.0,V,0.005,0.37,0.4,0.01,0.03,21.0,15.0,51.0,1480.0,1525.0,1634.4901123046875,1636.0,6104.0,1530.0
128306,D63DF,300,3.0,6.0,V,0.005,0.37,0.4,0.01,0.03,21.0,8.0,37.0,1480.0,1525.0,1633.760009765625,1634.0,5978.0,1529.0
128305,D63DF,300,2.0,6.0,V,0.005,0.37,0.4,0.01,0.03,11.0,3.0,11.0,1480.0,1525.0,1636.14111328125,1633.0,3281.0,1528.0
128304,D63DF,300,1.0,6.0,V,0.005,0.37,0.4,0.01,0.03,21.0,7.0,25.0,1480.0,1525.0,1655.7344970703125,1657.0,6084.0,1536.0
128303,D63DF,300,7.0,7.0,V,0.005,0.37,0.4,0.01,0.03,21.0,16.0,21.0,1480.0,1525.0,1628.900390625,1631.0,6460.0,1535.0
128302,D63DF,300,6.0,7.0,V,0.005,0.37,0.4,0.01,0.03,20.0,15.0,50.0,1480.0,1525.0,1626.564208984375,1632.0,5798.0,1534.0
128301,D63DF,300,5.0,7.0,V,0.005,0.37,0.4,0.01,0.03,20.0,8.0,36.0,1480.0,1525.0,1633.2030029296875,1626.0,5677.0,1527.0
128300,D63DF,300,4.0,7.0,V,0.005,0.37,0.4,0.01,0.03,10.0,3.0,10.0,1480.0,1525.0,1633.1470947265625,1652.0,2991.0,1538.0
128299,D63DF,300,3.0,7.0,V,0.005,0.37,0.4,0.01,0.03,20.0,7.0,24.0,1480.0,1525.0,1633.1397705078125,1654.0,5795.0,1533.0
128298,D63DF,300,2.0,7.0,V,0.005,0.37,0.4,0.01,0.03,20.0,16.0,20.0,1480.0,1525.0,1628.031005859375,1642.0,6178.0,1531.0
128297,D63DF,300,1.0,7.0,V,0.005,0.37,0.4,0.01,0.03,19.0,15.0,49.0,1480.0,1525.0,1656.764892578125,1657.0,5519.0,1528.0
128296,DE12C,300,8.0,8.0,X,0.02,0.53,0.55,0.0,0.02,19.0,8.0,35.0,1486.0,1536.0,1650.617919921875,1661.0,5405.0,1553.0
128295,DE12C,300,7.0,8.0,X,0.02,0.53,0.55,0.0,0.02,9.0,3.0,9.0,1486.0,1536.0,1647.789306640625,1651.0,2721.0,1542.0
128294,DE12C,300,6.0,8.0,X,0.02,0.53,0.55,0.0,0.02,19.0,7.0,23.0,1486.0,1536.0,1647.54638671875,1651.0,5520.0,1542.0
128293,DE12C,300,5.0,8.0,X,0.02,0.53,0.55,0.0,0.02,19.0,16.0,19.0,1486.0,1536.0,1649.315673828125,1653.0,5871.0,1547.0
128292,DE12C,300,4.0,8.0,X,0.02,0.53,0.55,0.0,0.02,18.0,15.0,48.0,1486.0,1536.0,1649.6600341796875,1653.0,5193.0,1533.0
128291,5146B,300,3.0,8.0,X,0.005,0.45,0.48,0.0,0.0,18.0,8.0,34.0,1481.0,1526.0,1651.1265869140625,1663.0,5036.0,1536.0
128290,5146B,300,2.0,8.0,X,0.005,0.45,0.48,0.0,0.0,8.0,3.0,8.0,1481.0,1526.0,1657.177490234375,1659.0,2326.0,1545.0
128289,81834,300,1.0,8.0,X,0.015,0.43,0.47,0.0,0.0,18.0,7.0,22.0,1483.0,1528.0,1672.06884765625,1666.0,5130.0,1542.0
128288,27A7C,300,10.0,10.0,X,0.02,0.43,0.47,0.0,0.015,18.0,16.0,18.0,1480.0,1515.0,1631.8114013671875,1634.0,5500.0,1541.0
128287,A2DFA,300,9.0,10.0,X,0.005,0.43,0.5,0.0,0.0,17.0,15.0,47.0,1480.0,1525.0,1618.177978515625,1620.0,4840.0,1540.0
128286,A2DFA,300,8.0,10.0,X,0.005,0.43,0.5,0.0,0.0,17.0,8.0,33.0,1480.0,1525.0,1619.707763671875,1617.0,4717.0,1531.0
128285,A2DFA,300,7.0,10.0,X,0.005,0.43,0.5,0.0,0.0,7.0,3.0,7.0,1480.0,1525.0,1621.6109619140625,1621.0,2031.0,1534.0
128284,A2DFA,300,6.0,10.0,X,0.005,0.43,0.5,0.0,0.0,17.0,7.0,21.0,1480.0,1525.0,1633.91552734375,1633.0,4843.0,1542.0
128283,A2DFA,300,5.0,10.0,X,0.005,0.43,0.5,0.0,0.0,17.0,16.0,17.0,1480.0,1525.0,1626.9244384765625,1627.0,5214.0,1533.0
128282,B131E,300,4.0,10.0,X,0.02,0.46,0.49,0.005,0.02,16.0,15.0,46.0,1483.0,1518.0,1633.2313232421875,1635.0,4544.0,1533.0
128281,B131E,300,3.0,10.0,X,0.02,0.46,0.49,0.005,0.02,16.0,8.0,32.0,1483.0,1518.0,1632.7662353515625,1635.0,4420.0,1517.0
128280,D033D,300,2.0,10.0,X,0.02,0.47,0.49,0.009,0.0,6.0,3.0,6.0,1480.0,1515.0,1630.58154296875,1631.0,1726.0,1522.0
128279,D033D,300,1.0,10.0,X,0.02,0.47,0.49,0.009,0.0,16.0,7.0,20.0,1480.0,1515.0,1642.8001708984375,1645.0,4527.0,1523.0
128278,889AE,300,4.0,4.0,B,0.02,0.16,0.18,0.012,0.01,16.0,16.0,16.0,1507.0,1532.0,1640.2877197265625,1653.0,4846.0,1537.0
128277,889AE,300,3.0,4.0,B,0.02,0.16,0.18,0.012,0.01,15.0,15.0,45.0,1507.0,1532.0,1634.33447265625,1639.0,4175.0,1537.0
128276,889AE,300,2.0,4.0,B,0.02,0.16,0.18,0.012,0.01,15.0,8.0,31.0,1507.0,1532.0,1639.5902099609375,1654.0,4050.0,1540.0
128275,889AE,300,1.0,4.0,B,0.02,0.16,0.18,0.012,0.01,5.0,3.0,5.0,1507.0,1532.0,1670.8389892578125,1676.0,1356.0,1531.0
128274,CB239,300,4.0,4.0,V,0.0,0.69,0.73,0.012,0.06,15.0,7.0,19.0,1474.0,1499.0,1619.4727783203125,1623.0,4141.0,1505.0
128273,CB239,300,3.0,4.0,V,0.0,0.69,0.73,0.012,0.06,15.0,16.0,15.0,1474.0,1499.0,1608.2864990234375,1615.0,4355.0,1511.0
128272,CB239,300,4.0,6.0,V,0.0,0.69,0.73,0.012,0.06,14.0,8.0,30.0,1474.0,1499.0,1614.3719482421875,1609.0,3621.0,1503.0
128271,81216,300,3.0,6.0,V,0.0,0.68,0.73,0.01,0.06,14.0,15.0,44.0,1474.0,1509.0,1618.618408203125,1624.0,3631.0,1519.0
128270,F5743,300,2.0,6.0,V,0.0,0.69,0.72,0.008,0.055,4.0,3.0,4.0,1476.0,1501.0,1612.9566650390625,1618.0,878.0,1500.0
128269,F5743,300,1.0,6.0,V,0.0,0.69,0.72,0.008,0.055,14.0,7.0,18.0,1476.0,1501.0,1624.2230224609375,1621.0,3684.0,1510.0
128268,57DF3,300,7.0,7.0,B,0.005,0.4,0.42,0.0,0.01,14.0,16.0,14.0,1486.0,1526.0,1637.846923828125,1648.0,4058.0,1525.0
128267,57DF3,300,6.0,7.0,B,0.005,0.4,0.42,0.0,0.01,13.0,8.0,29.0,1486.0,1526.0,1635.7744140625,1635.0,3333.0,1537.0
128266,A1DA6,300,5.0,7.0,B,0.008,0.25,0.27,0.0,0.0,13.0,15.0,43.0,1500.0,1540.0,1650.254638671875,1641.0,3340.0,1543.0
128265,A1DA6,300,4.0,7.0,B,0.008,0.25,0.27,0.0,0.0,3.0,3.0,3.0,1500.0,1540.0,1654.50341796875,1657.0,594.0,1550.0
128264,BCEE1,300,3.0,7.0,X,0.02,0.23,0.25,0.0,0.017,13.0,7.0,17.0,1497.0,1537.0,1651.340576171875,1642.0,3393.0,1533.0
128263,F16F5,300,2.0,7.0,B,0.02,0.3,0.34,0.007,0.0,13.0,16.0,13.0,1493.0,1533.0,1647.7745361328125,1642.0,3771.0,1533.0
128262,F16F5,300,1.0,7.0,B,0.02,0.3,0.34,0.007,0.0,12.0,8.0,28.0,1493.0,1533.0,1660.03759765625,1663.0,3043.0,1550.0
128261,EA23B,300,6.0,6.0,V,0.01,0.36,0.4,0.013,0.05,12.0,15.0,42.0,1480.0,1540.0,1650.0623779296875,1656.0,3044.0,1538.0
128260,EA23B,300,5.0,6.0,V,0.01,0.36,0.4,0.013,0.05,12.0,15.0,42.0,1480.0,1540.0,1648.032958984375,1643.0,2991.0,1549.0
128259,EA23B,300,4.0,6.0,V,0.01,0.36,0.4,0.013,0.05,12.0,7.0,16.0,1480.0,1540.0,1651.084228515625,1656.0,3102.0,1549.0
128258,EA23B,300,3.0,6.0,V,0.01,0.36,0.4,0.013,0.05,11.0,8.0,27.0,1480.0,1540.0,1648.0714111328125,1642.0,2810.0,1549.0
128257,EA23B,300,2.0,6.0,V,0.01,0.36,0.4,0.013,0.05,12.0,16.0,12.0,1480.0,1540.0,1649.5111083984375,1651.0,3415.0,1543.0
128256,EA23B,300,1.0,6.0,V,0.01,0.36,0.4,0.013,0.05,1.0,3.0,1.0,1480.0,1540.0,1696.390380859375,1703.0,0.0,1540.0
128255,47D7D,300,4.0,4.0,X,0.0,0.37,0.41,0.011,0.08,11.0,15.0,41.0,1480.0,1525.0,1617.938720703125,1626.0,2694.0,1537.0
128254,9A58C,300,3.0,4.0,X,0.0,0.37,0.45,0.008,0.08,11.0,7.0,15.0,1480.0,1525.0,1624.581787109375,1633.0,2807.0,1526.0
128253,9A58C,300,2.0,4.0,X,0.0,0.37,0.45,0.008,0.08,10.0,8.0,26.0,1480.0,1525.0,1623.3360595703125,1626.0,2516.0,1528.0
128252,9A58C,300,1.0,4.0,X,0.0,0.37,0.45,0.008,0.08,11.0,16.0,11.0,1480.0,1525.0,1647.0355224609375,1650.0,3130.0,1536.0
128251,2D42F,300,8.0,8.0,B,0.005,0.36,0.39,0.0,0.01,10.0,15.0,40.0,1492.0,1547.0,1663.5194091796875,1665.0,2469.0,1564.0
128250,2D42F,300,7.0,8.0,B,0.005,0.36,0.39,0.0,0.01,10.0,7.0,14.0,1492.0,1547.0,1663.428955078125,1664.0,2587.0,1561.0
128249,2D42F,300,6.0,8.0,B,0.005,0.36,0.39,0.0,0.01,9.0,8.0,25.0,1492.0,1547.0,1665.47607421875,1664.0,2300.0,1559.0
128248,2D42F,300,5.0,8.0,B,0.005,0.36,0.39,0.0,0.01,10.0,16.0,10.0,1492.0,1547.0,1665.3980712890625,1664.0,2917.0,1561.0
128247,2D42F,300,4.0,8.0,B,0.005,0.36,0.39,0.0,0.01,9.0,15.0,39.0,1492.0,1547.0,1669.247802734375,1671.0,2248.0,1562.0
128246,2D42F,300,3.0,8.0,B,0.005,0.36,0.39,0.0,0.01,9.0,7.0,13.0,1492.0,1547.0,1670.4969482421875,1670.0,2350.0,1565.0
128245,2D42F,300,2.0,8.0,B,0.005,0.36,0.39,0.0,0.01,8.0,8.0,24.0,1492.0,1547.0,1670.2774658203125,1671.0,2054.0,1565.0
128244,2D42F,300,1.0,8.0,B,0.005,0.36,0.39,0.0,0.01,9.0,16.0,9.0,1492.0,1547.0,1695.4952392578125,1698.0,2670.0,1553.0
128243,7FEAB,300,6.0,6.0,X,0.02,0.19,0.21,0.009,0.02,8.0,15.0,38.0,1506.0,1546.0,1658.2752685546875,1669.0,1999.0,1544.0
128242,7FEAB,300,5.0,6.0,X,0.02,0.19,0.21,0.009,0.02,8.0,7.0,12.0,1506.0,1546.0,1656.7423095703125,1660.0,2099.0,1559.0
128241,7FEAB,300,4.0,6.0,X,0.02,0.19,0.21,0.009,0.02,7.0,8.0,23.0,1506.0,1546.0,1660.60009765625,1659.0,1807.0,1551.0
128240,7FEAB,300,3.0,6.0,X,0.02,0.19,0.21,0.009,0.02,8.0,16.0,8.0,1506.0,1546.0,1660.6136474609375,1670.0,2408.0,1554.0
128239,7FEAB,300,2.0,6.0,X,0.02,0.19,0.21,0.009,0.02,7.0,15.0,37.0,1506.0,1546.0,1659.6900634765625,1663.0,1743.0,1553.0
128238,7FEAB,300,1.0,6.0,X,0.02,0.19,0.21,0.009,0.02,7.0,7.0,11.0,1506.0,1546.0,1693.6029052734375,1694.0,1857.0,1547.0
128237,7FEAB,300,7.0,7.0,X,0.02,0.19,0.21,0.009,0.02,6.0,8.0,22.0,1506.0,1546.0,1659.403076171875,1666.0,1557.0,1551.0
128236,7FEAB,300,6.0,7.0,X,0.02,0.19,0.21,0.009,0.02,7.0,16.0,7.0,1506.0,1546.0,1661.5538330078125,1678.0,2177.0,1551.0
128235,7FEAB,300,5.0,7.0,X,0.02,0.19,0.21,0.009,0.02,6.0,15.0,36.0,1506.0,1546.0,1659.92138671875,1665.0,1490.0,1554.0
128234,7FEAB,300,4.0,7.0,X,0.02,0.19,0.21,0.009,0.02,6.0,7.0,10.0,1506.0,1546.0,1663.200927734375,1666.0,1604.0,1549.0
128233,7FEAB,300,3.0,7.0,X,0.02,0.19,0.21,0.009,0.02,5.0,8.0,21.0,1506.0,1546.0,1665.3345947265625,1668.0,1316.0,1554.0
128232,D398B,300,2.0,7.0,X,0.02,0.2,0.22,0.009,0.02,6.0,16.0,6.0,1506.0,1551.0,1668.67333984375,1672.0,1932.0,1562.0
128231,D398B,300,1.0,7.0,X,0.02,0.2,0.22,0.009,0.02,5.0,2.0,49.0,1506.0,1551.0,1693.282470703125,1690.0,1324.0,1553.0
128230,BF6EC,300,2.0,2.0,X,0.02,0.19,0.23,0.009,0.015,5.0,15.0,35.0,1504.0,1549.0,1662.1746826171875,1665.0,1207.0,1548.0
128229,BF6EC,300,6.0,7.0,X,0.02,0.19,0.23,0.009,0.015,5.0,7.0,9.0,1504.0,1549.0,1663.680908203125,1683.0,1307.0,1543.0
128228,1E6E6,300,5.0,7.0,X,0.025,0.19,0.23,0.01,0.015,4.0,8.0,20.0,1505.0,1545.0,1656.310546875,1659.0,1006.0,1547.0
128227,1E6E6,300,4.0,7.0,X,0.025,0.19,0.23,0.01,0.015,5.0,16.0,5.0,1505.0,1545.0,1661.0716552734375,1664.0,1614.0,1551.0
128226,E0B89,300,3.0,7.0,X,0.02,0.22,0.25,0.01,0.015,4.0,2.0,48.0,1501.0,1546.0,1667.6419677734375,1670.0,1008.0,1545.0
128225,E0B89,300,2.0,7.0,X,0.02,0.22,0.25,0.01,0.015,4.0,15.0,34.0,1501.0,1546.0,1656.9417724609375,1660.0,889.0,1551.0
128224,E0B89,300,1.0,7.0,X,0.02,0.22,0.25,0.01,0.015,4.0,7.0,8.0,1501.0,1546.0,1678.59912109375,1688.0,997.0,1545.0
128223,248B5,300,6.0,6.0,X,0.02,0.21,0.23,0.009,0.02,3.0,8.0,19.0,1506.0,1551.0,1669.7017822265625,1673.0,646.0,1550.0
128222,248B5,300,5.0,6.0,X,0.02,0.21,0.23,0.009,0.02,3.0,15.0,33.0,1506.0,1551.0,1668.6373291015625,1669.0,649.0,1538.0
128221,248B5,300,4.0,6.0,X,0.02,0.21,0.23,0.009,0.02,3.0,2.0,47.0,1506.0,1551.0,1671.336669921875,1667.0,647.0,1546.0
128220,248B5,300,3.0,6.0,X,0.02,0.21,0.23,0.009,0.02,4.0,16.0,4.0,1506.0,1551.0,1668.745849609375,1665.0,1122.0,1552.0
128219,27480,300,2.0,6.0,X,0.02,0.21,0.23,0.009,0.02,3.0,7.0,7.0,1506.0,1551.0,1668.3458251953125,1663.0,619.0,1551.0
128218,27480,300,1.0,6.0,X,0.02,0.21,0.23,0.009,0.02,2.0,8.0,18.0,1506.0,1551.0,1685.2098388671875,1688.0,329.0,1558.0
128217,889AE,300,4.0,4.0,B,0.02,0.16,0.18,0.012,0.01,2.0,15.0,32.0,1507.0,1532.0,1637.8505859375,1638.0,327.0,1540.0
128216,889AE,300,3.0,4.0,B,0.02,0.16,0.18,0.012,0.01,2.0,2.0,46.0,1507.0,1532.0,1637.1429443359375,1640.0,325.0,1552.0
128215,889AE,300,2.0,4.0,B,0.02,0.16,0.18,0.012,0.01,3.0,16.0,3.0,1507.0,1532.0,1641.768798828125,1659.0,806.0,1547.0
128214,889AE,300,1.0,4.0,B,0.02,0.16,0.18,0.012,0.01,2.0,7.0,6.0,1507.0,1532.0,1673.3348388671875,1670.0,299.0,1536.0
128213,3CF26,300,5.0,5.0,X,0.01,0.96,1.05,0.006,0.0,1.0,8.0,17.0,1460.0,1485.0,1632.1627197265625,1666.0,0.0,1514.0
128212,3CF26,300,4.0,5.0,X,0.01,0.96,1.05,0.006,0.0,1.0,15.0,31.0,1460.0,1485.0,1631.0550537109375,1631.0,0.0,1508.0
128211,3CF26,300,3.0,5.0,X,0.01,0.96,1.05,0.006,0.0,1.0,2.0,45.0,1460.0,1485.0,1630.454345703125,1630.0,0.0,1501.0
128210,3CF26,300,2.0,5.0,X,0.01,0.96,1.05,0.006,0.0,2.0,16.0,2.0,1460.0,1485.0,1620.3792724609375,1637.0,493.0,1509.0
128209,3CF26,300,1.0,5.0,X,0.01,0.96,1.05,0.006,0.0,1.0,7.0,5.0,1460.0,1485.0,1644.3785400390625,1646.0,0.0,1505.0
128208,3CF26,300,2.0,2.0,X,0.01,0.96,1.05,0.006,0.0,5.0,8.0,16.0,1460.0,1485.0,1608.4478759765625,1622.0,1131.0,1505.0
128207,3CF26,300,1.0,7.0,X,0.01,0.96,1.05,0.006,0.0,1.0,16.0,1.0,1460.0,1485.0,1647.285400390625,1644.0,0.0,1502.0
128206,63857,300,2.0,2.0,X,0.01,0.4,0.43,0.0,0.0,4.0,2.0,44.0,1487.0,1527.0,1632.5633544921875,1643.0,839.0,1537.0
128205,FE93C,300,1.0,2.0,X,0.01,0.4,0.42,0.0,0.015,4.0,15.0,30.0,1487.0,1527.0,1657.1446533203125,1657.0,838.0,1521.0
128204,87A17,300,5.0,7.0,X,0.022,0.2,0.22,0.0,0.02,4.0,7.0,4.0,1505.0,1535.0,1653.326904296875,1648.0,820.0,1540.0
128203,87A17,300,4.0,7.0,X,0.022,0.2,0.22,0.0,0.02,4.0,8.0,15.0,1505.0,1535.0,1651.057373046875,1654.0,805.0,1554.0
128202,80160,300,3.0,7.0,X,0.015,0.4,0.45,0.0,0.02,3.0,2.0,43.0,1487.0,1522.0,1641.202392578125,1644.0,565.0,1547.0
128201,80160,300,2.0,7.0,X,0.015,0.4,0.45,0.0,0.02,3.0,15.0,29.0,1487.0,1522.0,1629.3466796875,1629.0,555.0,1532.0
128200,3D92C,300,1.0,7.0,X,0.01,0.39,0.41,0.0,0.02,3.0,7.0,3.0,1485.0,1520.0,1653.22998046875,1672.0,545.0,1534.0
128199,EB957,300,3.0,3.0,X,0.015,0.53,0.56,0.0,0.01,3.0,8.0,14.0,1486.0,1536.0,1659.7711181640625,1661.0,546.0,1543.0
128198,DDC4A,300,2.0,3.0,X,0.01,0.32,0.38,0.0,0.0,2.0,2.0,42.0,1493.0,1543.0,1657.811767578125,1660.0,316.0,1546.0
128197,DDC4A,300,1.0,3.0,X,0.01,0.32,0.38,0.0,0.0,2.0,15.0,28.0,1493.0,1543.0,1677.1824951171875,1678.0,322.0,1544.0
128196,D04BA,300,2.0,5.0,X,0.02,0.19,0.23,0.01,0.015,2.0,7.0,2.0,1504.0,1544.0,1661.7225341796875,1679.0,244.0,1550.0
128195,6CBE8,300,1.0,5.0,B,0.01,0.36,0.38,0.0,0.02,2.0,8.0,13.0,1486.0,1526.0,1651.1112060546875,1652.0,235.0,1534.0
128194,05ED3,300,4.0,4.0,X,0.01,0.25,0.28,0.009,0.02,1.0,2.0,41.0,1498.0,1538.0,1660.98876953125,1672.0,0.0,1547.0
128193,95B1B,300,3.0,4.0,X,0.02,0.21,0.23,0.0,0.015,1.0,15.0,27.0,1502.0,1537.0,1659.1099853515625,1675.0,0.0,1546.0
128192,0E7D0,300,2.0,4.0,X,0.01,0.4,0.43,0.0,0.0,1.0,7.0,1.0,1483.0,1528.0,1663.3297119140625,1685.0,0.0,1542.0
128191,33D10,300,1.0,4.0,X,0.015,0.39,0.42,0.0,0.0,1.0,8.0,12.0,1485.0,1530.0,1677.6563720703125,1712.0,0.0,1542.0
128190,734B0,300,3.0,3.0,X,0.01,0.4,0.43,0.0,0.02,11.0,8.0,11.0,1486.0,1526.0,1631.067626953125,1645.0,2852.0,1545.0
128189,734B0,300,2.0,3.0,X,0.01,0.4,0.43,0.0,0.02,15.0,2.0,40.0,1486.0,1526.0,1633.306884765625,1634.0,3765.0,1546.0
128188,734B0,300,1.0,5.0,X,0.01,0.4,0.43,0.0,0.02,14.0,15.0,26.0,1486.0,1526.0,1657.7513427734375,1658.0,3587.0,1544.0
128187,5692D,300,1.0,2.0,X,0.015,0.39,0.41,0.0,0.01,14.0,2.0,39.0,1486.0,1521.0,1650.9920654296875,1654.0,3507.0,1532.0
128186,33D10,300,7.0,7.0,X,0.015,0.39,0.42,0.0,0.0,13.0,5.0,43.0,1485.0,1530.0,1638.9088134765625,1633.0,3340.0,1537.0
128185,57414,300,6.0,7.0,X,0.01,0.38,0.43,0.0,0.02,13.0,15.0,25.0,1486.0,1526.0,1637.580078125,1643.0,3336.0,1543.0
128184,57414,300,5.0,7.0,X,0.01,0.38,0.43,0.0,0.02,9.0,8.0,9.0,1486.0,1526.0,1639.858642578125,1643.0,2365.0,1540.0
128183,57414,300,4.0,7.0,X,0.01,0.38,0.43,0.0,0.02,13.0,2.0,38.0,1486.0,1526.0,1637.580078125,1643.0,3274.0,1538.0
128182,57414,300,3.0,7.0,X,0.01,0.38,0.43,0.0,0.02,12.0,6.0,52.0,1486.0,1526.0,1637.4190673828125,1642.0,3056.0,1537.0
128181,B3CD5,300,2.0,7.0,X,0.015,0.41,0.44,0.0,0.02,12.0,5.0,42.0,1484.0,1519.0,1614.6793212890625,1628.0,3041.0,1528.0
128180,B3CD5,300,1.0,7.0,X,0.015,0.41,0.44,0.0,0.02,12.0,15.0,24.0,1484.0,1519.0,1651.599853515625,1647.0,3036.0,1524.0
128179,C635C,300,6.0,6.0,X,0.0,0.9,0.94,0.0,0.0,8.0,8.0,8.0,1460.0,1485.0,1605.593017578125,1616.0,2066.0,1479.0
128178,C635C,300,5.0,6.0,X,0.0,0.9,0.94,0.0,0.0,12.0,2.0,37.0,1460.0,1485.0,1602.6429443359375,1605.0,2975.0,1488.0
128177,C635C,300,4.0,6.0,X,0.0,0.9,0.94,0.0,0.0,11.0,6.0,51.0,1460.0,1485.0,1603.3455810546875,1609.0,2754.0,1484.0
128176,C635C,300,3.0,6.0,X,0.0,0.9,0.94,0.0,0.0,11.0,5.0,41.0,1460.0,1485.0,1602.92724609375,1602.0,2750.0,1487.0
128175,C635C,300,2.0,6.0,X,0.0,0.9,0.94,0.0,0.0,11.0,15.0,23.0,1460.0,1485.0,1603.3455810546875,1605.0,2754.0,1484.0
128174,EB041,300,1.0,6.0,X,0.0,0.94,1.0,0.0,0.0,7.0,8.0,7.0,1463.0,1489.0,1621.3631591796875,1626.0,1786.0,1493.0
128173,91896,300,8.0,8.0,X,0.023,0.17,0.19,0.009,0.02,11.0,2.0,36.0,1502.0,1542.0,1657.9736328125,1657.0,2704.0,1559.0
128172,C2394,300,7.0,8.0,X,0.02,0.17,0.22,0.01,0.01,10.0,6.0,50.0,1502.0,1537.0,1650.1422119140625,1650.0,2487.0,1548.0
128171,C2394,300,6.0,8.0,X,0.02,0.17,0.22,0.01,0.01,10.0,5.0,40.0,1502.0,1537.0,1644.466064453125,1643.0,2484.0,1540.0
128170,FA128,300,5.0,8.0,X,0.02,0.18,0.21,0.009,0.02,10.0,15.0,22.0,1504.0,1544.0,1660.534912109375,1661.0,2476.0,1551.0
128169,FA128,300,4.0,8.0,X,0.02,0.18,0.21,0.009,0.02,6.0,8.0,6.0,1504.0,1544.0,1658.8004150390625,1656.0,1502.0,1550.0
128168,FA128,300,3.0,8.0,X,0.02,0.18,0.21,0.009,0.02,10.0,2.0,35.0,1504.0,1544.0,1660.019287109375,1663.0,2412.0,1561.0
128167,FA128,300,2.0,8.0,X,0.02,0.18,0.21,0.009,0.02,9.0,6.0,49.0,1504.0,1544.0,1659.7437744140625,1659.0,2190.0,1555.0
128166,FA128,300,1.0,8.0,X,0.02,0.18,0.21,0.009,0.02,9.0,5.0,39.0,1504.0,1544.0,1670.7939453125,1671.0,2185.0,1548.0
128165,0BFF6,300,5.0,5.0,X,0.0,0.93,1.0,0.006,0.0,9.0,15.0,21.0,1462.0,1488.0,1604.387939453125,1607.0,2170.0,1499.0
128164,0BFF6,300,4.0,5.0,X,0.0,0.93,1.0,0.006,0.0,5.0,8.0,5.0,1462.0,1488.0,1603.8839111328125,1606.0,1191.0,1492.0
128163,0BFF6,300,3.0,5.0,X,0.0,0.93,1.0,0.006,0.0,9.0,2.0,34.0,1462.0,1488.0,1603.214111328125,1606.0,2090.0,1493.0
128162,B248F,300,2.0,5.0,X,0.0,0.93,0.97,0.0,0.0,8.0,6.0,48.0,1462.0,1488.0,1606.730712890625,1610.0,1877.0,1497.0
128161,B248F,300,1.0,5.0,X,0.0,0.93,0.97,0.0,0.0,8.0,5.0,38.0,1462.0,1488.0,1616.7210693359375,1619.0,1866.0,1503.0
128160,FE39B,300,6.0,6.0,X,0.02,0.21,0.23,0.0,0.02,8.0,15.0,20.0,1503.0,1548.0,1657.3404541015625,1659.0,1869.0,1558.0
128159,FE39B,300,5.0,6.0,X,0.02,0.21,0.23,0.0,0.02,4.0,8.0,4.0,1503.0,1548.0,1660.5206298828125,1659.0,895.0,1552.0
128158,FE39B,300,4.0,6.0,X,0.02,0.21,0.23,0.0,0.02,8.0,2.0,33.0,1503.0,1548.0,1664.912109375,1661.0,1810.0,1552.0
128157,FE39B,300,3.0,6.0,X,0.02,0.21,0.23,0.0,0.02,7.0,6.0,47.0,1503.0,1548.0,1662.3592529296875,1666.0,1595.0,1558.0
128156,A7B3C,300,2.0,6.0,X,0.025,0.2,0.23,0.01,0.01,7.0,5.0,37.0,1504.0,1549.0,1662.8834228515625,1677.0,1592.0,1560.0
128155,A7B3C,300,1.0,6.0,X,0.025,0.2,0.23,0.01,0.01,7.0,15.0,19.0,1504.0,1549.0,1681.4329833984375,1680.0,1595.0,1546.0
128154,E86A6,300,4.0,4.0,X,0.018,0.28,0.31,0.007,0.015,3.0,8.0,3.0,1497.0,1537.0,1655.3636474609375,1656.0,618.0,1544.0
128153,E86A6,300,3.0,4.0,X,0.018,0.28,0.31,0.007,0.015,7.0,2.0,32.0,1497.0,1537.0,1653.306396484375,1643.0,1529.0,1532.0
128152,E86A6,300,2.0,4.0,X,0.018,0.28,0.31,0.007,0.015,6.0,6.0,46.0,1497.0,1537.0,1652.3470458984375,1652.0,1310.0,1534.0
128151,E86A6,300,1.0,4.0,X,0.018,0.28,0.31,0.007,0.015,6.0,5.0,36.0,1497.0,1537.0,1673.051513671875,1682.0,1295.0,1543.0
128150,9E44C,300,7.0,7.0,X,0.02,0.18,0.2,0.01,0.02,6.0,15.0,18.0,1500.0,1540.0,1649.09814453125,1653.0,1291.0,1544.0
128149,9E44C,300,6.0,7.0,X,0.02,0.18,0.2,0.01,0.02,2.0,8.0,2.0,1500.0,1540.0,1660.772705078125,1660.0,322.0,1543.0
128148,E60DC,300,5.0,7.0,X,0.02,0.18,0.2,0.01,0.0,6.0,2.0,31.0,1504.0,1539.0,1653.4576416015625,1657.0,1221.0,1545.0
128147,AA222,300,4.0,7.0,X,0.018,0.19,0.22,0.0,0.025,5.0,6.0,45.0,1502.0,1552.0,1669.1279296875,1664.0,1005.0,1558.0
128146,542D8,300,3.0,7.0,X,0.015,0.21,0.23,0.0,0.025,5.0,5.0,35.0,1503.0,1548.0,1663.1661376953125,1662.0,988.0,1546.0
128145,4F121,300,2.0,7.0,X,0.01,0.38,0.43,0.0,0.0,5.0,15.0,17.0,1480.0,1520.0,1636.423095703125,1638.0,983.0,1525.0
128144,4F121,300,1.0,7.0,X,0.01,0.38,0.43,0.0,0.0,1.0,8.0,1.0,1480.0,1520.0,1676.3626708984375,1684.0,0.0,1527.0
128143,1697B,300,2.0,2.0,X,0.02,0.18,0.22,0.009,0.015,5.0,2.0,30.0,1501.0,1536.0,1649.4371337890625,1658.0,893.0,1543.0
128142,1697B,300,1.0,2.0,X,0.02,0.18,0.22,0.009,0.015,4.0,6.0,44.0,1501.0,1536.0,1665.0166015625,1651.0,674.0,1533.0
128141,33300,300,1.0,1.0,V,0.01,0.3,0.34,0.009,0.02,4.0,5.0,34.0,1491.0,1531.0,1657.8868408203125,1653.0,672.0,1543.0
128140,7F484,300,8.0,8.0,X,0.02,0.15,0.17,0.008,0.02,4.0,15.0,16.0,1512.0,1557.0,1668.8052978515625,1681.0,669.0,1568.0
128139,7F484,300,7.0,8.0,X,0.02,0.15,0.17,0.008,0.02,4.0,2.0,29.0,1512.0,1557.0,1667.638671875,1661.0,674.0,1551.0
128138,FC570,300,6.0,8.0,X,0.02,0.15,0.19,0.008,0.01,3.0,6.0,43.0,1507.0,1547.0,1650.4266357421875,1669.0,432.0,1569.0
128137,CA2FD,300,5.0,8.0,X,0.02,0.15,0.17,0.009,0.02,3.0,5.0,33.0,1507.0,1552.0,1660.42724609375,1651.0,424.0,1555.0
128136,CA2FD,300,4.0,8.0,X,0.02,0.15,0.17,0.009,0.02,3.0,15.0,15.0,1507.0,1552.0,1660.813720703125,1659.0,427.0,1556.0
128135,CA2FD,300,3.0,8.0,X,0.02,0.15,0.17,0.009,0.02,3.0,2.0,28.0,1507.0,1552.0,1660.813720703125,1669.0,422.0,1568.0
128134,CA2FD,300,2.0,8.0,X,0.02,0.15,0.17,0.009,0.02,2.0,6.0,42.0,1507.0,1552.0,1660.813720703125,1661.0,210.0,1564.0
128133,CA2FD,300,1.0,8.0,X,0.02,0.15,0.17,0.009,0.02,2.0,5.0,32.0,1507.0,1552.0,1683.2860107421875,1683.0,209.0,1556.0
128132,51C01,300,6.0,6.0,X,0.02,0.15,0.18,0.0,0.02,2.0,15.0,14.0,1511.0,1556.0,1661.8040771484375,1673.0,213.0,1566.0
128131,51C01,300,5.0,6.0,X,0.02,0.15,0.18,0.0,0.02,2.0,2.0,27.0,1511.0,1556.0,1662.452392578125,1664.0,214.0,1564.0
128130,2CC2D,300,4.0,6.0,X,0.015,0.08,0.11,0.0,0.0,1.0,6.0,41.0,1522.0,1557.0,1684.0467529296875,1687.0,0.0,1568.0
128129,2CC2D,300,3.0,6.0,X,0.015,0.08,0.11,0.0,0.0,1.0,5.0,31.0,1522.0,1557.0,1684.4139404296875,1684.0,0.0,1558.0
128128,A0D69,300,2.0,6.0,X,0.02,0.18,0.21,0.0,0.0,1.0,15.0,13.0,1510.0,1550.0,1676.02001953125,1676.0,0.0,1553.0
128127,A0D69,300,1.0,6.0,X,0.02,0.18,0.21,0.0,0.0,1.0,2.0,26.0,1510.0,1550.0,1704.9285888671875,1712.0,0.0,1559.0
128126,A0D69,300,3.0,3.0,X,0.02,0.18,0.21,0.0,0.0,1.0,5.0,30.0,1510.0,1550.0,1675.0994873046875,1686.0,0.0,1578.0
128125,2CC2D,300,2.0,7.0,X,0.015,0.08,0.11,0.0,0.0,1.0,15.0,12.0,1522.0,1557.0,1686.8583984375,1671.0,0.0,1560.0
128124,2CC2D,300,1.0,7.0,X,0.015,0.08,0.11,0.0,0.0,1.0,6.0,41.0,1522.0,1557.0,1704.256103515625,1682.0,0.0,1552.0
128123,E1B6A,300,5.0,5.0,X,0.02,0.18,0.2,0.0,0.015,1.0,3.0,50.0,1501.0,1546.0,1674.099365234375,1664.0,0.0,1556.0
128122,E1B6A,300,4.0,5.0,X,0.02,0.18,0.2,0.0,0.015,11.0,16.0,61.0,1501.0,1546.0,1656.2799072265625,1686.0,3336.0,1553.0
128121,E1B6A,300,4.0,6.0,X,0.02,0.18,0.2,0.0,0.015,11.0,5.0,29.0,1501.0,1546.0,1666.9542236328125,1662.0,3112.0,1564.0
128120,44D42,300,3.0,6.0,V,0.01,0.34,0.37,0.01,0.02,11.0,15.0,11.0,1489.0,1534.0,1658.3306884765625,1659.0,3168.0,1532.0
128119,D2F4A,300,2.0,6.0,V,0.01,0.36,0.38,0.012,0.02,9.0,3.0,50.0,1481.0,1536.0,1650.1160888671875,1642.0,2640.0,1535.0
128118,F4A5E,300,1.0,6.0,V,0.01,0.35,0.37,0.01,0.045,10.0,16.0,60.0,1482.0,1532.0,1664.487548828125,1672.0,2926.0,1555.0
128117,5E13D,300,3.0,3.0,X,0.005,0.55,0.57,0.007,0.0,11.0,2.0,23.0,1486.0,1541.0,1670.4576416015625,1704.0,2981.0,1565.0
128116,5E13D,300,2.0,3.0,X,0.005,0.55,0.57,0.007,0.0,10.0,5.0,28.0,1486.0,1541.0,1679.587158203125,1694.0,2744.0,1558.0
128115,5E13D,300,1.0,3.0,X,0.005,0.55,0.57,0.007,0.0,10.0,15.0,10.0,1486.0,1541.0,1690.7882080078125,1701.0,2800.0,1549.0
128114,5E13D,300,3.0,3.0,X,0.005,0.55,0.57,0.007,0.0,8.0,3.0,49.0,1486.0,1541.0,1684.6632080078125,1691.0,2341.0,1556.0
128113,5E13D,300,2.0,3.0,X,0.005,0.55,0.57,0.007,0.0,10.0,2.0,22.0,1486.0,1541.0,1666.39208984375,1707.0,2724.0,1562.0
128112,5E13D,300,1.0,3.0,X,0.005,0.55,0.57,0.007,0.0,9.0,5.0,27.0,1486.0,1541.0,1688.6734619140625,1702.0,2474.0,1556.0
128111,2D42F,300,4.0,4.0,B,0.005,0.36,0.39,0.0,0.01,9.0,16.0,59.0,1492.0,1547.0,1677.7857666015625,1679.0,2352.0,1557.0
128110,2D42F,300,3.0,4.0,B,0.005,0.36,0.39,0.0,0.01,9.0,15.0,9.0,1492.0,1547.0,1670.2916259765625,1680.0,2311.0,1567.0
128109,2D42F,300,2.0,4.0,B,0.005,0.36,0.39,0.0,0.01,9.0,2.0,21.0,1492.0,1547.0,1670.578857421875,1671.0,2304.0,1555.0
128108,2D42F,300,1.0,4.0,B,0.005,0.36,0.39,0.0,0.01,7.0,3.0,48.0,1492.0,1547.0,1690.6339111328125,1671.0,1770.0,1555.0
128107,889AE,300,2.0,2.0,B,0.02,0.16,0.18,0.012,0.01,8.0,5.0,26.0,1507.0,1532.0,1641.9541015625,1644.0,1997.0,1552.0
128106,889AE,300,1.0,2.0,B,0.02,0.16,0.18,0.012,0.01,8.0,16.0,58.0,1507.0,1532.0,1666.6298828125,1672.0,2009.0,1552.0
128105,E109B,300,5.0,5.0,X,0.02,0.2,0.22,0.0,0.02,8.0,15.0,8.0,1502.0,1542.0,1656.7940673828125,1659.0,2005.0,1547.0
128104,E109B,300,4.0,5.0,X,0.02,0.2,0.22,0.0,0.02,8.0,2.0,20.0,1502.0,1542.0,1652.3255615234375,1655.0,2013.0,1546.0
128103,E109B,300,3.0,5.0,X,0.02,0.2,0.22,0.0,0.02,6.0,3.0,47.0,1502.0,1542.0,1654.1282958984375,1656.0,1489.0,1550.0
128102,C2394,300,2.0,5.0,X,0.02,0.17,0.22,0.01,0.01,7.0,5.0,25.0,1502.0,1537.0,1654.4598388671875,1657.0,1699.0,1550.0
128101,889AE,300,3.0,4.0,B,0.02,0.16,0.18,0.012,0.01,7.0,16.0,57.0,1507.0,1532.0,1641.070556640625,1654.0,1686.0,
128100,889AE,300,2.0,4.0,B,0.02,0.16,0.18,0.012,0.01,7.0,15.0,7.0,1507.0,1532.0,1641.918212890625,1641.0,1679.0,1534.0
128099,889AE,300,1.0,4.0,B,0.02,0.16,0.18,0.012,0.01,7.0,2.0,19.0,1507.0,1532.0,1670.1405029296875,1677.0,1695.0,1538.0
128098,112E4,300,7.0,7.0,B,0.008,0.18,0.2,0.007,0.0,5.0,3.0,46.0,1509.0,1554.0,1664.6990966796875,1670.0,1176.0,1557.0
128097,D351E,300,6.0,7.0,B,0.015,0.33,0.35,0.0,0.01,6.0,5.0,24.0,1490.0,1535.0,1649.154541015625,1671.0,1409.0,1541.0
128096,FE1F9,300,5.0,7.0,B,0.005,0.33,0.35,0.0,0.015,6.0,16.0,56.0,1491.0,1531.0,1635.2435302734375,1643.0,1413.0,1539.0
128095,FE1F9,300,4.0,7.0,B,0.005,0.33,0.35,0.0,0.015,6.0,15.0,6.0,1491.0,1531.0,1629.834228515625,1640.0,1408.0,1527.0
128094,FE1F9,300,3.0,7.0,B,0.005,0.33,0.35,0.0,0.015,6.0,2.0,18.0,1491.0,1531.0,1629.5765380859375,1635.0,1422.0,1528.0
128093,FE1F9,300,2.0,7.0,B,0.005,0.33,0.35,0.0,0.015,4.0,3.0,45.0,1491.0,1531.0,1632.8878173828125,1640.0,894.0,1529.0
128092,16F90,300,1.0,7.0,B,0.02,0.36,0.38,0.0,0.02,5.0,5.0,23.0,1490.0,1535.0,1666.2991943359375,1670.0,1122.0,1534.0
128091,7FEAB,300,7.0,7.0,X,0.02,0.19,0.21,0.009,0.02,5.0,16.0,55.0,1506.0,1546.0,1660.9061279296875,1669.0,1132.0,1561.0
128090,7FEAB,300,6.0,7.0,X,0.02,0.19,0.21,0.009,0.02,5.0,15.0,5.0,1506.0,1546.0,1660.4857177734375,1687.0,1132.0,1543.0
128089,7FEAB,300,5.0,7.0,X,0.02,0.19,0.21,0.009,0.02,5.0,2.0,17.0,1506.0,1546.0,1666.2672119140625,1674.0,1146.0,1547.0
128088,7FEAB,300,4.0,7.0,X,0.02,0.19,0.21,0.009,0.02,3.0,3.0,44.0,1506.0,1546.0,1667.016357421875,1673.0,619.0,1546.0
128087,7FEAB,300,3.0,7.0,X,0.02,0.19,0.21,0.009,0.02,4.0,5.0,22.0,1506.0,1546.0,1666.9105224609375,1676.0,824.0,1546.0
128086,7FEAB,300,2.0,7.0,X,0.02,0.19,0.21,0.009,0.02,4.0,16.0,54.0,1506.0,1546.0,1662.396484375,1675.0,811.0,1564.0
128085,7FEAB,300,1.0,7.0,X,0.02,0.19,0.21,0.009,0.02,4.0,15.0,4.0,1506.0,1546.0,1693.9715576171875,1701.0,803.0,1545.0
128084,603D2,300,7.0,7.0,X,0.01,0.26,0.29,0.009,0.02,4.0,2.0,16.0,1496.0,1536.0,1648.6434326171875,1654.0,809.0,1545.0
128083,EB309,300,6.0,7.0,X,0.005,0.34,0.36,0.0,0.0,2.0,3.0,43.0,1490.0,1535.0,0.0,1648.0,289.0,1528.0
128082,F7AB5,300,5.0,7.0,X,0.015,0.42,0.44,0.0,0.02,3.0,5.0,21.0,1481.0,1526.0,0.0,1641.0,523.0,1534.0
128081,57414,300,4.0,7.0,X,0.01,0.38,0.43,0.0,0.02,3.0,16.0,53.0,1486.0,1526.0,0.0,1636.0,521.0,1530.0
128080,57414,300,3.0,7.0,X,0.01,0.38,0.43,0.0,0.02,3.0,15.0,3.0,1486.0,1526.0,0.0,1648.0,512.0,1541.0
128079,57414,300,2.0,7.0,X,0.01,0.38,0.43,0.0,0.02,3.0,2.0,15.0,1486.0,1526.0,0.0,1636.0,527.0,1536.0
128078,57414,300,1.0,7.0,X,0.01,0.38,0.43,0.0,0.02,1.0,3.0,42.0,1486.0,1526.0,0.0,1673.0,0.0,1531.0
128077,4B82B,300,8.0,8.0,X,0.02,0.3,0.33,0.006,0.02,2.0,5.0,20.0,1495.0,1540.0,0.0,1655.0,229.0,1552.0
128076,4B82B,300,7.0,8.0,X,0.02,0.3,0.33,0.006,0.02,2.0,16.0,52.0,1495.0,1540.0,0.0,1650.0,235.0,1541.0
128075,4B82B,300,6.0,8.0,X,0.02,0.3,0.33,0.006,0.02,2.0,15.0,2.0,1495.0,1540.0,0.0,1659.0,228.0,1548.0
128074,4B82B,300,5.0,8.0,X,0.02,0.3,0.33,0.006,0.02,2.0,2.0,14.0,1495.0,1540.0,1644.8175048828125,1652.0,232.0,1548.0
128073,4B82B,300,4.0,8.0,X,0.02,0.3,0.33,0.006,0.02,1.0,5.0,19.0,1495.0,1540.0,1658.5152587890625,1675.0,0.0,1548.0
128072,4B82B,300,3.0,8.0,X,0.02,0.3,0.33,0.006,0.02,1.0,16.0,51.0,1495.0,1540.0,1659.879150390625,1676.0,0.0,1559.0
128071,4B82B,300,2.0,8.0,X,0.02,0.3,0.33,0.006,0.02,1.0,15.0,1.0,1495.0,1540.0,0.0,1685.0,0.0,1555.0
128070,4B82B,300,1.0,8.0,X,0.02,0.3,0.33,0.006,0.02,1.0,2.0,13.0,1495.0,1540.0,1687.351318359375,1697.0,0.0,1546.0
128069,F7AB5,150,3.0,3.0,X,0.015,0.42,0.44,0.0,0.02,17.0,3.0,41.0,1481.0,1526.0,1641.062744140625,1641.0,5030.0,1534.0
128068,F7AB5,150,3.0,4.0,X,0.015,0.42,0.44,0.0,0.02,18.0,5.0,18.0,1481.0,1526.0,1633.892822265625,1632.0,5046.0,1534.0
128067,F7AB5,150,2.0,4.0,X,0.015,0.42,0.44,0.0,0.02,18.0,16.0,50.0,1481.0,1526.0,1632.7220458984375,1632.0,4928.0,1519.0
128066,F7AB5,150,1.0,4.0,X,0.015,0.42,0.44,0.0,0.02,17.0,6.0,40.0,1481.0,1526.0,1657.575927734375,1639.0,4816.0,1517.0
128065,3B7FC,150,4.0,4.0,X,0.005,0.46,0.5,0.0,0.015,12.0,2.0,12.0,1480.0,1525.0,1616.9232177734375,1627.0,3473.0,1528.0
128064,3B7FC,150,3.0,4.0,X,0.005,0.46,0.5,0.0,0.015,16.0,3.0,40.0,1480.0,1525.0,1618.6434326171875,1623.0,4636.0,1525.0
128063,3B7FC,150,2.0,4.0,X,0.005,0.46,0.5,0.0,0.015,17.0,5.0,17.0,1480.0,1525.0,0.0,1616.0,4750.0,1526.0
128062,3B7FC,150,1.0,4.0,X,0.005,0.46,0.5,0.0,0.015,17.0,16.0,49.0,1480.0,1525.0,1643.521484375,1647.0,4619.0,1532.0
128061,EB567,150,7.0,7.0,V,0.01,0.35,0.38,0.016,0.045,16.0,6.0,39.0,1480.0,1540.0,0.0,1660.0,4502.0,1550.0
128060,EB567,150,6.0,7.0,V,0.01,0.35,0.38,0.016,0.045,11.0,2.0,11.0,1480.0,1540.0,0.0,1647.0,3155.0,1533.0
128059,EB567,150,5.0,7.0,V,0.01,0.35,0.38,0.016,0.045,15.0,3.0,39.0,1480.0,1540.0,0.0,1652.0,4317.0,1533.0
128058,EB567,150,4.0,7.0,V,0.01,0.35,0.38,0.016,0.045,16.0,5.0,16.0,1480.0,1540.0,1644.6522216796875,1656.0,4432.0,1543.0
128057,EB567,150,3.0,7.0,V,0.01,0.35,0.38,0.016,0.045,16.0,16.0,48.0,1480.0,1540.0,1643.3104248046875,1647.0,4308.0,1540.0
128056,EB567,150,2.0,7.0,V,0.01,0.35,0.38,0.016,0.045,15.0,6.0,38.0,1480.0,1540.0,1644.2376708984375,1647.0,4184.0,1543.0
128055,EB567,150,1.0,7.0,V,0.01,0.35,0.38,0.016,0.045,10.0,2.0,10.0,1480.0,1540.0,1665.5517578125,1667.0,2846.0,1540.0
128054,47D7D,150,4.0,4.0,X,0.0,0.37,0.41,0.011,0.08,14.0,3.0,38.0,1480.0,1530.0,1632.481689453125,1645.0,4005.0,1523.0
128053,47D7D,150,3.0,4.0,X,0.0,0.37,0.41,0.011,0.08,15.0,5.0,15.0,1480.0,1530.0,1630.0963134765625,1639.0,4106.0,1530.0
128052,47D7D,150,2.0,4.0,X,0.0,0.37,0.41,0.011,0.08,15.0,16.0,47.0,1480.0,1530.0,1618.553955078125,1624.0,3986.0,1529.0
128051,47D7D,150,1.0,4.0,X,0.0,0.37,0.41,0.011,0.08,14.0,6.0,37.0,1480.0,1530.0,1643.6702880859375,1644.0,3870.0,1522.0
128050,4D097,150,4.0,4.0,X,0.015,0.51,0.55,0.0,0.01,9.0,2.0,9.0,1487.0,1537.0,1642.219482421875,1643.0,2531.0,1534.0
128049,4D097,150,3.0,4.0,X,0.015,0.51,0.55,0.0,0.01,13.0,3.0,37.0,1487.0,1537.0,1643.11962890625,1641.0,3694.0,1540.0
128048,4D097,150,2.0,4.0,X,0.015,0.51,0.55,0.0,0.01,14.0,5.0,14.0,1487.0,1537.0,1643.7275390625,1643.0,3811.0,1541.0
128047,4D097,150,1.0,4.0,X,0.015,0.51,0.55,0.0,0.01,14.0,16.0,46.0,1487.0,1537.0,1658.8211669921875,1655.0,3686.0,1535.0
128046,AB910,150,7.0,7.0,X,0.02,0.4,0.45,0.0,0.02,13.0,6.0,36.0,1483.0,1538.0,1641.806884765625,1642.0,3575.0,1538.0
128045,AB910,150,6.0,7.0,X,0.02,0.4,0.45,0.0,0.02,8.0,2.0,8.0,1483.0,1538.0,1642.190673828125,1644.0,2232.0,1542.0
128044,AB910,150,5.0,7.0,X,0.02,0.4,0.45,0.0,0.02,12.0,3.0,36.0,1483.0,1538.0,1643.35791015625,1645.0,3398.0,1546.0
128043,AB910,150,4.0,7.0,X,0.02,0.4,0.45,0.0,0.02,13.0,5.0,13.0,1483.0,1538.0,1642.4981689453125,1644.0,3516.0,1544.0
128042,AB910,150,3.0,7.0,X,0.02,0.4,0.45,0.0,0.02,13.0,16.0,45.0,1483.0,1538.0,1642.4610595703125,1644.0,3392.0,1542.0
128041,AB910,150,2.0,7.0,X,0.02,0.4,0.45,0.0,0.02,12.0,6.0,35.0,1483.0,1538.0,1641.9671630859375,1643.0,3280.0,1540.0
128040,AB910,150,1.0,7.0,X,0.02,0.4,0.45,0.0,0.02,7.0,2.0,7.0,1483.0,1538.0,1663.1993408203125,1665.0,1932.0,1539.0
128039,FC47C,150,3.0,3.0,X,0.015,0.45,0.48,0.0,0.01,11.0,3.0,35.0,1482.0,1537.0,1646.3018798828125,1646.0,3095.0,1538.0
128038,FC47C,150,2.0,3.0,X,0.015,0.45,0.48,0.0,0.01,12.0,5.0,12.0,1482.0,1537.0,1643.6234130859375,1646.0,3214.0,1539.0
128037,FC47C,150,1.0,3.0,X,0.015,0.45,0.48,0.0,0.01,12.0,16.0,44.0,1482.0,1537.0,1660.2711181640625,1660.0,3101.0,1539.0
128036,BB21B,150,6.0,6.0,V,0.0,0.45,0.48,0.018,0.05,11.0,6.0,34.0,1472.0,1517.0,1628.5260009765625,1642.0,2995.0,1529.0
128035,BB21B,150,5.0,6.0,V,0.0,0.45,0.48,0.018,0.05,6.0,2.0,6.0,1472.0,1517.0,1626.9320068359375,1638.0,1637.0,1515.0
128034,BB21B,150,4.0,6.0,V,0.0,0.45,0.48,0.018,0.05,10.0,3.0,34.0,1472.0,1517.0,1633.324462890625,1637.0,2803.0,1524.0
128033,BB21B,150,3.0,6.0,V,0.0,0.45,0.48,0.018,0.05,11.0,5.0,11.0,1472.0,1517.0,1629.009033203125,1644.0,2914.0,1526.0
128032,BB21B,150,2.0,6.0,V,0.0,0.45,0.48,0.018,0.05,11.0,16.0,43.0,1472.0,1517.0,1620.0665283203125,1642.0,2796.0,1520.0
128031,E1B6A,150,1.0,6.0,X,0.02,0.18,0.2,0.0,0.015,10.0,6.0,33.0,1501.0,1546.0,1672.6898193359375,1694.0,2673.0,1548.0
128030,A0D69,150,6.0,6.0,X,0.02,0.18,0.21,0.0,0.0,5.0,2.0,5.0,1510.0,1555.0,1661.256103515625,1663.0,1288.0,1553.0
128029,E0B89,150,5.0,6.0,X,0.02,0.22,0.25,0.01,0.015,10.0,16.0,42.0,1501.0,1541.0,1641.938720703125,1649.0,2566.0,1552.0
128028,E0B89,150,4.0,6.0,X,0.02,0.22,0.25,0.01,0.015,10.0,5.0,10.0,1501.0,1541.0,1645.6417236328125,1656.0,2560.0,1551.0
128027,1E6E6,150,3.0,6.0,X,0.025,0.19,0.23,0.01,0.015,9.0,3.0,33.0,1505.0,1550.0,1651.0489501953125,1654.0,2332.0,1547.0
128026,1E6E6,150,2.0,6.0,X,0.025,0.19,0.23,0.01,0.015,9.0,6.0,32.0,1505.0,1550.0,1648.6531982421875,1648.0,2331.0,1549.0
128025,1E6E6,150,1.0,6.0,X,0.025,0.19,0.23,0.01,0.015,4.0,2.0,4.0,1505.0,1550.0,1673.792724609375,1669.0,995.0,1542.0
128024,59A4E,150,6.0,6.0,X,0.01,0.19,0.21,0.01,0.02,9.0,16.0,41.0,1503.0,1543.0,1651.0126953125,1657.0,2271.0,1553.0
128023,59A4E,150,5.0,6.0,X,0.01,0.19,0.21,0.01,0.02,9.0,5.0,9.0,1503.0,1543.0,1651.1260986328125,1670.0,2272.0,1551.0
128022,AB29D,150,4.0,6.0,X,0.015,0.44,0.46,0.0,0.01,8.0,3.0,32.0,1479.0,1524.0,1624.386474609375,1632.0,2047.0,1530.0
128021,57414,150,3.0,6.0,X,0.01,0.38,0.43,0.0,0.02,8.0,6.0,31.0,1486.0,1531.0,1632.6640625,1634.0,2045.0,1545.0
128020,57414,150,2.0,6.0,X,0.01,0.38,0.43,0.0,0.02,3.0,2.0,3.0,1486.0,1531.0,1638.3028564453125,1639.0,710.0,1539.0
128019,57414,150,1.0,6.0,X,0.01,0.38,0.43,0.0,0.02,8.0,16.0,40.0,1486.0,1531.0,1646.986328125,1648.0,1992.0,1526.0
128018,7F484,150,6.0,6.0,X,0.02,0.15,0.17,0.008,0.02,8.0,5.0,8.0,1512.0,1557.0,1667.9716796875,1672.0,1998.0,1563.0
128017,7F484,150,5.0,6.0,X,0.02,0.15,0.17,0.008,0.02,7.0,3.0,31.0,1512.0,1557.0,1662.2752685546875,1664.0,1772.0,1561.0
128016,7F484,150,4.0,6.0,X,0.02,0.15,0.17,0.008,0.02,7.0,6.0,30.0,1512.0,1557.0,1662.45654296875,1663.0,1770.0,1561.0
128015,80160,150,3.0,6.0,X,0.015,0.4,0.45,0.0,0.02,2.0,2.0,2.0,1487.0,1542.0,1661.398681640625,1663.0,435.0,1557.0
128014,80160,150,2.0,6.0,X,0.015,0.4,0.45,0.0,0.02,7.0,16.0,39.0,1487.0,1542.0,1649.938232421875,1652.0,1708.0,1552.0
128013,3EFD8,150,1.0,6.0,X,0.005,0.33,0.36,0.0,0.02,7.0,5.0,7.0,1490.0,1540.0,1655.034423828125,1663.0,1702.0,1526.0
128012,7BE94,150,3.0,3.0,X,0.02,0.15,0.17,0.008,0.02,6.0,3.0,30.0,1509.0,1554.0,1663.139892578125,1675.0,1470.0,1545.0
128011,CA2FD,150,2.0,3.0,X,0.02,0.15,0.17,0.009,0.02,6.0,6.0,29.0,1507.0,1551.0,1659.05322265625,1673.0,1342.0,1556.0
128010,CA2FD,150,1.0,3.0,X,0.02,0.15,0.17,0.009,0.02,1.0,2.0,1.0,1507.0,1551.0,1707.7188720703125,1692.0,0.0,1560.0
128009,E7999,150,6.0,6.0,X,0.02,0.16,0.18,0.012,0.01,6.0,16.0,38.0,1506.0,1551.0,1666.5179443359375,1669.0,1282.0,1556.0
128008,E7999,150,5.0,6.0,X,0.02,0.16,0.18,0.012,0.01,6.0,5.0,6.0,1506.0,1551.0,1665.1693115234375,1668.0,1286.0,1558.0
128007,E7999,150,4.0,6.0,X,0.02,0.16,0.18,0.012,0.01,5.0,3.0,29.0,1506.0,1551.0,1667.2103271484375,1666.0,1053.0,1543.0
128006,E7999,150,3.0,6.0,X,0.02,0.16,0.18,0.012,0.01,5.0,6.0,28.0,1506.0,1551.0,1663.91015625,1665.0,1044.0,1552.0
128005,E7999,150,2.0,6.0,X,0.02,0.16,0.18,0.012,0.01,5.0,16.0,37.0,1506.0,1551.0,1665.92333984375,1659.0,1041.0,1560.0
128004,CA2FD,150,5.0,7.0,X,0.02,0.15,0.17,0.009,0.02,5.0,5.0,5.0,1507.0,1551.0,1654.3953857421875,1663.0,993.0,1561.0
128003,CA2FD,150,4.0,7.0,X,0.02,0.15,0.17,0.009,0.02,4.0,3.0,28.0,1507.0,1551.0,1653.9510498046875,1657.0,764.0,1544.0
128002,68448,150,3.0,7.0,X,0.02,0.15,0.17,0.008,0.02,4.0,6.0,27.0,1507.0,1551.0,1652.7877197265625,1657.0,755.0,1556.0
128001,68448,150,2.0,7.0,X,0.02,0.15,0.17,0.008,0.02,4.0,16.0,36.0,1507.0,1551.0,1656.4215087890625,1673.0,743.0,1566.0
128000,885B2,150,1.0,7.0,X,0.025,0.17,0.19,0.01,0.008,4.0,5.0,4.0,1507.0,1552.0,1675.2938232421875,1677.0,748.0,1547.0
127999,44D42,150,6.0,6.0,V,0.01,0.34,0.37,0.01,0.02,3.0,3.0,27.0,1489.0,1534.0,1627.866943359375,1630.0,508.0,1552.0
127998,44D42,150,5.0,6.0,V,0.01,0.34,0.37,0.01,0.02,3.0,6.0,26.0,1489.0,1534.0,1627.737060546875,1634.0,504.0,1551.0
127997,F4A5E,150,4.0,6.0,V,0.01,0.35,0.37,0.01,0.045,3.0,16.0,35.0,1482.0,1542.0,1648.9044189453125,1664.0,502.0,1558.0
127996,F4A5E,150,3.0,6.0,V,0.01,0.35,0.37,0.01,0.045,3.0,5.0,3.0,1482.0,1542.0,1658.5762939453125,1686.0,503.0,1564.0
127995,F4A5E,150,2.0,6.0,V,0.01,0.35,0.37,0.01,0.045,2.0,3.0,26.0,1482.0,1542.0,1647.424560546875,1654.0,259.0,1547.0
127994,F4A5E,150,1.0,6.0,V,0.01,0.35,0.37,0.01,0.045,2.0,6.0,25.0,1482.0,1542.0,1666.4688720703125,1669.0,255.0,1549.0
127993,B7DF0,150,6.0,6.0,X,0.015,0.38,0.42,0.0,0.02,2.0,16.0,34.0,1486.0,1531.0,1623.8653564453125,1626.0,250.0,1544.0
127992,B7DF0,150,5.0,6.0,X,0.015,0.38,0.42,0.0,0.02,2.0,5.0,2.0,1486.0,1531.0,1621.5205078125,1639.0,240.0,1538.0
127991,B7DF0,150,4.0,6.0,X,0.015,0.38,0.42,0.0,0.02,1.0,3.0,25.0,1486.0,1531.0,1639.7584228515625,1665.0,0.0,1538.0
127990,EEED2,150,3.0,6.0,X,0.005,0.5,0.52,0.0,0.06,1.0,6.0,24.0,1485.0,1535.0,1651.3800048828125,1670.0,0.0,1546.0
127989,EEED2,150,2.0,6.0,X,0.005,0.5,0.52,0.0,0.06,1.0,16.0,33.0,1485.0,1535.0,1643.3175048828125,1652.0,0.0,1538.0
127988,8ECFF,150,1.0,6.0,X,0.01,0.46,0.48,0.0,0.02,1.0,5.0,1.0,1476.0,1521.0,1662.4573974609375,1665.0,0.0,1537.0
127987,F7AB5,300,6.0,6.0,X,0.015,0.42,0.44,0.0,0.02,14.0,3.0,24.0,1481.0,1526.0,1642.4842529296875,1647.0,3815.0,1535.0
127986,F7AB5,300,5.0,6.0,X,0.015,0.42,0.44,0.0,0.02,18.0,7.0,49.0,1481.0,1526.0,1642.7933349609375,1647.0,5059.0,1540.0
127985,F7AB5,300,4.0,7.0,X,0.015,0.42,0.44,0.0,0.02,14.0,6.0,23.0,1481.0,1526.0,1642.9864501953125,1638.0,3840.0,1538.0
127984,8E733,300,3.0,7.0,X,0.02,0.19,0.22,0.01,0.02,13.0,15.0,59.0,1506.0,1546.0,1654.969482421875,1667.0,3529.0,1565.0
127983,8E733,300,2.0,7.0,X,0.02,0.19,0.22,0.01,0.02,13.0,3.0,23.0,1506.0,1546.0,1656.7777099609375,1655.0,3576.0,1555.0
127982,8E733,300,1.0,7.0,X,0.02,0.19,0.22,0.01,0.02,17.0,7.0,48.0,1506.0,1546.0,1677.4495849609375,1681.0,4819.0,1558.0
127981,3B7FC,300,6.0,6.0,X,0.005,0.46,0.5,0.0,0.015,13.0,6.0,22.0,1480.0,1525.0,1631.9554443359375,1635.0,3605.0,1527.0
127980,3B7FC,300,5.0,6.0,X,0.005,0.46,0.5,0.0,0.015,12.0,15.0,58.0,1480.0,1525.0,1634.65771484375,1650.0,3298.0,1533.0
127979,3B7FC,300,4.0,6.0,X,0.005,0.46,0.5,0.0,0.015,12.0,16.0,32.0,1480.0,1525.0,1634.6512451171875,1634.0,3285.0,1531.0
127978,3B7FC,300,3.0,6.0,X,0.005,0.46,0.5,0.0,0.015,12.0,3.0,22.0,1480.0,1525.0,1635.9420166015625,1642.0,3276.0,1530.0
127977,3B7FC,300,2.0,6.0,X,0.005,0.46,0.5,0.0,0.015,16.0,7.0,47.0,1480.0,1525.0,1636.864990234375,1637.0,4505.0,1536.0
127976,3B7FC,300,1.0,6.0,X,0.005,0.46,0.5,0.0,0.015,12.0,6.0,21.0,1480.0,1525.0,1653.035400390625,1656.0,3299.0,1534.0
127975,7C2F1,300,7.0,7.0,X,0.0,0.37,0.45,0.0,0.08,11.0,15.0,57.0,1480.0,1520.0,1626.1961669921875,1637.0,2993.0,1534.0
127974,47D7D,300,6.0,7.0,X,0.0,0.37,0.41,0.011,0.08,11.0,16.0,31.0,1480.0,1525.0,1620.2239990234375,1625.0,2985.0,1533.0
127973,47D7D,300,5.0,7.0,X,0.0,0.37,0.41,0.011,0.08,11.0,3.0,21.0,1480.0,1525.0,1621.580078125,1625.0,2977.0,1532.0
127972,9A58C,300,4.0,7.0,X,0.0,0.37,0.45,0.008,0.08,15.0,7.0,46.0,1480.0,1525.0,1626.719482421875,1632.0,4216.0,1529.0
127971,9A58C,300,3.0,7.0,X,0.0,0.37,0.45,0.008,0.08,11.0,6.0,20.0,1480.0,1525.0,1624.8238525390625,1628.0,3001.0,1530.0
127970,9A58C,300,2.0,7.0,X,0.0,0.37,0.45,0.008,0.08,10.0,15.0,56.0,1480.0,1525.0,1623.283447265625,1626.0,2698.0,1537.0
127969,A9D9D,300,1.0,7.0,V,0.006,0.44,0.46,0.015,0.055,10.0,16.0,30.0,1473.0,1523.0,1653.2808837890625,1651.0,2690.0,1529.0
127968,36AD7,300,3.0,3.0,X,0.01,0.47,0.52,0.0,0.02,10.0,3.0,20.0,1474.0,1530.0,1639.49658203125,1638.0,2684.0,1535.0
127967,36AD7,300,2.0,3.0,X,0.01,0.47,0.52,0.0,0.02,14.0,7.0,45.0,1474.0,1530.0,1638.3082275390625,1645.0,3914.0,1537.0
127966,36AD7,300,1.0,3.0,X,0.01,0.47,0.52,0.0,0.02,10.0,6.0,19.0,1474.0,1530.0,1656.54833984375,1661.0,2697.0,1536.0
127965,36AD7,300,4.0,7.0,X,0.01,0.47,0.52,0.0,0.02,9.0,15.0,55.0,1474.0,1530.0,1636.41552734375,1635.0,2385.0,1532.0
127964,36AD7,300,3.0,7.0,X,0.01,0.47,0.52,0.0,0.02,9.0,16.0,29.0,1474.0,1530.0,1640.8114013671875,1638.0,2380.0,1539.0
127963,36AD7,300,2.0,7.0,X,0.01,0.47,0.52,0.0,0.02,9.0,3.0,19.0,1474.0,1530.0,1642.7384033203125,1635.0,2373.0,1539.0
127962,36AD7,300,1.0,7.0,X,0.01,0.47,0.52,0.0,0.02,13.0,7.0,44.0,1474.0,1530.0,1656.074462890625,1653.0,3605.0,1536.0
127961,A0D69,300,8.0,8.0,X,0.02,0.18,0.21,0.0,0.0,9.0,6.0,18.0,1510.0,1550.0,1661.337158203125,1667.0,2381.0,1562.0
127960,A0D69,300,7.0,8.0,X,0.02,0.18,0.21,0.0,0.0,8.0,15.0,54.0,1510.0,1550.0,1656.340576171875,1648.0,2080.0,1542.0
127959,A0D69,300,6.0,8.0,X,0.02,0.18,0.21,0.0,0.0,8.0,16.0,28.0,1510.0,1550.0,1657.384521484375,1659.0,2075.0,1547.0
127958,A0D69,300,5.0,8.0,X,0.02,0.18,0.21,0.0,0.0,8.0,3.0,18.0,1510.0,1550.0,1658.1490478515625,1657.0,2071.0,1544.0
127957,A0D69,300,4.0,8.0,X,0.02,0.18,0.21,0.0,0.0,12.0,7.0,43.0,1510.0,1550.0,1657.9482421875,1667.0,3314.0,1557.0
127956,A0D69,300,3.0,8.0,X,0.02,0.18,0.21,0.0,0.0,8.0,6.0,17.0,1510.0,1550.0,1659.8055419921875,1671.0,2105.0,1550.0
127955,A0D69,300,2.0,8.0,X,0.02,0.18,0.21,0.0,0.0,7.0,15.0,53.0,1510.0,1550.0,1659.613037109375,1662.0,1802.0,1547.0
127954,A0D69,300,1.0,8.0,X,0.02,0.18,0.21,0.0,0.0,7.0,16.0,27.0,1510.0,1550.0,1679.069091796875,1668.0,1799.0,1549.0
127953,A2DFA,300,5.0,5.0,X,0.005,0.43,0.5,0.0,0.0,7.0,3.0,17.0,1480.0,1525.0,1617.3919677734375,1620.0,1799.0,1534.0
127952,A2DFA,300,4.0,5.0,X,0.005,0.43,0.5,0.0,0.0,11.0,7.0,42.0,1480.0,1525.0,1643.5084228515625,1644.0,3044.0,1534.0
127951,A2DFA,300,3.0,5.0,X,0.005,0.43,0.5,0.0,0.0,7.0,6.0,16.0,1480.0,1525.0,1642.6365966796875,1643.0,1839.0,1534.0
127950,A2DFA,300,2.0,5.0,X,0.005,0.43,0.5,0.0,0.0,6.0,15.0,52.0,1480.0,1525.0,1632.5291748046875,1634.0,1544.0,1526.0
127949,D033D,300,1.0,5.0,X,0.02,0.47,0.49,0.009,0.0,6.0,16.0,26.0,1480.0,1515.0,1648.680419921875,1652.0,1544.0,1523.0
127948,A2DFA,300,5.0,5.0,X,0.005,0.43,0.5,0.0,0.0,6.0,3.0,16.0,1480.0,1525.0,1633.7890625,1640.0,1541.0,1523.0
127947,A2DFA,300,4.0,5.0,X,0.005,0.43,0.5,0.0,0.0,10.0,7.0,41.0,1480.0,1525.0,1633.2567138671875,1629.0,2787.0,1517.0
127946,A2DFA,300,3.0,5.0,X,0.005,0.43,0.5,0.0,0.0,6.0,6.0,15.0,1480.0,1525.0,1627.04638671875,1632.0,1574.0,1520.0
127945,A2DFA,300,2.0,5.0,X,0.005,0.43,0.5,0.0,0.0,5.0,15.0,51.0,1480.0,1525.0,1623.187744140625,1637.0,1275.0,1527.0
127944,15370,300,1.0,5.0,X,0.01,0.45,0.48,0.0,0.02,5.0,16.0,25.0,1480.0,1525.0,1655.2781982421875,1659.0,1266.0,1524.0
127943,2E33F,300,5.0,5.0,X,0.008,0.46,0.49,0.0,0.0,5.0,3.0,15.0,1483.0,1528.0,1645.4598388671875,1656.0,1179.0,1548.0
127942,2E33F,300,4.0,5.0,X,0.008,0.46,0.49,0.0,0.0,9.0,7.0,40.0,1483.0,1528.0,1645.8636474609375,1651.0,2420.0,1542.0
127941,2E33F,300,3.0,5.0,X,0.008,0.46,0.49,0.0,0.0,5.0,6.0,14.0,1483.0,1528.0,1643.5303955078125,1646.0,1204.0,1548.0
127940,2E33F,300,2.0,5.0,X,0.008,0.46,0.49,0.0,0.0,4.0,15.0,50.0,1483.0,1528.0,1645.375244140625,1647.0,899.0,1543.0
127939,2E33F,300,1.0,5.0,X,0.008,0.46,0.49,0.0,0.0,4.0,16.0,24.0,1483.0,1528.0,1663.533935546875,1653.0,896.0,1536.0
127938,DE12C,300,5.0,5.0,X,0.02,0.53,0.55,0.0,0.02,4.0,3.0,14.0,1486.0,1536.0,1651.16796875,1662.0,878.0,1539.0
127937,DE12C,300,4.0,5.0,X,0.02,0.53,0.55,0.0,0.02,8.0,7.0,39.0,1486.0,1536.0,1649.9927978515625,1641.0,2124.0,1524.0
127936,43C5C,300,3.0,5.0,X,0.005,0.5,0.53,0.0,0.02,4.0,6.0,13.0,1487.0,1532.0,1644.3306884765625,1651.0,894.0,1532.0
127935,71628,300,2.0,5.0,X,0.02,0.51,0.55,0.0,0.0,3.0,15.0,49.0,1488.0,1533.0,1653.03076171875,1668.0,592.0,1539.0
127934,79D8C,300,1.0,5.0,X,0.0,0.52,0.55,0.007,0.0,3.0,16.0,23.0,1485.0,1530.0,1655.6973876953125,1669.0,579.0,1535.0
127933,A0D69,300,8.0,8.0,X,0.02,0.18,0.21,0.0,0.0,3.0,3.0,13.0,1510.0,1550.0,1660.423095703125,1657.0,556.0,1555.0
127932,A0D69,300,7.0,8.0,X,0.02,0.18,0.21,0.0,0.0,7.0,7.0,38.0,1510.0,1550.0,1658.764404296875,1664.0,1795.0,1566.0
127931,A0D69,300,6.0,8.0,X,0.02,0.18,0.21,0.0,0.0,3.0,6.0,12.0,1510.0,1550.0,1664.3056640625,1656.0,586.0,1562.0
127930,A0D69,300,5.0,8.0,X,0.02,0.18,0.21,0.0,0.0,2.0,15.0,48.0,1510.0,1550.0,1664.1402587890625,1671.0,281.0,1565.0
127929,A0D69,300,4.0,8.0,X,0.02,0.18,0.21,0.0,0.0,2.0,16.0,22.0,1510.0,1550.0,1665.0948486328125,1662.0,283.0,1551.0
127928,A0D69,300,3.0,8.0,X,0.02,0.18,0.21,0.0,0.0,2.0,3.0,12.0,1510.0,1550.0,1665.73193359375,1666.0,277.0,1541.0
127927,A0D69,300,2.0,8.0,X,0.02,0.18,0.21,0.0,0.0,6.0,7.0,37.0,1510.0,1550.0,1665.3062744140625,1670.0,1517.0,1549.0
127926,A0D69,300,1.0,8.0,X,0.02,0.18,0.21,0.0,0.0,2.0,6.0,11.0,1510.0,1550.0,1680.127197265625,1680.0,302.0,1545.0
127925,A765B,300,5.0,5.0,X,0.01,0.5,0.54,0.0,0.02,1.0,15.0,47.0,1486.0,1532.0,1660.6597900390625,1679.0,0.0,1538.0
127924,CB239,300,4.0,5.0,V,0.0,0.69,0.73,0.012,0.06,1.0,16.0,21.0,1474.0,1499.0,1628.4312744140625,1629.0,0.0,1511.0
127923,CB239,300,3.0,5.0,V,0.0,0.69,0.73,0.012,0.06,1.0,3.0,11.0,1474.0,1499.0,1628.896240234375,1632.0,0.0,1507.0
127922,A2DFA,300,2.0,4.0,X,0.005,0.43,0.5,0.0,0.0,5.0,7.0,36.0,1480.0,1525.0,1619.7528076171875,1629.0,1227.0,1525.0
127921,2556F,300,1.0,4.0,X,0.01,0.48,0.53,0.008,0.0,1.0,6.0,10.0,1486.0,1516.0,1655.7613525390625,1660.0,0.0,1522.0
127920,2556F,300,4.0,8.0,X,0.01,0.48,0.53,0.008,0.0,4.0,7.0,35.0,1486.0,1516.0,1618.3670654296875,1623.0,839.0,1527.0
127919,2556F,300,3.0,8.0,X,0.01,0.48,0.53,0.008,0.0,3.0,16.0,20.0,1486.0,1516.0,1620.092041015625,1616.0,577.0,1526.0
127918,116A5,300,2.0,8.0,X,0.02,0.5,0.52,0.0,0.0,3.0,3.0,10.0,1488.0,1528.0,1642.373291015625,1644.0,575.0,1530.0
127917,116A5,300,1.0,8.0,X,0.02,0.5,0.52,0.0,0.0,3.0,15.0,46.0,1488.0,1528.0,1658.401611328125,1659.0,586.0,1537.0
127916,D63DF,300,7.0,7.0,V,0.005,0.37,0.4,0.01,0.03,2.0,6.0,9.0,1480.0,1525.0,1628.10498046875,1633.0,290.0,1526.0
127915,D63DF,300,6.0,7.0,V,0.005,0.37,0.4,0.01,0.03,3.0,7.0,34.0,1480.0,1525.0,1628.233154296875,1631.0,539.0,1526.0
127914,D63DF,300,5.0,7.0,V,0.005,0.37,0.4,0.01,0.03,2.0,16.0,19.0,1480.0,1525.0,1627.639404296875,1630.0,297.0,1531.0
127913,D63DF,300,4.0,7.0,V,0.005,0.37,0.4,0.01,0.03,2.0,3.0,9.0,1480.0,1525.0,1630.193359375,1632.0,296.0,1530.0
127912,D63DF,300,3.0,7.0,V,0.005,0.37,0.4,0.01,0.03,2.0,15.0,45.0,1480.0,1525.0,1628.3240966796875,1630.0,305.0,1525.0
127911,D63DF,300,2.0,7.0,V,0.005,0.37,0.4,0.01,0.03,1.0,6.0,7.0,1480.0,1525.0,1644.59912109375,1651.0,0.0,1531.0
127910,D63DF,300,1.0,7.0,V,0.005,0.37,0.4,0.01,0.03,2.0,7.0,33.0,1480.0,1525.0,1650.4171142578125,1653.0,244.0,1528.0
127909,16F90,300,4.0,4.0,B,0.02,0.36,0.38,0.0,0.02,1.0,16.0,18.0,1490.0,1535.0,1657.367431640625,1675.0,0.0,1546.0
127908,28B54,300,3.0,4.0,B,0.01,0.32,0.35,0.0,0.015,1.0,3.0,8.0,1490.0,1535.0,1658.8890380859375,1666.0,0.0,1542.0
127907,28B54,300,2.0,4.0,B,0.01,0.32,0.35,0.0,0.015,1.0,15.0,44.0,1490.0,1535.0,1656.1265869140625,1659.0,0.0,1538.0
127906,31262,300,1.0,4.0,X,0.01,0.46,0.48,0.01,0.0,1.0,7.0,32.0,1480.0,1525.0,1675.821533203125,1699.0,0.0,1535.0
127905,EEE12,300,3.0,3.0,X,0.0,0.69,0.72,0.0,0.02,4.0,16.0,17.0,1475.0,1510.0,1624.3826904296875,1625.0,1011.0,1517.0
127904,EEE12,300,2.0,3.0,X,0.0,0.69,0.72,0.0,0.02,2.0,7.0,31.0,1475.0,1510.0,1623.05029296875,1622.0,354.0,1525.0
127903,D033D,300,6.0,6.0,X,0.02,0.47,0.49,0.009,0.0,6.0,6.0,6.0,1480.0,1515.0,1628.362548828125,1635.0,1618.0,1511.0
127902,D033D,300,5.0,6.0,X,0.02,0.47,0.49,0.009,0.0,7.0,3.0,7.0,1480.0,1515.0,1628.4986572265625,1629.0,2002.0,1511.0
127901,D033D,300,4.0,6.0,X,0.02,0.47,0.49,0.009,0.0,2.0,15.0,43.0,1480.0,1515.0,1630.1556396484375,1630.0,325.0,1518.0
127900,D033D,300,3.0,6.0,X,0.02,0.47,0.49,0.009,0.0,3.0,16.0,16.0,1480.0,1515.0,1624.8067626953125,1627.0,673.0,1520.0
127899,D033D,300,2.0,6.0,X,0.02,0.47,0.49,0.009,0.0,1.0,7.0,30.0,1480.0,1515.0,1640.6654052734375,1655.0,0.0,1531.0
127898,D033D,300,1.0,6.0,X,0.02,0.47,0.49,0.009,0.0,5.0,6.0,5.0,1480.0,1515.0,1641.2864990234375,1641.0,1257.0,1516.0
127897,27A7C,300,4.0,4.0,X,0.02,0.43,0.47,0.0,0.015,6.0,3.0,6.0,1480.0,1515.0,1630.512939453125,1650.0,1676.0,1522.0
127896,27A7C,300,3.0,4.0,X,0.02,0.43,0.47,0.0,0.015,1.0,15.0,42.0,1480.0,1515.0,1644.5723876953125,1656.0,0.0,1530.0
127895,27A7C,300,2.0,4.0,X,0.02,0.43,0.47,0.0,0.015,2.0,16.0,15.0,1480.0,1515.0,1629.283203125,1632.0,358.0,1529.0
127894,11307,300,5.0,8.0,X,0.01,0.45,0.5,0.0,0.02,28.0,8.0,55.0,1480.0,1520.0,1629.6881103515625,1648.0,8254.0,1525.0
127893,11307,300,4.0,8.0,X,0.01,0.45,0.5,0.0,0.02,4.0,6.0,4.0,1480.0,1520.0,1623.8138427734375,1621.0,947.0,1511.0
127892,4A0F0,300,3.0,8.0,X,0.0,0.39,0.42,0.0,0.03,5.0,3.0,5.0,1488.0,1528.0,1645.1605224609375,1652.0,1350.0,1526.0
127891,4A0F0,300,2.0,8.0,X,0.0,0.39,0.42,0.0,0.03,2.0,7.0,29.0,1488.0,1528.0,1642.200439453125,1646.0,319.0,1530.0
127890,4D097,300,1.0,8.0,X,0.015,0.51,0.55,0.0,0.01,1.0,16.0,14.0,1487.0,1527.0,1666.6890869140625,1675.0,0.0,1542.0
127889,2D42F,300,4.0,4.0,B,0.005,0.36,0.39,0.0,0.01,27.0,8.0,54.0,1492.0,1547.0,1674.8018798828125,1682.0,7900.0,1552.0
127888,2D42F,300,3.0,4.0,B,0.005,0.36,0.39,0.0,0.01,3.0,6.0,3.0,1492.0,1547.0,1675.0626220703125,1689.0,619.0,1550.0
127887,2D42F,300,2.0,4.0,B,0.005,0.36,0.39,0.0,0.01,4.0,3.0,4.0,1492.0,1547.0,1668.5982666015625,1679.0,1028.0,1553.0
127886,2D42F,300,1.0,4.0,B,0.005,0.36,0.39,0.0,0.01,1.0,7.0,28.0,1492.0,1547.0,1705.09228515625,1710.0,0.0,1548.0
127885,B7DF0,300,8.0,8.0,X,0.015,0.38,0.42,0.0,0.02,9.0,15.0,41.0,1486.0,1531.0,1638.2811279296875,1653.0,2323.0,1543.0
127884,E1B6A,300,7.0,8.0,X,0.02,0.18,0.2,0.0,0.015,26.0,8.0,53.0,1501.0,1546.0,1657.4605712890625,1659.0,7592.0,1555.0
127883,E1B6A,300,6.0,8.0,X,0.02,0.18,0.2,0.0,0.015,2.0,6.0,2.0,1501.0,1546.0,1665.1805419921875,1663.0,294.0,1554.0
127882,DCC51,300,5.0,8.0,V,0.01,0.29,0.32,0.012,0.03,3.0,3.0,3.0,1486.0,1536.0,1661.86669921875,1663.0,712.0,1536.0
127881,258E9,300,4.0,8.0,X,0.01,0.32,0.35,0.0,0.0,8.0,15.0,40.0,1488.0,1528.0,1631.18896484375,1632.0,2082.0,1542.0
127880,258E9,300,3.0,8.0,X,0.01,0.32,0.35,0.0,0.0,8.0,16.0,13.0,1488.0,1528.0,1628.1939697265625,1631.0,1965.0,1530.0
127879,EB957,300,2.0,8.0,X,0.015,0.53,0.56,0.0,0.01,25.0,8.0,52.0,1486.0,1536.0,1650.154541015625,1653.0,7284.0,1546.0
127878,EB957,300,1.0,8.0,X,0.015,0.53,0.56,0.0,0.01,1.0,6.0,1.0,1486.0,1536.0,1688.8214111328125,1701.0,0.0,1547.0
127877,E31E9,300,6.0,6.0,X,0.01,0.96,1.05,0.006,0.0,2.0,3.0,2.0,1460.0,1485.0,1609.507568359375,1615.0,392.0,1501.0
127876,3CF26,300,5.0,6.0,X,0.01,0.96,1.05,0.006,0.0,7.0,15.0,39.0,1460.0,1485.0,1609.6024169921875,1625.0,1754.0,1509.0
127875,3CF26,300,4.0,6.0,X,0.01,0.96,1.05,0.006,0.0,7.0,16.0,12.0,1460.0,1485.0,1606.543212890625,1607.0,1634.0,1492.0
127874,3CF26,300,3.0,6.0,X,0.01,0.96,1.05,0.006,0.0,24.0,8.0,51.0,1460.0,1485.0,1600.1944580078125,1622.0,6930.0,1512.0
127873,3CF26,300,2.0,6.0,X,0.01,0.96,1.05,0.006,0.0,19.0,7.0,27.0,1460.0,1485.0,1603.5296630859375,1617.0,5592.0,1504.0
127872,3CF26,300,1.0,6.0,X,0.01,0.96,1.05,0.006,0.0,1.0,3.0,1.0,1460.0,1485.0,1646.33837890625,1661.0,0.0,1515.0
127871,E0B89,300,7.0,7.0,X,0.02,0.22,0.25,0.01,0.015,6.0,15.0,38.0,1501.0,1546.0,1658.201416015625,1674.0,1372.0,1555.0
127870,E0B89,300,6.0,7.0,X,0.02,0.22,0.25,0.01,0.015,6.0,16.0,11.0,1501.0,1546.0,1659.5126953125,1656.0,1256.0,1551.0
127869,E0B89,300,5.0,7.0,X,0.02,0.22,0.25,0.01,0.015,23.0,8.0,50.0,1501.0,1546.0,1661.6278076171875,1669.0,6589.0,1546.0
127868,1E6E6,300,4.0,7.0,X,0.025,0.19,0.23,0.01,0.015,18.0,7.0,26.0,1505.0,1545.0,1652.8372802734375,1663.0,5249.0,1545.0
127867,1E6E6,300,3.0,7.0,X,0.025,0.19,0.23,0.01,0.015,5.0,15.0,37.0,1505.0,1545.0,1652.8372802734375,1651.0,1151.0,1544.0
127866,73491,300,2.0,7.0,X,0.02,0.42,0.45,0.006,0.02,5.0,16.0,10.0,1481.0,1526.0,1639.940673828125,1640.0,1026.0,1530.0
127865,73491,300,1.0,7.0,X,0.02,0.42,0.45,0.006,0.02,22.0,8.0,49.0,1481.0,1526.0,1651.9609375,1658.0,6329.0,1531.0
127864,7FEAB,300,2.0,2.0,X,0.02,0.19,0.21,0.009,0.02,17.0,7.0,25.0,1506.0,1546.0,1656.025390625,1669.0,4961.0,1558.0
127863,7FEAB,300,7.0,8.0,X,0.02,0.19,0.21,0.009,0.02,4.0,15.0,36.0,1506.0,1546.0,1659.0443115234375,1689.0,865.0,1560.0
127862,7FEAB,300,6.0,8.0,X,0.02,0.19,0.21,0.009,0.02,4.0,16.0,9.0,1506.0,1546.0,1660.00390625,1656.0,749.0,1558.0
127861,7FEAB,300,5.0,8.0,X,0.02,0.19,0.21,0.009,0.02,21.0,8.0,48.0,1506.0,1546.0,1660.00390625,1668.0,6086.0,1557.0
127860,7FEAB,300,4.0,8.0,X,0.02,0.19,0.21,0.009,0.02,16.0,7.0,24.0,1506.0,1546.0,1658.888916015625,1663.0,4751.0,1545.0
127859,7FEAB,300,3.0,8.0,X,0.02,0.19,0.21,0.009,0.02,3.0,15.0,35.0,1506.0,1546.0,1656.300048828125,1671.0,637.0,1552.0
127858,7FEAB,300,2.0,8.0,X,0.02,0.19,0.21,0.009,0.02,3.0,16.0,8.0,1506.0,1546.0,1661.19091796875,1667.0,520.0,1554.0
127857,7FEAB,300,1.0,8.0,X,0.02,0.19,0.21,0.009,0.02,20.0,8.0,47.0,1506.0,1546.0,1690.7923583984375,1712.0,5841.0,1543.0
127856,27480,300,3.0,3.0,X,0.02,0.21,0.23,0.009,0.02,15.0,7.0,23.0,1506.0,1551.0,1671.520263671875,1674.0,4498.0,1559.0
127855,27480,300,2.0,3.0,X,0.02,0.21,0.23,0.009,0.02,2.0,15.0,34.0,1506.0,1551.0,1675.8658447265625,1677.0,400.0,1557.0
127854,27480,300,1.0,3.0,X,0.02,0.21,0.23,0.009,0.02,2.0,16.0,7.0,1506.0,1551.0,1687.5107421875,1687.0,272.0,1562.0
127853,41766,300,7.0,7.0,B,0.017,0.3,0.32,0.0,0.0,19.0,8.0,46.0,1496.0,1541.0,1652.630615234375,1664.0,5554.0,1540.0
127852,F10E0,300,6.0,7.0,X,0.02,0.15,0.18,0.008,0.0,15.0,5.0,52.0,1511.0,1552.0,1659.8170166015625,1665.0,4432.0,1560.0
127851,F10E0,300,5.0,7.0,X,0.02,0.15,0.18,0.008,0.0,14.0,7.0,22.0,1511.0,1552.0,1658.5313720703125,1664.0,4155.0,1551.0
127850,CA2FD,300,4.0,7.0,X,0.02,0.15,0.17,0.009,0.02,1.0,16.0,6.0,1507.0,1552.0,1681.0367431640625,1694.0,0.0,1575.0
127849,CA2FD,300,3.0,7.0,X,0.02,0.15,0.17,0.009,0.02,1.0,15.0,33.0,1507.0,1552.0,1679.1240234375,1688.0,0.0,1557.0
127848,FB109,300,2.0,7.0,X,0.02,0.17,0.19,0.008,0.02,18.0,8.0,45.0,1507.0,1547.0,1659.1849365234375,1678.0,5124.0,1552.0
127847,885B2,300,1.0,7.0,X,0.025,0.17,0.19,0.01,0.008,14.0,5.0,51.0,1507.0,1552.0,1682.38427734375,1684.0,3902.0,1561.0
127846,25632,300,9.0,9.0,X,0.01,0.96,1.02,0.008,0.0,13.0,7.0,21.0,1460.0,1485.0,1599.049072265625,1616.0,3621.0,1496.0
127845,25632,300,8.0,9.0,X,0.01,0.96,1.02,0.008,0.0,5.0,16.0,5.0,1460.0,1485.0,1596.5174560546875,1621.0,1244.0,1496.0
127844,25632,300,7.0,9.0,X,0.01,0.96,1.02,0.008,0.0,9.0,15.0,32.0,1460.0,1485.0,1595.521240234375,1583.0,2219.0,1489.0
127843,25632,300,6.0,9.0,X,0.01,0.96,1.02,0.008,0.0,17.0,8.0,44.0,1460.0,1485.0,1594.213623046875,1597.0,4710.0,1495.0
127842,25632,300,5.0,9.0,X,0.01,0.96,1.02,0.008,0.0,13.0,5.0,50.0,1460.0,1485.0,1595.7913818359375,1598.0,3586.0,1505.0
127841,25632,300,4.0,9.0,X,0.01,0.96,1.02,0.008,0.0,12.0,7.0,20.0,1460.0,1485.0,1600.3544921875,1603.0,3309.0,1502.0
127840,25632,300,3.0,9.0,X,0.01,0.96,1.02,0.008,0.0,4.0,16.0,4.0,1460.0,1485.0,1596.008056640625,1606.0,927.0,1501.0
127839,25632,300,2.0,9.0,X,0.01,0.96,1.02,0.008,0.0,8.0,15.0,31.0,1460.0,1485.0,1595.2669677734375,1598.0,1921.0,1491.0
127838,25632,300,1.0,9.0,X,0.01,0.96,1.02,0.008,0.0,16.0,8.0,43.0,1460.0,1485.0,1613.6572265625,1611.0,4421.0,1481.0
127837,D398B,300,7.0,7.0,X,0.02,0.2,0.22,0.009,0.02,12.0,5.0,49.0,1506.0,1551.0,1673.1114501953125,1672.0,3293.0,1568.0
127836,D398B,300,6.0,7.0,X,0.02,0.2,0.22,0.009,0.02,11.0,7.0,19.0,1506.0,1551.0,1675.97265625,1673.0,3018.0,1558.0
127835,D398B,300,5.0,7.0,X,0.02,0.2,0.22,0.009,0.02,3.0,16.0,3.0,1506.0,1551.0,1674.2353515625,1673.0,643.0,1552.0
127834,248B5,300,4.0,7.0,X,0.02,0.21,0.23,0.009,0.02,7.0,15.0,30.0,1506.0,1551.0,1670.666748046875,1677.0,1628.0,1551.0
127833,248B5,300,3.0,7.0,X,0.02,0.21,0.23,0.009,0.02,15.0,8.0,42.0,1506.0,1551.0,1670.454345703125,1680.0,4120.0,1553.0
127832,248B5,300,2.0,7.0,X,0.02,0.21,0.23,0.009,0.02,11.0,5.0,48.0,1506.0,1551.0,1670.8414306640625,1672.0,2931.0,1556.0
127831,248B5,300,1.0,7.0,X,0.02,0.21,0.23,0.009,0.02,10.0,7.0,18.0,1506.0,1551.0,1695.5223388671875,1695.0,2656.0,1558.0
127830,8E733,300,6.0,6.0,X,0.02,0.19,0.22,0.01,0.02,2.0,16.0,2.0,1506.0,1546.0,1668.639404296875,1693.0,277.0,1558.0
127829,8E733,300,5.0,6.0,X,0.02,0.19,0.22,0.01,0.02,6.0,15.0,29.0,1506.0,1546.0,1664.8546142578125,1669.0,1270.0,1558.0
127828,8E733,300,4.0,6.0,X,0.02,0.19,0.22,0.01,0.02,14.0,8.0,41.0,1506.0,1546.0,1652.7967529296875,1667.0,3753.0,1553.0
127827,F7C5E,300,3.0,6.0,X,0.015,0.27,0.29,0.009,0.0,10.0,5.0,47.0,1501.0,1551.0,1699.0001220703125,1716.0,2638.0,1566.0
127826,F7C5E,300,2.0,6.0,X,0.015,0.27,0.29,0.009,0.0,9.0,7.0,17.0,1501.0,1551.0,1692.18994140625,1696.0,2371.0,1551.0
127825,108A8,300,1.0,6.0,X,0.02,0.27,0.29,0.009,0.015,1.0,16.0,1.0,1501.0,1546.0,1705.650634765625,1708.0,0.0,1550.0
127824,5F0F6,300,5.0,5.0,X,0.005,0.42,0.44,0.0,0.028,5.0,15.0,28.0,1487.0,1527.0,1630.2213134765625,1635.0,983.0,1537.0
127823,5F0F6,300,4.0,5.0,X,0.005,0.42,0.44,0.0,0.028,13.0,8.0,40.0,1487.0,1527.0,1633.57666015625,1640.0,3465.0,1529.0
127822,5F0F6,300,3.0,5.0,X,0.005,0.42,0.44,0.0,0.028,9.0,5.0,46.0,1487.0,1527.0,1634.354248046875,1605.0,2327.0,1537.0
127821,5F0F6,300,2.0,5.0,X,0.005,0.42,0.44,0.0,0.028,8.0,7.0,16.0,1487.0,1527.0,1635.335693359375,1646.0,2057.0,1541.0
127820,E36E1,300,1.0,5.0,X,0.02,0.34,0.37,0.0,0.02,4.0,15.0,27.0,1489.0,1534.0,1669.222412109375,1671.0,725.0,1551.0
127819,33D10,300,7.0,7.0,X,0.015,0.39,0.42,0.0,0.0,12.0,8.0,39.0,1485.0,1530.0,1635.4290771484375,1642.0,3220.0,1540.0
127818,33D10,300,6.0,7.0,X,0.015,0.39,0.42,0.0,0.0,8.0,5.0,45.0,1485.0,1530.0,1642.9661865234375,1646.0,2096.0,1540.0
127817,33D10,300,5.0,7.0,X,0.015,0.39,0.42,0.0,0.0,7.0,7.0,15.0,1485.0,1530.0,1640.44140625,1645.0,1827.0,1543.0
127816,3D92C,300,4.0,7.0,X,0.01,0.39,0.41,0.0,0.02,3.0,15.0,26.0,1485.0,1520.0,1625.1873779296875,1629.0,508.0,1534.0
127815,57414,300,3.0,7.0,X,0.01,0.38,0.43,0.0,0.02,11.0,8.0,38.0,1486.0,1526.0,1640.7374267578125,1642.0,3007.0,1537.0
127814,57414,300,2.0,7.0,X,0.01,0.38,0.43,0.0,0.02,7.0,5.0,44.0,1486.0,1526.0,1640.7374267578125,1641.0,1884.0,1533.0
127813,57414,300,1.0,7.0,X,0.01,0.38,0.43,0.0,0.02,6.0,7.0,14.0,1486.0,1526.0,1658.979248046875,1661.0,1612.0,1532.0
127812,31B0B,300,6.0,6.0,X,0.02,0.17,0.19,0.008,0.02,2.0,15.0,25.0,1504.0,1539.0,1652.13037109375,1661.0,291.0,1543.0
127811,31B0B,300,5.0,6.0,X,0.02,0.17,0.19,0.008,0.02,10.0,8.0,37.0,1504.0,1539.0,1659.9652099609375,1660.0,2785.0,1556.0
127810,80160,300,4.0,6.0,X,0.015,0.4,0.45,0.0,0.02,6.0,5.0,43.0,1487.0,1522.0,1637.5850830078125,1641.0,1666.0,1540.0
127809,80160,300,3.0,6.0,X,0.015,0.4,0.45,0.0,0.02,8.0,2.0,55.0,1487.0,1522.0,1632.0404052734375,1654.0,2320.0,1536.0
127808,80160,300,2.0,6.0,X,0.015,0.4,0.45,0.0,0.02,5.0,7.0,13.0,1487.0,1522.0,1637.4693603515625,1642.0,1320.0,1523.0
127807,80160,300,1.0,6.0,X,0.015,0.4,0.45,0.0,0.02,1.0,15.0,24.0,1487.0,1522.0,1667.859619140625,1671.0,0.0,1527.0
127806,C635C,300,3.0,3.0,X,0.0,0.9,0.94,0.0,0.0,9.0,8.0,36.0,1460.0,1485.0,1604.542724609375,1618.0,2488.0,1505.0
127805,C635C,300,2.0,3.0,X,0.0,0.9,0.94,0.0,0.0,7.0,2.0,54.0,1460.0,1485.0,1602.4808349609375,1608.0,2076.0,1494.0
127804,C635C,300,1.0,3.0,X,0.0,0.9,0.94,0.0,0.0,5.0,5.0,42.0,1460.0,1485.0,1619.6495361328125,1629.0,1275.0,1500.0
127803,76AB8,300,3.0,3.0,X,0.02,0.18,0.2,0.008,0.02,4.0,7.0,12.0,1506.0,1546.0,1668.1231689453125,1679.0,953.0,1558.0
127802,C8A86,300,7.0,8.0,X,0.022,0.2,0.22,0.0,0.02,8.0,8.0,35.0,1505.0,1545.0,1659.8408203125,1672.0,2116.0,1563.0
127801,77C04,300,6.0,8.0,X,0.02,0.17,0.22,0.01,0.01,6.0,2.0,53.0,1502.0,1547.0,1663.3387451171875,1690.0,1694.0,1553.0
127800,77C04,300,5.0,8.0,X,0.02,0.17,0.22,0.01,0.01,4.0,5.0,41.0,1502.0,1547.0,1663.963623046875,1669.0,925.0,1558.0
127799,77C04,300,4.0,8.0,X,0.02,0.17,0.22,0.01,0.01,8.0,15.0,23.0,1502.0,1547.0,1663.963623046875,1675.0,2069.0,1555.0
127798,77C04,300,3.0,8.0,X,0.02,0.17,0.22,0.01,0.01,3.0,7.0,11.0,1502.0,1547.0,1672.1590576171875,1690.0,594.0,1564.0
127797,77C04,300,2.0,8.0,X,0.02,0.17,0.22,0.01,0.01,7.0,8.0,34.0,1502.0,1547.0,1671.3551025390625,1678.0,1819.0,1554.0
127796,FA128,300,1.0,8.0,X,0.02,0.18,0.21,0.009,0.02,5.0,2.0,52.0,1504.0,1544.0,1674.92236328125,1675.0,1409.0,1550.0
127795,889AE,300,4.0,4.0,B,0.02,0.16,0.18,0.012,0.01,3.0,5.0,40.0,1507.0,1532.0,1639.5792236328125,1643.0,639.0,1545.0
127794,889AE,300,3.0,4.0,B,0.02,0.16,0.18,0.012,0.01,7.0,15.0,22.0,1507.0,1532.0,1639.6435546875,1642.0,1782.0,1535.0
127793,889AE,300,2.0,4.0,B,0.02,0.16,0.18,0.012,0.01,2.0,7.0,10.0,1507.0,1532.0,1636.9031982421875,1641.0,312.0,1534.0
127792,889AE,300,1.0,4.0,B,0.02,0.16,0.18,0.012,0.01,6.0,8.0,33.0,1507.0,1532.0,1674.183837890625,1681.0,1537.0,1548.0
127791,C75D6,300,5.0,5.0,X,0.0,0.95,0.99,0.0,0.0,4.0,2.0,51.0,1463.0,1489.0,1614.082275390625,1619.0,1119.0,1493.0
127790,EB041,300,4.0,5.0,X,0.0,0.94,1.0,0.0,0.0,2.0,5.0,39.0,1463.0,1489.0,1609.465576171875,1620.0,346.0,1496.0
127789,0BFF6,300,3.0,5.0,X,0.0,0.93,1.0,0.006,0.0,6.0,15.0,21.0,1462.0,1488.0,1607.848876953125,1609.0,1477.0,1495.0
127788,B248F,300,2.0,5.0,X,0.0,0.93,0.97,0.0,0.0,1.0,7.0,9.0,1462.0,1488.0,1629.7174072265625,1634.0,0.0,1497.0
127787,B248F,300,1.0,5.0,X,0.0,0.93,0.97,0.0,0.0,5.0,8.0,32.0,1462.0,1488.0,1618.6104736328125,1620.0,1174.0,1494.0
127786,E86A6,300,5.0,5.0,X,0.018,0.28,0.31,0.007,0.015,3.0,2.0,50.0,1497.0,1537.0,1652.3863525390625,1659.0,768.0,1551.0
127785,E86A6,300,4.0,5.0,X,0.018,0.28,0.31,0.007,0.015,1.0,5.0,38.0,1497.0,1537.0,1663.7864990234375,1666.0,0.0,1560.0
127784,E86A6,300,3.0,5.0,X,0.018,0.28,0.31,0.007,0.015,5.0,15.0,20.0,1497.0,1537.0,1657.9735107421875,1656.0,1137.0,1550.0
127783,E86A6,300,2.0,5.0,X,0.018,0.28,0.31,0.007,0.015,4.0,8.0,31.0,1497.0,1537.0,1654.7467041015625,1656.0,887.0,1538.0
127782,E86A6,300,1.0,5.0,X,0.018,0.28,0.31,0.007,0.015,4.0,5.0,38.0,1497.0,1537.0,1666.1240234375,1651.0,876.0,
127781,FE39B,300,7.0,7.0,X,0.02,0.21,0.23,0.0,0.02,2.0,2.0,49.0,1503.0,1548.0,1664.8023681640625,1664.0,395.0,1553.0
127780,FE39B,300,6.0,7.0,X,0.02,0.21,0.23,0.0,0.02,4.0,15.0,19.0,1503.0,1548.0,1659.541748046875,1666.0,813.0,1543.0
127779,FE39B,300,5.0,7.0,X,0.02,0.21,0.23,0.0,0.02,4.0,7.0,7.0,1503.0,1548.0,1667.8653564453125,1664.0,868.0,1545.0
127778,FE39B,300,4.0,7.0,X,0.02,0.21,0.23,0.0,0.02,3.0,8.0,30.0,1503.0,1548.0,1669.3575439453125,1659.0,563.0,1549.0
127777,FE39B,300,3.0,7.0,X,0.02,0.21,0.23,0.0,0.02,3.0,5.0,37.0,1503.0,1548.0,1670.442138671875,1678.0,533.0,1572.0
127776,FE39B,300,2.0,7.0,X,0.02,0.21,0.23,0.0,0.02,3.0,15.0,18.0,1503.0,1548.0,1669.859375,1672.0,535.0,1540.0
127775,FE39B,300,1.0,7.0,X,0.02,0.21,0.23,0.0,0.02,1.0,2.0,48.0,1503.0,1548.0,1710.7286376953125,1689.0,0.0,1569.0
127774,FAAAA,300,5.0,5.0,X,0.015,0.39,0.41,0.008,0.0,3.0,7.0,6.0,1483.0,1523.0,1627.7537841796875,1631.0,540.0,1538.0
127773,FAAAA,300,4.0,5.0,X,0.015,0.39,0.41,0.008,0.0,2.0,8.0,29.0,1483.0,1523.0,1627.796630859375,1625.0,236.0,1528.0
127772,9C4F0,300,3.0,5.0,X,0.015,0.18,0.23,0.01,0.0,2.0,5.0,36.0,1504.0,1544.0,1654.01220703125,1657.0,250.0,1558.0
127771,9C4F0,300,2.0,5.0,X,0.015,0.18,0.23,0.01,0.0,2.0,15.0,17.0,1504.0,1544.0,1653.6964111328125,1656.0,249.0,1559.0
127770,9C4F0,300,1.0,5.0,X,0.015,0.18,0.23,0.01,0.0,2.0,7.0,5.0,1504.0,1544.0,1672.89892578125,1676.0,304.0,1555.0
127769,AA222,300,4.0,4.0,X,0.018,0.19,0.22,0.0,0.025,1.0,8.0,28.0,1502.0,1552.0,1679.156982421875,1682.0,0.0,1561.0
127768,AA222,300,3.0,4.0,X,0.018,0.19,0.22,0.0,0.025,1.0,5.0,35.0,1502.0,1552.0,1676.18505859375,1678.0,0.0,1565.0
127767,AA222,300,2.0,4.0,X,0.018,0.19,0.22,0.0,0.025,1.0,15.0,16.0,1502.0,1552.0,1677.3785400390625,1691.0,0.0,1555.0
127766,D2FCF,300,1.0,4.0,X,0.015,0.19,0.21,0.01,0.02,1.0,7.0,4.0,1500.0,1540.0,1703.276123046875,1709.0,0.0,1546.0
127765,EB567,150,2.0,2.0,V,0.01,0.35,0.38,0.016,0.045,3.0,5.0,34.0,1480.0,1540.0,1645.389404296875,1648.0,590.0,1547.0
127764,EB567,150,1.0,2.0,V,0.01,0.35,0.38,0.016,0.045,3.0,8.0,27.0,1480.0,1540.0,1660.8172607421875,1652.0,593.0,1547.0
127763,AB910,150,6.0,6.0,X,0.02,0.4,0.45,0.0,0.02,3.0,15.0,15.0,1483.0,1538.0,1643.8304443359375,1641.0,608.0,1537.0
127762,AB910,150,5.0,6.0,X,0.02,0.4,0.45,0.0,0.02,20.0,2.0,47.0,1483.0,1538.0,1642.4287109375,1642.0,6447.0,1536.0
127761,AB910,150,4.0,6.0,X,0.02,0.4,0.45,0.0,0.02,3.0,7.0,3.0,1483.0,1538.0,1648.81787109375,1659.0,786.0,1539.0
127760,AB910,150,3.0,6.0,X,0.02,0.4,0.45,0.0,0.02,2.0,5.0,33.0,1483.0,1538.0,1643.1717529296875,1652.0,297.0,1547.0
127759,AB910,150,2.0,6.0,X,0.02,0.4,0.45,0.0,0.02,2.0,8.0,26.0,1483.0,1538.0,1642.1761474609375,1641.0,287.0,1542.0
127758,AB910,150,1.0,6.0,X,0.02,0.4,0.45,0.0,0.02,2.0,15.0,14.0,1483.0,1538.0,1660.6717529296875,1660.0,303.0,1532.0
127757,A7B3C,150,3.0,3.0,X,0.025,0.2,0.23,0.01,0.01,19.0,2.0,46.0,1504.0,1549.0,1649.1988525390625,1657.0,6145.0,1560.0
127756,9C4F0,150,2.0,3.0,X,0.015,0.18,0.23,0.01,0.0,2.0,7.0,2.0,1504.0,1549.0,1656.7066650390625,1664.0,491.0,1562.0
127755,9C4F0,150,1.0,3.0,X,0.015,0.18,0.23,0.01,0.0,1.0,5.0,32.0,1504.0,1549.0,1660.854736328125,1664.0,0.0,1562.0
127754,1697B,150,3.0,3.0,X,0.02,0.18,0.22,0.009,0.015,1.0,8.0,25.0,1501.0,1541.0,1659.0970458984375,1680.0,0.0,1556.0
127753,E60DC,150,2.0,3.0,X,0.02,0.18,0.2,0.01,0.0,1.0,15.0,13.0,1504.0,1544.0,1661.9593505859375,1665.0,0.0,1548.0
127752,9E44C,150,1.0,3.0,X,0.02,0.18,0.2,0.01,0.02,18.0,2.0,45.0,1500.0,1540.0,1667.7767333984375,1675.0,5846.0,1543.0
127750,FC47C,150,6.0,6.0,X,0.015,0.45,0.48,0.0,0.01,5.0,5.0,31.0,1482.0,1537.0,1641.1031494140625,1661.0,1287.0,1562.0
127749,FC47C,150,5.0,6.0,X,0.015,0.45,0.48,0.0,0.01,9.0,8.0,24.0,1482.0,1537.0,1643.2359619140625,1644.0,2531.0,1550.0
127748,FC47C,150,4.0,6.0,X,0.015,0.45,0.48,0.0,0.01,17.0,2.0,44.0,1482.0,1537.0,1642.968994140625,1641.0,5402.0,1545.0
127747,FC47C,150,3.0,6.0,X,0.015,0.45,0.48,0.0,0.01,12.0,15.0,12.0,1482.0,1537.0,1642.0330810546875,1644.0,3621.0,1541.0
127746,FC47C,150,2.0,6.0,X,0.015,0.45,0.48,0.0,0.01,4.0,5.0,30.0,1482.0,1537.0,1643.6732177734375,1635.0,1036.0,1548.0
127745,FC47C,150,1.0,6.0,X,0.015,0.45,0.48,0.0,0.01,23.0,1.0,63.0,1482.0,1537.0,1656.846923828125,1669.0,7766.0,1546.0
127744,EDD03,150,5.0,5.0,B,0.017,0.36,0.39,0.0,0.015,8.0,8.0,23.0,1490.0,1535.0,1642.7359619140625,1650.0,2214.0,1531.0
127743,A72C7,150,4.0,5.0,X,0.015,0.41,0.43,0.0,0.015,16.0,2.0,43.0,1481.0,1536.0,1631.0418701171875,1636.0,5109.0,1538.0
127742,2737C,150,3.0,5.0,X,0.005,0.45,0.49,0.0,0.015,11.0,15.0,11.0,1480.0,1525.0,1610.517333984375,1618.0,3321.0,1533.0
127741,3B7FC,150,2.0,5.0,X,0.005,0.46,0.5,0.0,0.015,3.0,5.0,29.0,1480.0,1525.0,1617.722900390625,1634.0,678.0,1542.0
127740,FC47C,150,7.0,10.0,X,0.015,0.45,0.48,0.0,0.01,22.0,1.0,62.0,1482.0,1537.0,1641.752685546875,1637.0,7410.0,1542.0
127739,FC47C,150,6.0,10.0,X,0.015,0.45,0.48,0.0,0.01,7.0,8.0,22.0,1482.0,1537.0,1642.992919921875,1651.0,1854.0,1544.0
127738,FC47C,150,5.0,10.0,X,0.015,0.45,0.48,0.0,0.01,15.0,2.0,42.0,1482.0,1537.0,1643.945556640625,1652.0,4740.0,1547.0
127737,FC47C,150,4.0,10.0,X,0.015,0.45,0.48,0.0,0.01,10.0,15.0,10.0,1482.0,1537.0,1646.36767578125,1640.0,2954.0,1540.0
127736,FC47C,150,3.0,10.0,X,0.015,0.45,0.48,0.0,0.01,2.0,5.0,28.0,1482.0,1537.0,1644.89697265625,1645.0,373.0,1539.0
127735,FC47C,150,2.0,10.0,X,0.015,0.45,0.48,0.0,0.01,21.0,1.0,61.0,1482.0,1537.0,1643.80859375,1644.0,7103.0,1536.0
127734,FC47C,150,1.0,10.0,X,0.015,0.45,0.48,0.0,0.01,6.0,8.0,21.0,1482.0,1537.0,1650.2947998046875,1656.0,1544.0,1541.0
127733,FC47C,150,7.0,10.0,X,0.015,0.45,0.48,0.0,0.01,14.0,2.0,41.0,1482.0,1537.0,1643.023193359375,1670.0,4396.0,1550.0
127732,FC47C,150,6.0,10.0,X,0.015,0.45,0.48,0.0,0.01,9.0,15.0,9.0,1482.0,1537.0,1641.7972412109375,1647.0,2587.0,1542.0
127731,FC47C,150,5.0,10.0,X,0.015,0.45,0.48,0.0,0.01,1.0,5.0,27.0,1482.0,1537.0,1652.2398681640625,1678.0,0.0,1553.0
127730,FC47C,150,4.0,10.0,X,0.015,0.45,0.48,0.0,0.01,20.0,1.0,60.0,1482.0,1537.0,1645.560791015625,1648.0,6727.0,1542.0
127729,FC47C,150,3.0,10.0,X,0.015,0.45,0.48,0.0,0.01,5.0,8.0,20.0,1482.0,1537.0,1641.2928466796875,1639.0,1159.0,1554.0
127728,FC47C,150,2.0,10.0,X,0.015,0.45,0.48,0.0,0.01,13.0,2.0,40.0,1482.0,1537.0,1641.371337890625,1652.0,3985.0,1553.0
127727,FC47C,150,1.0,10.0,X,0.015,0.45,0.48,0.0,0.01,8.0,15.0,8.0,1482.0,1537.0,1658.4425048828125,1660.0,2193.0,1548.0
127726,4D097,150,10.0,10.0,X,0.015,0.51,0.55,0.0,0.01,4.0,8.0,19.0,1487.0,1537.0,1643.2210693359375,1647.0,910.0,1536.0
127725,4D097,150,9.0,10.0,X,0.015,0.51,0.55,0.0,0.01,19.0,1.0,59.0,1487.0,1537.0,1644.152587890625,1640.0,6356.0,1536.0
127724,4D097,150,8.0,10.0,X,0.015,0.51,0.55,0.0,0.01,12.0,2.0,39.0,1487.0,1537.0,1641.32861328125,1639.0,3745.0,1534.0
127723,4D097,150,7.0,10.0,X,0.015,0.51,0.55,0.0,0.01,7.0,15.0,7.0,1487.0,1537.0,1639.3485107421875,1641.0,1960.0,1533.0
127722,4D097,150,6.0,10.0,X,0.015,0.51,0.55,0.0,0.01,4.0,5.0,26.0,1487.0,1537.0,1642.7054443359375,1644.0,948.0,1530.0
127721,4D097,150,5.0,10.0,X,0.015,0.51,0.55,0.0,0.01,3.0,8.0,18.0,1487.0,1537.0,1639.317138671875,1643.0,590.0,1540.0
127720,4D097,150,4.0,10.0,X,0.015,0.51,0.55,0.0,0.01,18.0,1.0,58.0,1487.0,1537.0,1643.0843505859375,1642.0,6026.0,1539.0
127719,4D097,150,3.0,10.0,X,0.015,0.51,0.55,0.0,0.01,11.0,2.0,38.0,1487.0,1537.0,1640.29541015625,1640.0,3421.0,1542.0
127718,4D097,150,2.0,10.0,X,0.015,0.51,0.55,0.0,0.01,6.0,15.0,6.0,1487.0,1537.0,1640.198974609375,1640.0,1638.0,1538.0
127717,4D097,150,1.0,10.0,X,0.015,0.51,0.55,0.0,0.01,3.0,5.0,25.0,1487.0,1537.0,1660.84228515625,1664.0,628.0,1531.0
127716,4D097,150,10.0,10.0,X,0.015,0.51,0.55,0.0,0.01,2.0,8.0,17.0,1487.0,1537.0,1640.81494140625,1638.0,301.0,1545.0
127715,4D097,150,9.0,10.0,X,0.015,0.51,0.55,0.0,0.01,17.0,1.0,57.0,1487.0,1537.0,1641.798828125,1650.0,5736.0,1553.0
127714,4D097,150,8.0,10.0,X,0.015,0.51,0.55,0.0,0.01,10.0,2.0,37.0,1487.0,1537.0,1641.6103515625,1650.0,3124.0,1553.0
127713,4D097,150,7.0,10.0,X,0.015,0.51,0.55,0.0,0.01,5.0,15.0,5.0,1487.0,1537.0,1641.3248291015625,1641.0,1345.0,1548.0
127712,4D097,150,6.0,10.0,X,0.015,0.51,0.55,0.0,0.01,2.0,5.0,24.0,1487.0,1537.0,1639.9415283203125,1640.0,326.0,1546.0
127711,4D097,150,5.0,10.0,X,0.015,0.51,0.55,0.0,0.01,1.0,8.0,16.0,1487.0,1537.0,1654.5894775390625,1663.0,0.0,1546.0
127710,4D097,150,4.0,10.0,X,0.015,0.51,0.55,0.0,0.01,16.0,1.0,56.0,1487.0,1537.0,1640.255859375,1641.0,5428.0,1538.0
127709,4D097,150,3.0,10.0,X,0.015,0.51,0.55,0.0,0.01,9.0,2.0,36.0,1487.0,1537.0,1648.7135009765625,1657.0,2820.0,1549.0
127708,4D097,150,2.0,10.0,X,0.015,0.51,0.55,0.0,0.01,4.0,15.0,4.0,1487.0,1537.0,1646.9649658203125,1648.0,1022.0,1545.0
127707,4D097,150,1.0,10.0,X,0.015,0.51,0.55,0.0,0.01,1.0,5.0,23.0,1487.0,1537.0,1677.0577392578125,1686.0,0.0,1546.0
127706,4A0F0,150,7.0,7.0,X,0.0,0.39,0.42,0.0,0.03,15.0,1.0,55.0,1488.0,1533.0,1633.50830078125,1641.0,5066.0,1543.0
127705,4A0F0,150,6.0,7.0,X,0.0,0.39,0.42,0.0,0.03,2.0,8.0,15.0,1488.0,1533.0,1619.5830078125,1635.0,297.0,1553.0
127704,15370,150,5.0,7.0,X,0.01,0.45,0.48,0.0,0.02,8.0,2.0,35.0,1480.0,1525.0,1636.0205078125,1642.0,2396.0,1551.0
127703,15370,150,4.0,7.0,X,0.01,0.45,0.48,0.0,0.02,3.0,15.0,3.0,1480.0,1525.0,1641.6395263671875,1645.0,619.0,1551.0
127702,D63DF,150,3.0,7.0,V,0.005,0.37,0.4,0.01,0.03,7.0,6.0,66.0,1480.0,1535.0,1639.689697265625,1639.0,1901.0,1549.0
127701,D63DF,150,2.0,7.0,V,0.005,0.37,0.4,0.01,0.03,14.0,1.0,54.0,1480.0,1535.0,1623.6693115234375,1625.0,4771.0,1551.0
127700,D63DF,150,1.0,7.0,V,0.005,0.37,0.4,0.01,0.03,1.0,8.0,14.0,1480.0,1535.0,1657.201416015625,1660.0,0.0,1546.0
127699,47D7D,150,7.0,7.0,X,0.0,0.37,0.41,0.011,0.08,7.0,2.0,34.0,1480.0,1530.0,1634.666259765625,1637.0,2103.0,1527.0
127698,47D7D,150,6.0,7.0,X,0.0,0.37,0.41,0.011,0.08,2.0,15.0,2.0,1480.0,1530.0,1641.7322998046875,1644.0,309.0,1526.0
127697,47D7D,150,5.0,7.0,X,0.0,0.37,0.41,0.011,0.08,6.0,6.0,65.0,1480.0,1530.0,1630.3179931640625,1633.0,1589.0,1531.0
127696,47D7D,150,4.0,7.0,X,0.0,0.37,0.41,0.011,0.08,13.0,1.0,53.0,1480.0,1530.0,1634.0706787109375,1637.0,4466.0,1528.0
127695,47D7D,150,3.0,7.0,X,0.0,0.37,0.41,0.011,0.08,6.0,5.0,22.0,1480.0,1530.0,1620.0321044921875,1623.0,1743.0,1527.0
127694,47D7D,150,2.0,7.0,X,0.0,0.37,0.41,0.011,0.08,6.0,2.0,33.0,1480.0,1530.0,1631.53564453125,1630.0,1785.0,1526.0
127693,47D7D,150,1.0,7.0,X,0.0,0.37,0.41,0.011,0.08,1.0,15.0,1.0,1480.0,1530.0,1674.1531982421875,1674.0,0.0,1519.0
127692,9A58C,150,7.0,7.0,X,0.0,0.37,0.45,0.008,0.08,5.0,6.0,64.0,1480.0,1530.0,1638.3994140625,1654.0,1279.0,1543.0
127691,9A58C,150,6.0,7.0,X,0.0,0.37,0.45,0.008,0.08,5.0,8.0,13.0,1480.0,1530.0,1634.866943359375,1641.0,1314.0,1537.0
127690,9A58C,150,5.0,7.0,X,0.0,0.37,0.45,0.008,0.08,5.0,5.0,21.0,1480.0,1530.0,1636.2060546875,1647.0,1417.0,1536.0
127689,9A58C,150,4.0,7.0,X,0.0,0.37,0.45,0.008,0.08,12.0,1.0,52.0,1480.0,1530.0,1638.5966796875,1646.0,4018.0,1529.0
127688,9A58C,150,3.0,7.0,X,0.0,0.37,0.45,0.008,0.08,5.0,2.0,32.0,1480.0,1530.0,1631.2103271484375,1645.0,1412.0,1539.0
127687,9A58C,150,2.0,7.0,X,0.0,0.37,0.45,0.008,0.08,4.0,6.0,63.0,1480.0,1530.0,1635.427490234375,1631.0,969.0,1534.0
127686,9A58C,150,1.0,7.0,X,0.0,0.37,0.45,0.008,0.08,4.0,8.0,12.0,1480.0,1530.0,1653.50634765625,1657.0,943.0,1534.0
127685,E0B89,150,6.0,6.0,X,0.02,0.22,0.25,0.01,0.015,4.0,5.0,20.0,1501.0,1541.0,1639.28076171875,1651.0,1053.0,1550.0
127684,E0B89,150,5.0,6.0,X,0.02,0.22,0.25,0.01,0.015,4.0,2.0,31.0,1501.0,1541.0,1648.7825927734375,1656.0,1112.0,1553.0
127683,1E6E6,150,4.0,6.0,X,0.025,0.19,0.23,0.01,0.015,11.0,1.0,51.0,1505.0,1550.0,1652.474853515625,1655.0,3605.0,1560.0
127682,1E6E6,150,3.0,6.0,X,0.025,0.19,0.23,0.01,0.015,3.0,6.0,62.0,1505.0,1550.0,1652.4378662109375,1648.0,607.0,1551.0
127681,0E7D0,150,2.0,6.0,X,0.01,0.4,0.43,0.0,0.0,3.0,8.0,11.0,1483.0,1528.0,1629.16162109375,1633.0,653.0,1536.0
127680,0E7D0,150,1.0,6.0,X,0.01,0.4,0.43,0.0,0.0,3.0,5.0,19.0,1483.0,1528.0,1647.9317626953125,1650.0,763.0,1537.0
127679,D398B,150,3.0,3.0,X,0.02,0.2,0.22,0.009,0.02,3.0,2.0,30.0,1506.0,1551.0,1666.629638671875,1665.0,826.0,1551.0
127678,D398B,150,2.0,3.0,X,0.02,0.2,0.22,0.009,0.02,10.0,1.0,50.0,1506.0,1551.0,1658.175048828125,1655.0,3316.0,1548.0
127677,083EB,150,1.0,3.0,V,0.0,0.36,0.4,0.008,0.0,2.0,6.0,61.0,1482.0,1527.0,1657.6142578125,1655.0,325.0,1532.0
127676,7BE94,150,6.0,6.0,X,0.02,0.15,0.17,0.008,0.02,2.0,8.0,10.0,1509.0,1554.0,1655.9918212890625,1657.0,372.0,1567.0
127675,CA2FD,150,5.0,6.0,X,0.02,0.15,0.17,0.009,0.02,2.0,5.0,18.0,1507.0,1551.0,1658.815185546875,1662.0,482.0,1562.0
127674,CA2FD,150,4.0,6.0,X,0.02,0.15,0.17,0.009,0.02,2.0,2.0,29.0,1507.0,1551.0,1657.842041015625,1660.0,547.0,1556.0
127673,FB109,150,3.0,6.0,X,0.02,0.17,0.19,0.008,0.02,9.0,1.0,49.0,1507.0,1552.0,1663.1328125,1661.0,2997.0,1554.0
127672,E7999,150,2.0,6.0,X,0.02,0.16,0.18,0.012,0.01,1.0,6.0,60.0,1506.0,1551.0,1677.7110595703125,1675.0,0.0,1560.0
127671,E7999,150,1.0,6.0,X,0.02,0.16,0.18,0.012,0.01,1.0,8.0,9.0,1506.0,1551.0,1708.14697265625,1704.0,0.0,1554.0
127670,80160,150,3.0,3.0,X,0.015,0.4,0.45,0.0,0.02,1.0,5.0,17.0,1487.0,1542.0,1662.743896484375,1672.0,0.0,1565.0
127669,80160,150,2.0,3.0,X,0.015,0.4,0.45,0.0,0.02,1.0,2.0,28.0,1487.0,1542.0,1661.6064453125,1675.0,0.0,1552.0
127668,80160,150,1.0,3.0,X,0.015,0.4,0.45,0.0,0.02,1.0,5.0,17.0,1487.0,1542.0,1679.793701171875,1680.0,0.0,1536.0
127667,8D915,150,3.0,3.0,X,0.0,0.93,1.0,0.0,0.0,8.0,2.0,28.0,1462.0,1497.0,1611.1619873046875,1633.0,2309.0,1486.0
127666,8D915,150,2.0,3.0,X,0.0,0.93,1.0,0.0,0.0,8.0,8.0,8.0,1462.0,1497.0,1607.8704833984375,1622.0,2301.0,1496.0
127665,8D915,150,1.0,3.0,X,0.0,0.93,1.0,0.0,0.0,7.0,1.0,47.0,1462.0,1497.0,1630.495849609375,1637.0,2031.0,1503.0
127664,E2E8F,300,8.0,8.0,X,0.0,0.85,0.95,0.0,0.0,7.0,6.0,58.0,1465.0,1490.0,1610.7611083984375,1615.0,1969.0,1487.0
127663,E2E8F,300,7.0,8.0,X,0.0,0.85,0.95,0.0,0.0,7.0,2.0,27.0,1465.0,1490.0,1605.12890625,1607.0,1958.0,1502.0
127662,E2E8F,300,6.0,8.0,X,0.0,0.85,0.95,0.0,0.0,7.0,8.0,7.0,1465.0,1490.0,1606.289794921875,1609.0,1950.0,1502.0
127661,E2E8F,300,5.0,8.0,X,0.0,0.85,0.95,0.0,0.0,6.0,1.0,46.0,1465.0,1490.0,1608.2723388671875,1609.0,1709.0,1483.0
127660,E2E8F,300,4.0,8.0,X,0.0,0.85,0.95,0.0,0.0,6.0,6.0,57.0,1465.0,1490.0,1603.4813232421875,1604.0,1716.0,1495.0
127659,E2E8F,300,3.0,8.0,X,0.0,0.85,0.95,0.0,0.0,5.0,5.0,16.0,1465.0,1490.0,1604.2088623046875,1607.0,1360.0,1484.0
127658,E2E8F,300,2.0,8.0,X,0.0,0.85,0.95,0.0,0.0,6.0,2.0,26.0,1465.0,1490.0,1605.5367431640625,1603.0,1622.0,1494.0
127657,E2E8F,300,1.0,8.0,X,0.0,0.85,0.95,0.0,0.0,6.0,8.0,6.0,1465.0,1490.0,1618.1009521484375,1637.0,1577.0,1505.0
127656,E2E8F,300,9.0,9.0,X,0.0,0.85,0.95,0.0,0.0,5.0,1.0,45.0,1465.0,1490.0,1606.02294921875,1616.0,1336.0,1496.0
127655,E2E8F,300,8.0,9.0,X,0.0,0.85,0.95,0.0,0.0,5.0,6.0,56.0,1465.0,1490.0,1603.2017822265625,1626.0,1340.0,1502.0
127654,E2E8F,300,7.0,9.0,X,0.0,0.85,0.95,0.0,0.0,4.0,5.0,15.0,1465.0,1490.0,1602.576416015625,1631.0,999.0,1494.0
127653,E2E8F,300,6.0,9.0,X,0.0,0.85,0.95,0.0,0.0,5.0,2.0,25.0,1465.0,1490.0,1606.2740478515625,1630.0,1252.0,1499.0
127652,E2E8F,300,5.0,9.0,X,0.0,0.85,0.95,0.0,0.0,5.0,8.0,5.0,1465.0,1490.0,1606.6505126953125,1615.0,1236.0,1490.0
127651,E2E8F,300,4.0,9.0,X,0.0,0.85,0.95,0.0,0.0,4.0,1.0,44.0,1465.0,1490.0,1605.1849365234375,1610.0,990.0,1504.0
127650,E2E8F,300,3.0,9.0,X,0.0,0.85,0.95,0.0,0.0,4.0,6.0,55.0,1465.0,1490.0,1606.6033935546875,1607.0,992.0,1515.0
127649,E2E8F,300,2.0,9.0,X,0.0,0.85,0.95,0.0,0.0,3.0,5.0,14.0,1465.0,1490.0,1607.8309326171875,1615.0,661.0,1492.0
127648,E2E8F,300,1.0,9.0,X,0.0,0.85,0.95,0.0,0.0,4.0,2.0,24.0,1465.0,1490.0,1618.4093017578125,1615.0,923.0,1488.0
127647,E2E8F,300,9.0,9.0,X,0.0,0.85,0.95,0.0,0.0,4.0,8.0,4.0,1465.0,1490.0,1608.2086181640625,1611.0,894.0,1489.0
127646,E2E8F,300,8.0,9.0,X,0.0,0.85,0.95,0.0,0.0,3.0,1.0,43.0,1465.0,1490.0,1605.839599609375,1604.0,653.0,1487.0
127645,E2E8F,300,7.0,7.0,X,0.0,0.85,0.95,0.0,0.0,3.0,6.0,54.0,1465.0,1490.0,1608.7669677734375,1618.0,659.0,1509.0
127644,E2E8F,300,6.0,7.0,X,0.0,0.85,0.95,0.0,0.0,2.0,5.0,13.0,1465.0,1490.0,1603.1949462890625,1610.0,337.0,1492.0
127643,E2E8F,300,5.0,7.0,X,0.0,0.85,0.95,0.0,0.0,3.0,2.0,23.0,1465.0,1490.0,1599.952880859375,1605.0,604.0,1494.0
127642,E2E8F,300,4.0,7.0,X,0.0,0.85,0.95,0.0,0.0,3.0,8.0,3.0,1465.0,1490.0,1608.29052734375,1626.0,599.0,1499.0
127641,E2E8F,300,3.0,7.0,X,0.0,0.85,0.95,0.0,0.0,2.0,1.0,42.0,1465.0,1490.0,1605.5277099609375,1610.0,345.0,1496.0
127640,E2E8F,300,2.0,7.0,X,0.0,0.85,0.95,0.0,0.0,2.0,6.0,53.0,1465.0,1490.0,1605.1209716796875,1620.0,337.0,1500.0
127639,E2E8F,300,1.0,7.0,X,0.0,0.85,0.95,0.0,0.0,1.0,5.0,12.0,1465.0,1490.0,1645.789794921875,1655.0,0.0,1497.0
127638,E2E8F,300,6.0,6.0,X,0.0,0.85,0.95,0.0,0.0,2.0,2.0,22.0,1465.0,1490.0,1606.935302734375,1620.0,261.0,1509.0
127637,E2E8F,300,5.0,6.0,X,0.0,0.85,0.95,0.0,0.0,2.0,8.0,2.0,1465.0,1490.0,1618.12353515625,1644.0,258.0,1510.0
127636,E2E8F,300,4.0,6.0,X,0.0,0.85,0.95,0.0,0.0,1.0,1.0,41.0,1465.0,1490.0,1630.67333984375,1640.0,0.0,1494.0
127635,E7641,300,3.0,6.0,X,0.015,0.58,0.62,0.0,0.0,1.0,6.0,52.0,1480.0,1520.0,1643.0777587890625,1672.0,0.0,1524.0
127634,E7641,300,2.0,6.0,X,0.015,0.58,0.62,0.0,0.0,1.0,2.0,21.0,1480.0,1520.0,1640.1336669921875,1649.0,0.0,1531.0
127633,E7641,300,1.0,6.0,X,0.015,0.58,0.62,0.0,0.0,1.0,8.0,1.0,1480.0,1520.0,1667.5792236328125,1667.0,0.0,1522.0
127632,E7641,300,5.0,5.0,X,0.015,0.58,0.62,0.0,0.0,9.0,6.0,51.0,1480.0,1520.0,1625.0638427734375,1634.0,2661.0,1522.0
127631,E7641,300,4.0,5.0,X,0.015,0.58,0.62,0.0,0.0,1.0,3.0,54.0,1480.0,1520.0,1641.8082275390625,1645.0,0.0,1523.0
127630,E7641,300,3.0,5.0,X,0.015,0.58,0.62,0.0,0.0,20.0,2.0,20.0,1480.0,1520.0,1621.16845703125,1623.0,6000.0,1531.0
127629,E7641,300,2.0,8.0,X,0.015,0.58,0.62,0.0,0.0,11.0,5.0,11.0,1480.0,1520.0,1621.16845703125,1624.0,3386.0,1525.0
127628,E7641,300,1.0,8.0,X,0.015,0.58,0.62,0.0,0.0,29.0,1.0,40.0,1480.0,1520.0,1645.2554931640625,1641.0,8922.0,1524.0
127627,E198F,300,2.0,2.0,X,0.0,0.07,0.1,0.0,0.27,8.0,6.0,50.0,1509.0,1549.0,1630.526611328125,1630.0,2339.0,1561.0
127626,E198F,300,1.0,2.0,X,0.0,0.07,0.1,0.0,0.27,19.0,2.0,19.0,1509.0,1549.0,1636.275146484375,1641.0,5748.0,1552.0
127625,27A7C,300,8.0,8.0,X,0.02,0.43,0.47,0.0,0.015,10.0,5.0,10.0,1480.0,1515.0,1630.5653076171875,1640.0,3142.0,1516.0
127624,27A7C,300,7.0,8.0,X,0.02,0.43,0.47,0.0,0.015,28.0,1.0,39.0,1480.0,1515.0,1628.903076171875,1650.0,8685.0,1530.0
127623,A2DFA,300,6.0,8.0,X,0.005,0.43,0.5,0.0,0.0,28.0,3.0,53.0,1480.0,1525.0,1618.72509765625,1620.0,8821.0,1523.0
127622,A2DFA,300,5.0,8.0,X,0.005,0.43,0.5,0.0,0.0,7.0,6.0,49.0,1480.0,1525.0,1620.7373046875,1620.0,2047.0,1528.0
127621,A2DFA,300,4.0,8.0,X,0.005,0.43,0.5,0.0,0.0,18.0,2.0,18.0,1480.0,1525.0,1628.60009765625,1638.0,5447.0,1539.0
127620,A282D,300,3.0,8.0,X,0.02,0.45,0.47,0.007,0.02,9.0,5.0,9.0,1483.0,1528.0,1642.67919921875,1646.0,2812.0,1543.0
127619,A282D,300,2.0,8.0,X,0.02,0.45,0.47,0.007,0.02,27.0,1.0,38.0,1483.0,1528.0,1640.744384765625,1657.0,8345.0,1541.0
127618,5146B,300,1.0,8.0,X,0.005,0.45,0.48,0.0,0.0,27.0,3.0,52.0,1481.0,1526.0,1666.663818359375,1668.0,8449.0,1526.0
127617,EA23B,300,5.0,5.0,V,0.01,0.36,0.4,0.013,0.05,6.0,6.0,48.0,1480.0,1540.0,1642.9119873046875,1654.0,1692.0,1548.0
127616,EA23B,300,4.0,5.0,V,0.01,0.36,0.4,0.013,0.05,8.0,5.0,8.0,1480.0,1540.0,1646.0867919921875,1657.0,2538.0,1538.0
127615,A63F7,300,3.0,5.0,V,0.01,0.41,0.43,0.014,0.02,17.0,2.0,17.0,1475.0,1525.0,1642.0797119140625,1638.0,5023.0,1549.0
127614,A63F7,300,2.0,5.0,V,0.01,0.41,0.43,0.014,0.02,26.0,1.0,37.0,1475.0,1525.0,1634.0469970703125,1647.0,7996.0,1529.0
127613,A63F7,300,1.0,5.0,V,0.01,0.41,0.43,0.014,0.02,26.0,3.0,51.0,1475.0,1525.0,1661.7474365234375,1673.0,8125.0,1534.0
127612,D63DF,300,2.0,2.0,V,0.005,0.37,0.4,0.01,0.03,5.0,6.0,47.0,1480.0,1525.0,1636.227294921875,1660.0,1355.0,1538.0
127611,D63DF,300,1.0,2.0,V,0.005,0.37,0.4,0.01,0.03,7.0,5.0,7.0,1480.0,1525.0,1658.677001953125,1676.0,2207.0,1537.0
127610,D63DF,300,5.0,7.0,V,0.005,0.37,0.4,0.01,0.03,16.0,2.0,16.0,1480.0,1525.0,1626.858642578125,1634.0,4607.0,1537.0
127609,D63DF,300,4.0,7.0,V,0.005,0.37,0.4,0.01,0.03,25.0,1.0,36.0,1480.0,1525.0,1627.4227294921875,1633.0,7587.0,1521.0
127608,44D42,300,3.0,7.0,V,0.01,0.34,0.37,0.01,0.02,25.0,3.0,50.0,1489.0,1534.0,1648.4520263671875,1665.0,7713.0,1541.0
127607,44D42,300,2.0,7.0,V,0.01,0.34,0.37,0.01,0.02,4.0,6.0,46.0,1489.0,1534.0,1638.924560546875,1658.0,937.0,1553.0
127606,44D42,300,1.0,7.0,V,0.01,0.34,0.37,0.01,0.02,6.0,5.0,6.0,1489.0,1534.0,1656.4300537109375,1677.0,1791.0,1549.0
127605,6D507,300,7.0,7.0,X,0.02,0.27,0.29,0.009,0.02,15.0,2.0,15.0,1500.0,1540.0,1661.947021484375,1677.0,4286.0,1542.0
127604,6D507,300,6.0,7.0,X,0.02,0.27,0.29,0.009,0.02,24.0,1.0,35.0,1500.0,1540.0,1660.7041015625,1673.0,7267.0,1538.0
127603,6D507,300,5.0,7.0,X,0.02,0.27,0.29,0.009,0.02,24.0,3.0,49.0,1500.0,1540.0,1660.217041015625,1670.0,7397.0,1557.0
127602,6D507,300,4.0,7.0,X,0.02,0.27,0.29,0.009,0.02,3.0,6.0,45.0,1500.0,1540.0,1656.9552001953125,1666.0,642.0,1546.0
127601,A0D69,300,3.0,7.0,X,0.02,0.18,0.21,0.0,0.0,5.0,5.0,5.0,1510.0,1550.0,1657.82666015625,1665.0,1504.0,1550.0
127600,A0D69,300,2.0,7.0,X,0.02,0.18,0.21,0.0,0.0,14.0,2.0,14.0,1510.0,1550.0,1664.86083984375,1660.0,4004.0,1561.0
127599,A0D69,300,1.0,7.0,X,0.02,0.18,0.21,0.0,0.0,23.0,1.0,34.0,1510.0,1550.0,1679.0294189453125,1696.0,6988.0,1541.0
127598,2D42F,300,6.0,6.0,B,0.005,0.36,0.39,0.0,0.01,23.0,3.0,48.0,1492.0,1547.0,1674.9014892578125,1690.0,7123.0,1563.0
127597,2D42F,300,5.0,6.0,B,0.005,0.36,0.39,0.0,0.01,2.0,6.0,44.0,1492.0,1547.0,1667.53369140625,1672.0,368.0,1549.0
127596,2D42F,300,4.0,6.0,B,0.005,0.36,0.39,0.0,0.01,4.0,5.0,4.0,1492.0,1547.0,1675.7999267578125,1679.0,1224.0,1551.0
127595,2D42F,300,3.0,6.0,B,0.005,0.36,0.39,0.0,0.01,13.0,2.0,13.0,1492.0,1547.0,1667.738525390625,1681.0,3713.0,1555.0
127594,2D42F,300,2.0,6.0,B,0.005,0.36,0.39,0.0,0.01,22.0,1.0,33.0,1492.0,1547.0,1667.1085205078125,1669.0,6655.0,1558.0
127593,2D42F,300,1.0,6.0,B,0.005,0.36,0.39,0.0,0.01,22.0,3.0,47.0,1492.0,1547.0,1690.7886962890625,1700.0,6784.0,1567.0
127592,7FEAB,300,3.0,3.0,X,0.02,0.19,0.21,0.009,0.02,1.0,6.0,43.0,1506.0,1546.0,1678.3265380859375,1700.0,0.0,1576.0
127591,7FEAB,300,4.0,5.0,X,0.02,0.19,0.21,0.009,0.02,12.0,2.0,12.0,1506.0,1546.0,1673.2510986328125,1705.0,3341.0,1553.0
127590,7FEAB,300,3.0,5.0,X,0.02,0.19,0.21,0.009,0.02,3.0,5.0,3.0,1506.0,1546.0,1675.91162109375,1702.0,721.0,1564.0
127589,7FEAB,300,2.0,5.0,X,0.02,0.19,0.21,0.009,0.02,21.0,1.0,32.0,1506.0,1546.0,1679.6212158203125,1686.0,6261.0,1554.0
127588,7FEAB,300,1.0,5.0,X,0.02,0.19,0.21,0.009,0.02,21.0,3.0,46.0,1506.0,1546.0,1690.439453125,1697.0,6395.0,1569.0
127587,7FEAB,300,8.0,8.0,X,0.02,0.19,0.21,0.009,0.02,20.0,6.0,42.0,1506.0,1546.0,1662.826416015625,1674.0,5924.0,1542.0
127586,7FEAB,300,7.0,8.0,X,0.02,0.19,0.21,0.009,0.02,11.0,2.0,11.0,1506.0,1546.0,1666.28271484375,1676.0,2946.0,1548.0
127585,7FEAB,300,6.0,8.0,X,0.02,0.19,0.21,0.009,0.02,2.0,5.0,2.0,1506.0,1546.0,1674.8909912109375,1680.0,338.0,1552.0
127584,7FEAB,300,5.0,8.0,X,0.02,0.19,0.21,0.009,0.02,20.0,1.0,31.0,1506.0,1546.0,1669.327392578125,1672.0,5879.0,1562.0
127583,D398B,300,4.0,8.0,X,0.02,0.2,0.22,0.009,0.02,20.0,3.0,45.0,1506.0,1551.0,1671.8782958984375,1676.0,6012.0,1563.0
127582,D398B,300,3.0,8.0,X,0.02,0.2,0.22,0.009,0.02,19.0,6.0,41.0,1506.0,1551.0,1669.8466796875,1674.0,5645.0,1570.0
127581,D398B,300,2.0,8.0,X,0.02,0.2,0.22,0.009,0.02,10.0,2.0,10.0,1506.0,1551.0,1667.33447265625,1672.0,2611.0,1566.0
127580,D398B,300,1.0,8.0,X,0.02,0.2,0.22,0.009,0.02,1.0,5.0,1.0,1506.0,1551.0,1717.5872802734375,1727.0,0.0,1565.0
127579,889AE,300,5.0,5.0,B,0.02,0.16,0.18,0.012,0.01,19.0,1.0,30.0,1507.0,1532.0,1634.0604248046875,1652.0,5541.0,1558.0
127578,889AE,300,4.0,5.0,B,0.02,0.16,0.18,0.012,0.01,19.0,3.0,44.0,1507.0,1532.0,1642.2645263671875,1642.0,5668.0,1541.0
127577,889AE,300,3.0,5.0,B,0.02,0.16,0.18,0.012,0.01,18.0,6.0,40.0,1507.0,1532.0,1637.3875732421875,1657.0,5300.0,1551.0
127576,889AE,300,2.0,5.0,B,0.02,0.16,0.18,0.012,0.01,9.0,2.0,9.0,1507.0,1532.0,1637.97509765625,1658.0,2320.0,1553.0
127575,889AE,300,1.0,4.0,B,0.02,0.16,0.18,0.012,0.01,18.0,1.0,29.0,1507.0,1532.0,1669.993896484375,1689.0,5308.0,1557.0
127574,980AE,300,4.0,4.0,B,0.015,0.29,0.31,0.0,0.0,18.0,3.0,43.0,1494.0,1534.0,1644.931396484375,1654.0,5440.0,1544.0
127573,980AE,300,3.0,4.0,B,0.015,0.29,0.31,0.0,0.0,17.0,6.0,39.0,1494.0,1534.0,1642.1041259765625,1667.0,5073.0,1545.0
127572,980AE,300,2.0,4.0,B,0.015,0.29,0.31,0.0,0.0,8.0,2.0,8.0,1494.0,1534.0,1643.3228759765625,1656.0,2093.0,1544.0
127571,980AE,300,1.0,4.0,B,0.015,0.29,0.31,0.0,0.0,17.0,1.0,28.0,1494.0,1534.0,1665.465576171875,1657.0,5082.0,1542.0
127570,5F0F6,300,5.0,5.0,X,0.005,0.42,0.44,0.0,0.028,17.0,3.0,42.0,1487.0,1527.0,1641.1929931640625,1653.0,5214.0,1533.0
127569,5F0F6,300,4.0,4.0,X,0.005,0.42,0.44,0.0,0.028,16.0,6.0,38.0,1487.0,1527.0,1638.2974853515625,1674.0,4831.0,1546.0
127568,5F0F6,300,3.0,4.0,X,0.005,0.42,0.44,0.0,0.028,7.0,2.0,7.0,1487.0,1527.0,1636.886474609375,1656.0,1845.0,1538.0
127567,5F0F6,300,2.0,4.0,X,0.005,0.42,0.44,0.0,0.028,16.0,1.0,27.0,1487.0,1527.0,1639.062744140625,1656.0,4832.0,1536.0
127566,5F0F6,300,1.0,4.0,X,0.005,0.42,0.44,0.0,0.028,15.0,7.0,53.0,1487.0,1527.0,1652.8834228515625,1669.0,4714.0,1535.0
127565,33D10,300,7.0,7.0,X,0.015,0.39,0.42,0.0,0.0,16.0,3.0,41.0,1485.0,1530.0,1639.262451171875,1656.0,4903.0,1539.0
127564,33D10,300,6.0,7.0,X,0.015,0.39,0.42,0.0,0.0,15.0,6.0,37.0,1485.0,1530.0,1641.177490234375,1663.0,4529.0,1544.0
127563,33D10,300,5.0,7.0,X,0.015,0.39,0.42,0.0,0.0,6.0,2.0,6.0,1485.0,1530.0,1645.758544921875,1660.0,1552.0,1527.0
127562,5692D,300,4.0,7.0,X,0.015,0.39,0.41,0.0,0.01,15.0,1.0,26.0,1486.0,1521.0,1631.330078125,1638.0,4528.0,1526.0
127561,5692D,300,3.0,7.0,X,0.015,0.39,0.41,0.0,0.01,14.0,7.0,52.0,1486.0,1521.0,1629.6356201171875,1656.0,4409.0,1529.0
127560,5692D,300,2.0,7.0,X,0.015,0.39,0.41,0.0,0.01,15.0,3.0,40.0,1486.0,1521.0,1629.091064453125,1653.0,4552.0,1539.0
127559,5692D,300,1.0,7.0,X,0.015,0.39,0.41,0.0,0.01,14.0,6.0,36.0,1486.0,1521.0,1653.2042236328125,1645.0,4187.0,1529.0
127558,80160,300,6.0,6.0,X,0.015,0.4,0.45,0.0,0.02,5.0,2.0,5.0,1487.0,1522.0,1655.0545654296875,1663.0,1211.0,1531.0
127557,80160,300,5.0,6.0,X,0.015,0.4,0.45,0.0,0.02,14.0,1.0,25.0,1487.0,1522.0,1640.893798828125,1645.0,4198.0,1527.0
127556,80160,300,4.0,6.0,X,0.015,0.4,0.45,0.0,0.02,13.0,7.0,51.0,1487.0,1522.0,1636.492431640625,1645.0,4076.0,1524.0
127555,80160,300,3.0,6.0,X,0.015,0.4,0.45,0.0,0.02,14.0,3.0,39.0,1487.0,1522.0,1641.9716796875,1650.0,4280.0,1533.0
127554,77C04,300,2.0,6.0,X,0.02,0.17,0.22,0.01,0.01,13.0,6.0,35.0,1502.0,1547.0,1671.78369140625,1685.0,3916.0,1560.0
127553,77C04,300,1.0,6.0,X,0.02,0.17,0.22,0.01,0.01,4.0,2.0,4.0,1502.0,1547.0,1698.2537841796875,1704.0,942.0,1562.0
127552,889AE,300,5.0,5.0,B,0.02,0.16,0.18,0.012,0.01,13.0,1.0,24.0,1507.0,1532.0,1642.952880859375,1662.0,3933.0,1535.0
127551,889AE,300,4.0,5.0,B,0.02,0.16,0.18,0.012,0.01,12.0,7.0,50.0,1507.0,1532.0,1641.6903076171875,1649.0,3816.0,1534.0
127550,889AE,300,3.0,4.0,B,0.02,0.16,0.18,0.012,0.01,13.0,3.0,38.0,1507.0,1532.0,1637.3619384765625,1658.0,3994.0,1535.0
127549,889AE,300,2.0,4.0,B,0.02,0.16,0.18,0.012,0.01,12.0,6.0,34.0,1507.0,1532.0,1640.090087890625,1658.0,3615.0,1552.0
127548,889AE,300,1.0,4.0,B,0.02,0.16,0.18,0.012,0.01,3.0,2.0,3.0,1507.0,1532.0,1680.6895751953125,1695.0,632.0,1542.0
127547,91896,300,4.0,4.0,X,0.023,0.17,0.19,0.009,0.02,12.0,1.0,23.0,1502.0,1542.0,1656.273681640625,1671.0,3620.0,1545.0
127546,87A17,300,3.0,4.0,X,0.022,0.2,0.22,0.0,0.02,11.0,7.0,49.0,1505.0,1535.0,1659.9041748046875,1668.0,3495.0,1543.0
127545,87A17,300,2.0,4.0,X,0.022,0.2,0.22,0.0,0.02,12.0,3.0,37.0,1505.0,1535.0,1647.1971435546875,1650.0,3686.0,1549.0
127544,87A17,300,1.0,4.0,X,0.022,0.2,0.22,0.0,0.02,11.0,6.0,33.0,1505.0,1535.0,1664.802978515625,1678.0,3321.0,1551.0
127543,C33FA,300,3.0,3.0,X,0.015,0.24,0.27,0.008,0.02,2.0,2.0,2.0,1499.0,1539.0,1663.2845458984375,1672.0,338.0,1552.0
127542,C33FA,300,2.0,3.0,X,0.015,0.24,0.27,0.008,0.02,11.0,1.0,22.0,1499.0,1539.0,1655.688720703125,1667.0,3320.0,1553.0
127541,C33FA,300,1.0,3.0,X,0.015,0.24,0.27,0.008,0.02,10.0,7.0,48.0,1499.0,1539.0,1667.14892578125,1679.0,3195.0,1533.0
127540,57414,300,7.0,7.0,X,0.01,0.38,0.43,0.0,0.02,11.0,3.0,36.0,1486.0,1526.0,1636.63916015625,1659.0,3349.0,1542.0
127539,57414,300,6.0,7.0,X,0.01,0.38,0.43,0.0,0.02,10.0,6.0,32.0,1486.0,1526.0,1636.2664794921875,1649.0,2978.0,1543.0
127538,57414,300,5.0,7.0,X,0.01,0.38,0.43,0.0,0.02,1.0,2.0,1.0,1486.0,1526.0,1661.68603515625,1669.0,0.0,1548.0
127537,57414,300,4.0,7.0,X,0.01,0.38,0.43,0.0,0.02,10.0,1.0,21.0,1486.0,1526.0,1636.832275390625,1649.0,2964.0,1545.0
127536,B3CD5,300,3.0,7.0,X,0.015,0.41,0.44,0.0,0.02,10.0,3.0,35.0,1484.0,1519.0,1620.387451171875,1618.0,3096.0,1521.0
127535,B3CD5,300,2.0,7.0,X,0.015,0.41,0.44,0.0,0.02,9.0,6.0,31.0,1484.0,1519.0,1620.75244140625,1627.0,2727.0,1539.0
127534,B3CD5,300,1.0,7.0,X,0.015,0.41,0.44,0.0,0.02,9.0,7.0,47.0,1484.0,1519.0,1653.96826171875,1660.0,2716.0,1534.0
127533,EB041,300,3.0,3.0,X,0.0,0.94,1.0,0.0,0.0,9.0,1.0,20.0,1463.0,1489.0,1611.6015625,1622.0,2725.0,1494.0
127532,0BFF6,300,2.0,3.0,X,0.0,0.93,1.0,0.006,0.0,9.0,3.0,34.0,1462.0,1488.0,1601.73046875,1617.0,2838.0,1483.0
127531,0BFF6,300,1.0,3.0,X,0.0,0.93,1.0,0.006,0.0,8.0,6.0,30.0,1462.0,1488.0,1617.4873046875,1628.0,2429.0,1497.0
127530,5EDBA,300,2.0,2.0,V,0.005,0.46,0.49,0.0,0.015,8.0,7.0,46.0,1474.0,1519.0,1624.7880859375,1634.0,2429.0,1521.0
127529,5EDBA,300,1.0,2.0,V,0.005,0.46,0.49,0.0,0.015,8.0,1.0,19.0,1474.0,1519.0,1653.458984375,1660.0,2439.0,1525.0
127528,E86A6,300,5.0,5.0,X,0.018,0.28,0.31,0.007,0.015,8.0,3.0,33.0,1497.0,1537.0,1647.07470703125,1660.0,2569.0,1542.0
127527,E86A6,300,4.0,5.0,X,0.018,0.28,0.31,0.007,0.015,7.0,6.0,29.0,1497.0,1537.0,1651.4339599609375,1666.0,2189.0,1539.0
127526,E86A6,300,3.0,5.0,X,0.018,0.28,0.31,0.007,0.015,7.0,7.0,45.0,1497.0,1537.0,1643.47021484375,1666.0,2091.0,1543.0
127525,E86A6,300,3.0,5.0,X,0.018,0.28,0.31,0.007,0.015,7.0,1.0,18.0,1497.0,1537.0,1643.47021484375,1670.0,2099.0,1547.0
127524,E86A6,300,2.0,5.0,X,0.018,0.28,0.31,0.007,0.015,7.0,3.0,32.0,1497.0,1537.0,1651.8221435546875,1671.0,2232.0,1534.0
127523,E86A6,300,1.0,5.0,X,0.018,0.28,0.31,0.007,0.015,6.0,6.0,28.0,1497.0,1537.0,1662.8319091796875,1670.0,1866.0,1533.0
127522,FE39B,300,4.0,4.0,X,0.02,0.21,0.23,0.0,0.02,6.0,7.0,44.0,1503.0,1548.0,1663.0076904296875,1676.0,1859.0,1550.0
127521,FE39B,300,3.0,4.0,X,0.02,0.21,0.23,0.0,0.02,6.0,1.0,17.0,1503.0,1548.0,1665.220947265625,1676.0,1858.0,1543.0
127520,FE39B,300,5.0,7.0,X,0.02,0.21,0.23,0.0,0.02,6.0,3.0,31.0,1503.0,1548.0,1668.067138671875,1699.0,1950.0,1546.0
127519,FE39B,300,4.0,7.0,X,0.02,0.21,0.23,0.0,0.02,5.0,15.0,58.0,1503.0,1548.0,1664.9779052734375,1674.0,1524.0,1544.0
127518,FE39B,300,3.0,7.0,X,0.02,0.21,0.23,0.0,0.02,5.0,6.0,27.0,1503.0,1548.0,1668.646240234375,1666.0,1513.0,1551.0
127517,FE39B,300,2.0,7.0,X,0.02,0.21,0.23,0.0,0.02,5.0,7.0,43.0,1503.0,1548.0,1666.1365966796875,1670.0,1516.0,1561.0
127516,FE39B,300,1.0,7.0,X,0.02,0.21,0.23,0.0,0.02,5.0,1.0,16.0,1503.0,1548.0,1683.1268310546875,1709.0,1523.0,1557.0
127515,A7B3C,300,4.0,4.0,X,0.025,0.2,0.23,0.01,0.01,5.0,3.0,30.0,1504.0,1549.0,1659.5184326171875,1677.0,1568.0,1549.0
127514,A7B3C,300,3.0,4.0,X,0.025,0.2,0.23,0.01,0.01,4.0,15.0,57.0,1504.0,1549.0,1666.2225341796875,1666.0,1145.0,1548.0
127513,9C4F0,300,2.0,4.0,X,0.015,0.18,0.23,0.01,0.0,4.0,6.0,26.0,1504.0,1544.0,1658.8369140625,1665.0,1136.0,1546.0
127512,15493,300,1.0,4.0,X,0.01,0.38,0.43,0.0,0.0,4.0,7.0,42.0,1485.0,1525.0,1664.10888671875,1666.0,1140.0,1517.0
127511,9E44C,300,3.0,3.0,X,0.02,0.18,0.2,0.01,0.02,4.0,1.0,15.0,1500.0,1540.0,1658.849609375,1675.0,1147.0,1556.0
127510,9E44C,300,5.0,6.0,X,0.02,0.18,0.2,0.01,0.02,4.0,3.0,29.0,1500.0,1540.0,1651.0103759765625,1670.0,1216.0,1545.0
127509,9CBAB,300,4.0,6.0,X,0.02,0.18,0.2,0.01,0.0,3.0,15.0,56.0,1496.0,1536.0,1649.787109375,1660.0,792.0,1553.0
127508,AA222,300,3.0,6.0,X,0.018,0.19,0.22,0.0,0.025,3.0,6.0,25.0,1502.0,1552.0,1665.2442626953125,1665.0,794.0,1548.0
127507,AA222,300,2.0,6.0,X,0.018,0.19,0.22,0.0,0.025,3.0,7.0,41.0,1502.0,1552.0,1664.194091796875,1665.0,784.0,1547.0
127506,97E3A,300,1.0,6.0,X,0.02,0.41,0.43,0.007,0.0,3.0,1.0,14.0,1481.0,1521.0,1659.486083984375,1665.0,795.0,1522.0
127505,A0C37,300,4.0,4.0,X,0.02,0.15,0.17,0.006,0.02,3.0,3.0,28.0,1504.0,1544.0,1656.8236083984375,1666.0,921.0,1551.0
127504,A0C37,300,3.0,4.0,X,0.02,0.15,0.17,0.006,0.02,2.0,15.0,55.0,1504.0,1544.0,1654.093994140625,1656.0,494.0,1550.0
127503,48809,300,2.0,4.0,X,0.02,0.15,0.17,0.01,0.01,2.0,6.0,24.0,1503.0,1543.0,1655.1324462890625,1660.0,478.0,1546.0
127502,48809,300,1.0,4.0,X,0.02,0.15,0.17,0.01,0.01,2.0,7.0,40.0,1503.0,1543.0,1675.5111083984375,1673.0,471.0,1546.0
127501,9E44C,150,4.0,4.0,X,0.02,0.18,0.2,0.01,0.02,2.0,1.0,13.0,1500.0,1540.0,1649.5474853515625,1670.0,419.0,1547.0
127500,9E44C,150,3.0,4.0,X,0.02,0.18,0.2,0.01,0.02,2.0,3.0,27.0,1500.0,1540.0,1650.431884765625,1662.0,534.0,1547.0
127499,9E44C,150,2.0,4.0,X,0.02,0.18,0.2,0.01,0.02,1.0,15.0,54.0,1500.0,1540.0,1664.025146484375,1667.0,0.0,1563.0
127498,AA222,150,1.0,4.0,X,0.018,0.19,0.22,0.0,0.025,1.0,6.0,23.0,1502.0,1542.0,1679.450439453125,1667.0,0.0,1553.0
127497,DDC4A,150,3.0,3.0,X,0.01,0.32,0.38,0.0,0.0,1.0,7.0,39.0,1493.0,1543.0,1653.3890380859375,1659.0,0.0,1574.0
127496,3B7FC,150,2.0,3.0,X,0.005,0.46,0.5,0.0,0.015,1.0,1.0,12.0,1480.0,1525.0,1637.6180419921875,1651.0,0.0,1544.0
127495,3B7FC,150,1.0,3.0,X,0.005,0.46,0.5,0.0,0.015,1.0,3.0,25.0,1480.0,1525.0,1660.9267578125,1669.0,0.0,1536.0
127494,3B7FC,150,6.0,6.0,X,0.005,0.46,0.5,0.0,0.015,31.0,15.0,53.0,1480.0,1525.0,1621.355712890625,1635.0,9249.0,1536.0
127493,27A7C,150,5.0,6.0,X,0.02,0.43,0.47,0.0,0.015,20.0,7.0,38.0,1480.0,1530.0,1638.397216796875,1639.0,5886.0,1527.0
127492,27A7C,150,4.0,6.0,X,0.02,0.43,0.47,0.0,0.015,19.0,6.0,22.0,1480.0,1530.0,1631.9002685546875,1635.0,5479.0,1532.0
127491,FC47C,150,3.0,6.0,X,0.015,0.45,0.48,0.0,0.01,10.0,1.0,11.0,1482.0,1537.0,1643.408935546875,1645.0,2779.0,1542.0
127490,FC47C,150,2.0,9.0,X,0.015,0.45,0.48,0.0,0.01,30.0,15.0,52.0,1482.0,1537.0,1643.1619873046875,1646.0,9006.0,1548.0
127489,FC47C,150,1.0,9.0,X,0.015,0.45,0.48,0.0,0.01,19.0,7.0,37.0,1482.0,1537.0,1658.0750732421875,1658.0,5646.0,1549.0
127488,4D097,150,10.0,10.0,X,0.015,0.51,0.55,0.0,0.01,24.0,3.0,24.0,1487.0,1537.0,1640.97021484375,1642.0,6848.0,1537.0
127487,4D097,150,9.0,10.0,X,0.015,0.51,0.55,0.0,0.01,18.0,6.0,21.0,1487.0,1537.0,1642.6683349609375,1641.0,5170.0,1544.0
127486,4D097,150,8.0,10.0,X,0.015,0.51,0.55,0.0,0.01,9.0,1.0,10.0,1487.0,1537.0,1639.8028564453125,1650.0,2473.0,1555.0
127485,4D097,150,7.0,10.0,X,0.015,0.51,0.55,0.0,0.01,29.0,15.0,51.0,1487.0,1537.0,1641.6248779296875,1655.0,8698.0,1561.0
127484,4D097,150,6.0,10.0,X,0.015,0.51,0.55,0.0,0.01,18.0,7.0,36.0,1487.0,1537.0,1643.156005859375,1645.0,5337.0,1558.0
127483,4D097,150,5.0,10.0,X,0.015,0.51,0.55,0.0,0.01,23.0,3.0,23.0,1487.0,1537.0,1647.5938720703125,1641.0,6544.0,1531.0
127482,4D097,150,4.0,10.0,X,0.015,0.51,0.55,0.0,0.01,17.0,6.0,20.0,1487.0,1537.0,1645.457275390625,1645.0,4873.0,1545.0
127481,4D097,150,3.0,10.0,X,0.015,0.51,0.55,0.0,0.01,8.0,1.0,9.0,1487.0,1537.0,1639.791015625,1655.0,2172.0,1551.0
127480,4D097,150,2.0,10.0,X,0.015,0.51,0.55,0.0,0.01,28.0,15.0,50.0,1487.0,1537.0,1638.840087890625,1655.0,8399.0,1535.0
127479,4D097,150,1.0,10.0,X,0.015,0.51,0.55,0.0,0.01,17.0,7.0,35.0,1487.0,1537.0,1661.4581298828125,1667.0,5041.0,1543.0
127478,7FEAB,150,6.0,6.0,X,0.02,0.19,0.21,0.009,0.02,22.0,3.0,22.0,1506.0,1551.0,1675.814453125,1670.0,6253.0,1542.0
127477,7FEAB,150,5.0,6.0,X,0.02,0.19,0.21,0.009,0.02,16.0,6.0,19.0,1506.0,1551.0,1671.45458984375,1680.0,4563.0,1545.0
127476,7FEAB,150,4.0,6.0,X,0.02,0.19,0.21,0.009,0.02,7.0,1.0,8.0,1506.0,1551.0,1672.347900390625,1677.0,1869.0,1550.0
127475,7FEAB,150,3.0,6.0,X,0.02,0.19,0.21,0.009,0.02,27.0,15.0,49.0,1506.0,1551.0,1670.5577392578125,1673.0,8096.0,1550.0
127474,7FEAB,150,2.0,6.0,X,0.02,0.19,0.21,0.009,0.02,16.0,7.0,34.0,1506.0,1551.0,1678.2911376953125,1679.0,4727.0,1551.0
127473,7FEAB,150,1.0,6.0,X,0.02,0.19,0.21,0.009,0.02,21.0,3.0,21.0,1506.0,1551.0,1702.185546875,1695.0,5937.0,1562.0
127472,D04BA,150,6.0,6.0,X,0.02,0.19,0.23,0.01,0.015,15.0,6.0,18.0,1504.0,1544.0,1649.9373779296875,1660.0,4260.0,1559.0
127471,1E6E6,150,5.0,6.0,X,0.025,0.19,0.23,0.01,0.015,6.0,1.0,7.0,1505.0,1550.0,1655.1297607421875,1653.0,1569.0,1554.0
127470,1E6E6,150,4.0,6.0,X,0.025,0.19,0.23,0.01,0.015,26.0,15.0,48.0,1505.0,1550.0,1652.6767578125,1652.0,7800.0,1550.0
127469,E0B89,150,3.0,6.0,X,0.02,0.22,0.25,0.01,0.015,20.0,3.0,20.0,1501.0,1541.0,1643.9453125,1647.0,5701.0,1557.0
127468,E0B89,150,2.0,6.0,X,0.02,0.22,0.25,0.01,0.015,15.0,7.0,33.0,1501.0,1541.0,1642.970947265625,1652.0,4374.0,1558.0
127467,E0B89,150,1.0,6.0,X,0.02,0.22,0.25,0.01,0.015,14.0,6.0,17.0,1501.0,1541.0,1661.408447265625,1663.0,3970.0,1554.0
127466,47D7D,150,3.0,3.0,X,0.0,0.37,0.41,0.011,0.08,5.0,1.0,6.0,1480.0,1530.0,1635.30615234375,1638.0,1279.0,1535.0
127465,47D7D,150,2.0,3.0,X,0.0,0.37,0.41,0.011,0.08,25.0,15.0,47.0,1480.0,1530.0,1631.6572265625,1633.0,7516.0,1535.0
127464,47D7D,150,1.0,3.0,X,0.0,0.37,0.41,0.011,0.08,19.0,3.0,19.0,1480.0,1530.0,1648.2415771484375,1650.0,5406.0,1527.0
127463,7FEAB,150,6.0,6.0,X,0.02,0.19,0.21,0.009,0.02,14.0,7.0,32.0,1506.0,1551.0,1674.417724609375,1680.0,4073.0,1554.0
127462,7FEAB,150,5.0,6.0,X,0.02,0.19,0.21,0.009,0.02,13.0,6.0,16.0,1506.0,1551.0,1671.5047607421875,1681.0,3666.0,1562.0
127461,7FEAB,150,4.0,6.0,X,0.02,0.19,0.21,0.009,0.02,4.0,1.0,5.0,1506.0,1551.0,1673.55322265625,1698.0,968.0,1560.0
127460,7FEAB,150,3.0,6.0,X,0.02,0.19,0.21,0.009,0.02,24.0,15.0,46.0,1506.0,1551.0,1670.07470703125,1680.0,7197.0,1553.0
127459,7FEAB,150,2.0,6.0,X,0.02,0.19,0.21,0.009,0.02,18.0,3.0,18.0,1506.0,1551.0,1677.9393310546875,1684.0,5099.0,1548.0
127458,7FEAB,150,1.0,6.0,X,0.02,0.19,0.21,0.009,0.02,13.0,7.0,31.0,1506.0,1551.0,1694.7200927734375,1702.0,3763.0,1542.0
127457,D398B,150,3.0,3.0,X,0.02,0.2,0.22,0.009,0.02,12.0,6.0,15.0,1506.0,1551.0,1663.597900390625,1666.0,3358.0,1551.0
127456,D398B,150,2.0,3.0,X,0.02,0.2,0.22,0.009,0.02,3.0,1.0,4.0,1506.0,1551.0,1664.8543701171875,1676.0,666.0,1556.0
127455,D398B,150,1.0,3.0,X,0.02,0.2,0.22,0.009,0.02,23.0,15.0,45.0,1506.0,1551.0,1679.518798828125,1692.0,6894.0,1557.0
127454,CE16F,150,7.0,7.0,X,0.02,0.15,0.17,0.008,0.02,17.0,3.0,17.0,1507.0,1551.0,1663.7398681640625,1672.0,4720.0,1540.0
127453,CA2FD,150,6.0,7.0,X,0.02,0.15,0.17,0.009,0.02,11.0,6.0,14.0,1507.0,1551.0,1661.142333984375,1660.0,3055.0,1548.0
127452,CA2FD,150,5.0,7.0,X,0.02,0.15,0.17,0.009,0.02,12.0,7.0,30.0,1507.0,1551.0,1658.71435546875,1659.0,3334.0,1551.0
127451,CA2FD,150,4.0,7.0,X,0.02,0.15,0.17,0.009,0.02,2.0,1.0,3.0,1507.0,1551.0,1670.8974609375,1679.0,278.0,1563.0
127450,CA2FD,150,3.0,7.0,X,0.02,0.15,0.17,0.009,0.02,22.0,15.0,44.0,1507.0,1551.0,1655.99365234375,1653.0,6510.0,1550.0
127449,CA2FD,150,2.0,7.0,X,0.02,0.15,0.17,0.009,0.02,16.0,3.0,16.0,1507.0,1551.0,1657.6324462890625,1660.0,4419.0,1560.0
127448,CA2FD,150,1.0,7.0,X,0.02,0.15,0.17,0.009,0.02,10.0,6.0,13.0,1507.0,1551.0,1671.9376220703125,1677.0,2745.0,1557.0
127447,59F71,150,8.0,8.0,X,0.02,0.19,0.22,0.008,0.0,11.0,7.0,29.0,1502.0,1547.0,1647.634765625,1653.0,3039.0,1560.0
127446,59F71,150,7.0,8.0,X,0.02,0.19,0.22,0.008,0.0,1.0,1.0,2.0,1502.0,1547.0,1673.84326171875,1681.0,0.0,1564.0
127445,4B82B,150,6.0,8.0,X,0.02,0.3,0.33,0.006,0.02,15.0,3.0,15.0,1495.0,1545.0,1651.2899169921875,1659.0,4187.0,1559.0
127444,4B82B,150,5.0,8.0,X,0.02,0.3,0.33,0.006,0.02,21.0,15.0,43.0,1495.0,1545.0,1651.7864990234375,1657.0,6170.0,1557.0
127443,4B82B,150,4.0,8.0,X,0.02,0.3,0.33,0.006,0.02,9.0,6.0,12.0,1495.0,1545.0,1650.1611328125,1656.0,2468.0,1553.0
127442,4B82B,150,3.0,8.0,X,0.02,0.3,0.33,0.006,0.02,10.0,7.0,28.0,1495.0,1545.0,1651.1839599609375,1667.0,2752.0,1554.0
127441,4B82B,150,2.0,8.0,X,0.02,0.3,0.33,0.006,0.02,14.0,3.0,14.0,1495.0,1545.0,1652.4759521484375,1681.0,3942.0,1559.0
127440,4B82B,150,1.0,8.0,X,0.02,0.3,0.33,0.006,0.02,1.0,1.0,1.0,1495.0,1545.0,1702.768310546875,1687.0,0.0,1551.0
127439,7C9F7,150,6.0,6.0,X,0.02,0.4,0.42,0.007,0.025,20.0,15.0,42.0,1484.0,1524.0,1627.564453125,1653.0,5867.0,1540.0
127438,0E7D0,150,5.0,6.0,X,0.01,0.4,0.43,0.0,0.0,8.0,6.0,11.0,1483.0,1528.0,1626.0850830078125,1630.0,2159.0,1541.0
127437,0E7D0,150,4.0,6.0,X,0.01,0.4,0.43,0.0,0.0,9.0,7.0,27.0,1483.0,1528.0,1626.2021484375,1630.0,2448.0,1530.0
127436,0E7D0,150,3.0,6.0,X,0.01,0.4,0.43,0.0,0.0,13.0,3.0,13.0,1483.0,1528.0,1615.326416015625,1625.0,3660.0,1541.0
127435,57414,150,2.0,6.0,X,0.01,0.38,0.43,0.0,0.02,19.0,15.0,41.0,1486.0,1531.0,1637.316650390625,1633.0,5630.0,1545.0
127434,57414,150,1.0,6.0,X,0.01,0.38,0.43,0.0,0.02,7.0,6.0,10.0,1486.0,1531.0,1649.6240234375,1653.0,1921.0,1538.0
127433,E109B,150,2.0,2.0,X,0.02,0.2,0.22,0.0,0.02,8.0,7.0,26.0,1502.0,1552.0,1665.1915283203125,1669.0,2213.0,1557.0
127432,E109B,150,1.0,2.0,X,0.02,0.2,0.22,0.0,0.02,12.0,3.0,12.0,1502.0,1552.0,1674.1849365234375,1676.0,3430.0,1556.0
127431,AB910,150,6.0,8.0,X,0.02,0.4,0.45,0.0,0.02,18.0,15.0,40.0,1483.0,1538.0,1643.0921630859375,1647.0,5375.0,1549.0
127430,AB910,150,5.0,8.0,X,0.02,0.4,0.45,0.0,0.02,6.0,6.0,9.0,1483.0,1538.0,1641.7459716796875,1644.0,1660.0,1557.0
127429,AB910,150,4.0,8.0,X,0.02,0.4,0.45,0.0,0.02,7.0,7.0,25.0,1483.0,1538.0,1642.73779296875,1644.0,1944.0,1547.0
127428,AB910,150,3.0,8.0,X,0.02,0.4,0.45,0.0,0.02,11.0,3.0,11.0,1483.0,1538.0,1641.666015625,1645.0,3158.0,1544.0
127427,AB910,150,2.0,8.0,X,0.02,0.4,0.45,0.0,0.02,17.0,15.0,39.0,1483.0,1538.0,1644.82470703125,1646.0,5079.0,1555.0
127426,AB910,150,1.0,8.0,X,0.02,0.4,0.45,0.0,0.02,5.0,6.0,8.0,1483.0,1538.0,1662.1827392578125,1646.0,1352.0,1546.0
127425,80160,150,6.0,6.0,X,0.015,0.4,0.45,0.0,0.02,6.0,7.0,24.0,1487.0,1542.0,1648.502197265625,1647.0,1642.0,1544.0
127424,80160,150,5.0,6.0,X,0.015,0.4,0.45,0.0,0.02,10.0,3.0,10.0,1487.0,1542.0,1647.556884765625,1644.0,2858.0,1547.0
127423,80160,150,4.0,6.0,X,0.015,0.4,0.45,0.0,0.02,16.0,15.0,38.0,1487.0,1542.0,1646.170654296875,1647.0,4827.0,1547.0
127422,E7999,150,3.0,6.0,X,0.02,0.16,0.18,0.012,0.01,7.0,5.0,57.0,1506.0,1551.0,1677.0556640625,1676.0,1907.0,1557.0
127421,E7999,150,2.0,6.0,X,0.02,0.16,0.18,0.012,0.01,4.0,6.0,7.0,1506.0,1551.0,1667.6964111328125,1668.0,1055.0,1548.0
127420,E7999,150,1.0,6.0,X,0.02,0.16,0.18,0.012,0.01,5.0,7.0,23.0,1506.0,1551.0,1691.5743408203125,1695.0,1344.0,1557.0
127419,D63DF,150,5.0,5.0,V,0.005,0.37,0.4,0.01,0.03,9.0,3.0,9.0,1480.0,1535.0,1639.8389892578125,1642.0,2543.0,1546.0
127418,D63DF,150,4.0,5.0,V,0.005,0.37,0.4,0.01,0.03,15.0,15.0,37.0,1480.0,1535.0,1637.458740234375,1639.0,4517.0,1539.0
127417,F4A5E,150,3.0,5.0,V,0.01,0.35,0.37,0.01,0.045,6.0,5.0,56.0,1482.0,1542.0,1652.1070556640625,1673.0,1594.0,1555.0
127416,F4A5E,150,2.0,5.0,V,0.01,0.35,0.37,0.01,0.045,3.0,6.0,6.0,1482.0,1542.0,1653.9107666015625,1658.0,730.0,1543.0
127415,F4A5E,150,3.0,7.0,V,0.01,0.35,0.37,0.01,0.045,4.0,7.0,22.0,1482.0,1542.0,1652.0247802734375,1678.0,970.0,1553.0
127414,EB567,150,2.0,7.0,V,0.01,0.35,0.38,0.016,0.045,8.0,3.0,8.0,1480.0,1540.0,1649.625244140625,1653.0,2181.0,1544.0
127413,EB567,150,1.0,7.0,V,0.01,0.35,0.38,0.016,0.045,14.0,15.0,36.0,1480.0,1540.0,1663.1661376953125,1680.0,4146.0,1541.0
127412,D63DF,300,7.0,7.0,V,0.005,0.37,0.4,0.01,0.03,5.0,5.0,55.0,1480.0,1525.0,1628.141845703125,1637.0,1169.0,1536.0
127411,D63DF,300,6.0,7.0,V,0.005,0.37,0.4,0.01,0.03,2.0,6.0,5.0,1480.0,1525.0,1628.7181396484375,1631.0,321.0,1532.0
127410,D63DF,300,5.0,7.0,V,0.005,0.37,0.4,0.01,0.03,3.0,7.0,21.0,1480.0,1525.0,1628.308837890625,1631.0,609.0,1540.0
127409,D63DF,300,4.0,7.0,V,0.005,0.37,0.4,0.01,0.03,7.0,3.0,7.0,1480.0,1525.0,1627.469970703125,1630.0,1820.0,1532.0
127408,D63DF,300,3.0,7.0,V,0.005,0.37,0.4,0.01,0.03,13.0,15.0,35.0,1480.0,1525.0,1629.77490234375,1633.0,3763.0,1530.0
127407,D63DF,300,2.0,7.0,V,0.005,0.37,0.4,0.01,0.03,4.0,5.0,54.0,1480.0,1525.0,1625.5509033203125,1629.0,849.0,1538.0
127406,D63DF,300,1.0,7.0,V,0.005,0.37,0.4,0.01,0.03,1.0,6.0,4.0,1480.0,1525.0,1670.450927734375,1672.0,0.0,1545.0
127405,EA23B,300,6.0,6.0,V,0.01,0.36,0.4,0.013,0.05,2.0,7.0,20.0,1480.0,1540.0,1656.4998779296875,1657.0,287.0,1542.0
127404,EA23B,300,5.0,6.0,V,0.01,0.36,0.4,0.013,0.05,6.0,3.0,6.0,1480.0,1540.0,1650.82421875,1652.0,1503.0,1541.0
127403,EA23B,300,4.0,6.0,V,0.01,0.36,0.4,0.013,0.05,12.0,2.0,63.0,1480.0,1540.0,1655.0322265625,1656.0,3418.0,1534.0
127402,47D7D,300,3.0,6.0,X,0.0,0.37,0.41,0.011,0.08,3.0,5.0,53.0,1480.0,1525.0,1625.7039794921875,1627.0,557.0,1534.0
127401,47D7D,300,2.0,6.0,X,0.0,0.37,0.41,0.011,0.08,12.0,15.0,34.0,1480.0,1525.0,1624.1868896484375,1626.0,3357.0,1525.0
127400,47D7D,300,1.0,6.0,X,0.0,0.37,0.41,0.011,0.08,1.0,7.0,19.0,1480.0,1525.0,1655.1566162109375,1657.0,0.0,1542.0
127399,BF6EC,300,3.0,3.0,X,0.02,0.19,0.23,0.009,0.015,5.0,3.0,5.0,1504.0,1549.0,1665.8072509765625,1665.0,1212.0,1561.0
127398,BF6EC,300,2.0,3.0,X,0.02,0.19,0.23,0.009,0.015,11.0,2.0,62.0,1504.0,1549.0,1664.3350830078125,1662.0,3134.0,1558.0
127397,0AF2A,300,1.0,3.0,X,0.02,0.49,0.52,0.0,0.02,2.0,5.0,52.0,1484.0,1534.0,1668.4710693359375,1668.0,281.0,1546.0
127396,7FEAB,300,5.0,5.0,X,0.02,0.19,0.21,0.009,0.02,3.0,6.0,3.0,1506.0,1546.0,1676.8240966796875,1679.0,698.0,1554.0
127395,7FEAB,300,4.0,5.0,X,0.02,0.19,0.21,0.009,0.02,11.0,15.0,33.0,1506.0,1546.0,1662.7607421875,1666.0,3029.0,1557.0
127394,7FEAB,300,3.0,5.0,X,0.02,0.19,0.21,0.009,0.02,4.0,3.0,4.0,1506.0,1546.0,1662.6483154296875,1682.0,942.0,1549.0
127393,7FEAB,300,2.0,5.0,X,0.02,0.19,0.21,0.009,0.02,10.0,2.0,61.0,1506.0,1546.0,1663.437744140625,1676.0,2862.0,1544.0
127392,7FEAB,300,1.0,5.0,X,0.02,0.19,0.21,0.009,0.02,1.0,5.0,51.0,1506.0,1546.0,1705.0601806640625,1716.0,0.0,1559.0
127391,D398B,300,4.0,4.0,X,0.02,0.2,0.22,0.009,0.02,2.0,6.0,2.0,1506.0,1551.0,1685.08740234375,1683.0,408.0,1566.0
127390,D398B,300,3.0,4.0,X,0.02,0.2,0.22,0.009,0.02,10.0,15.0,32.0,1506.0,1551.0,1670.34375,1670.0,2619.0,1564.0
127389,D398B,300,4.0,6.0,X,0.02,0.2,0.22,0.009,0.02,3.0,3.0,3.0,1506.0,1551.0,1676.600830078125,1685.0,531.0,1576.0
127388,248B5,300,3.0,6.0,X,0.02,0.21,0.23,0.009,0.02,9.0,7.0,18.0,1506.0,1551.0,1672.6707763671875,1695.0,2343.0,1563.0
127387,248B5,300,2.0,6.0,X,0.02,0.21,0.23,0.009,0.02,9.0,2.0,60.0,1506.0,1551.0,1672.9879150390625,1670.0,2398.0,1554.0
127386,248B5,300,1.0,6.0,X,0.02,0.21,0.23,0.009,0.02,1.0,6.0,1.0,1506.0,1551.0,1717.40185546875,1715.0,0.0,1563.0
127385,E8F0F,300,6.0,6.0,X,0.02,0.4,0.42,0.007,0.025,9.0,15.0,31.0,1484.0,1539.0,1661.536376953125,1649.0,2325.0,1546.0
127384,E8F0F,300,5.0,6.0,X,0.02,0.4,0.42,0.007,0.025,2.0,3.0,2.0,1484.0,1539.0,1660.03662109375,1667.0,228.0,1536.0
127383,E8F0F,300,4.0,6.0,X,0.02,0.4,0.42,0.007,0.025,8.0,7.0,17.0,1484.0,1539.0,1657.6192626953125,1658.0,2034.0,1547.0
127382,E8F0F,300,3.0,6.0,X,0.02,0.4,0.42,0.007,0.025,8.0,2.0,59.0,1484.0,1539.0,1667.41552734375,1667.0,2090.0,1551.0
127381,E8F0F,300,2.0,6.0,X,0.02,0.4,0.42,0.007,0.025,9.0,5.0,50.0,1484.0,1539.0,1664.9384765625,1665.0,2231.0,1540.0
127380,E8F0F,300,1.0,6.0,X,0.02,0.4,0.42,0.007,0.025,1.0,3.0,1.0,1484.0,1539.0,1712.6707763671875,1712.0,0.0,1537.0
127379,73517,300,7.0,7.0,X,0.02,0.15,0.18,0.0065,0.02,8.0,15.0,30.0,1512.0,1557.0,1661.944580078125,1655.0,1977.0,1558.0
127378,A0D69,300,6.0,7.0,X,0.02,0.18,0.21,0.0,0.0,7.0,7.0,16.0,1510.0,1550.0,1657.8406982421875,1659.0,1750.0,1563.0
127377,A0D69,300,5.0,7.0,X,0.02,0.18,0.21,0.0,0.0,7.0,2.0,58.0,1510.0,1550.0,1657.197265625,1660.0,1801.0,1572.0
127376,A0D69,300,4.0,7.0,X,0.02,0.18,0.21,0.0,0.0,8.0,5.0,49.0,1510.0,1550.0,1660.6168212890625,1664.0,1931.0,1557.0
127375,4A0F0,300,3.0,7.0,X,0.0,0.39,0.42,0.0,0.03,7.0,15.0,29.0,1488.0,1528.0,1650.4993896484375,1650.0,1735.0,1539.0
127374,4A0F0,300,2.0,7.0,X,0.0,0.39,0.42,0.0,0.03,6.0,7.0,15.0,1488.0,1528.0,1643.4227294921875,1646.0,1508.0,1546.0
127373,4A0F0,300,1.0,7.0,X,0.0,0.39,0.42,0.0,0.03,6.0,2.0,57.0,1488.0,1528.0,1659.6483154296875,1642.0,1479.0,1535.0
127372,EB957,300,5.0,5.0,X,0.015,0.53,0.56,0.0,0.01,7.0,5.0,48.0,1486.0,1536.0,1645.59765625,1661.0,1617.0,1549.0
127371,EB957,300,4.0,5.0,X,0.015,0.53,0.56,0.0,0.01,6.0,15.0,28.0,1486.0,1536.0,1646.9442138671875,1647.0,1403.0,1548.0
127370,EB957,300,3.0,5.0,X,0.015,0.53,0.56,0.0,0.01,5.0,7.0,14.0,1486.0,1536.0,1646.7470703125,1647.0,1179.0,1549.0
127369,EB957,300,2.0,5.0,X,0.015,0.53,0.56,0.0,0.01,5.0,2.0,56.0,1486.0,1536.0,1648.4913330078125,1658.0,1239.0,1553.0
127368,EB957,300,1.0,5.0,X,0.015,0.53,0.56,0.0,0.01,6.0,5.0,47.0,1486.0,1536.0,1669.517578125,1667.0,1377.0,1545.0
127367,FE1F9,300,4.0,4.0,B,0.005,0.33,0.35,0.0,0.015,5.0,15.0,27.0,1491.0,1531.0,1634.67626953125,1638.0,1170.0,1538.0
127366,FE1F9,300,3.0,4.0,B,0.005,0.33,0.35,0.0,0.015,4.0,7.0,13.0,1491.0,1531.0,1631.5435791015625,1635.0,879.0,1540.0
127365,36AD7,300,3.0,5.0,X,0.01,0.47,0.52,0.0,0.02,5.0,5.0,46.0,1474.0,1530.0,1639.588623046875,1650.0,1127.0,1533.0
127364,36AD7,300,2.0,5.0,X,0.01,0.47,0.52,0.0,0.02,4.0,2.0,55.0,1474.0,1530.0,1637.07470703125,1644.0,852.0,1547.0
127363,36AD7,300,1.0,5.0,X,0.01,0.47,0.52,0.0,0.02,4.0,15.0,26.0,1474.0,1530.0,1661.7320556640625,1659.0,842.0,1534.0
127362,F5743,300,5.0,5.0,V,0.0,0.69,0.72,0.008,0.055,3.0,7.0,12.0,1476.0,1501.0,1615.2091064453125,1624.0,595.0,1519.0
127361,F5743,300,4.0,5.0,V,0.0,0.69,0.72,0.008,0.055,4.0,5.0,45.0,1476.0,1501.0,1614.584228515625,1615.0,842.0,1512.0
127360,F5743,300,3.0,5.0,V,0.0,0.69,0.72,0.008,0.055,3.0,2.0,54.0,1476.0,1501.0,1613.7646484375,1614.0,572.0,1520.0
127359,0F9E0,300,2.0,5.0,X,0.01,0.75,0.88,0.0,0.01,3.0,15.0,25.0,1470.0,1510.0,1625.1156005859375,1627.0,566.0,1522.0
127358,0F9E0,300,1.0,5.0,X,0.01,0.75,0.88,0.0,0.01,1.0,8.0,50.0,1470.0,1510.0,1666.01953125,1665.0,0.0,1525.0
127356,A2DFA,300,9.0,10.0,X,0.005,0.43,0.5,0.0,0.0,3.0,5.0,44.0,1480.0,1525.0,1621.795166015625,1624.0,530.0,1539.0
127355,A2DFA,300,8.0,10.0,X,0.005,0.43,0.5,0.0,0.0,2.0,2.0,53.0,1480.0,1525.0,1620.6436767578125,1624.0,276.0,1526.0
127354,EEE12,300,7.0,10.0,X,0.0,0.69,0.72,0.0,0.02,2.0,15.0,24.0,1475.0,1510.0,1619.923828125,1622.0,259.0,1516.0
127353,EEE12,300,6.0,10.0,X,0.0,0.69,0.72,0.0,0.02,2.0,7.0,11.0,1475.0,1510.0,1616.52978515625,1620.0,247.0,1512.0
127352,EEE12,300,5.0,10.0,X,0.0,0.69,0.72,0.0,0.02,2.0,5.0,43.0,1475.0,1510.0,1619.602783203125,1623.0,264.0,1520.0
127351,EEE12,300,4.0,10.0,X,0.0,0.69,0.72,0.0,0.02,1.0,2.0,52.0,1475.0,1510.0,1639.10791015625,1639.0,0.0,1532.0
127350,EEE12,300,3.0,10.0,X,0.0,0.69,0.72,0.0,0.02,1.0,15.0,23.0,1475.0,1510.0,1639.2701416015625,1647.0,0.0,1523.0
127349,EEE12,300,2.0,10.0,X,0.0,0.69,0.72,0.0,0.02,1.0,7.0,10.0,1475.0,1510.0,1639.266357421875,1639.0,0.0,1524.0
127348,116A5,300,1.0,10.0,X,0.02,0.5,0.52,0.0,0.0,1.0,5.0,42.0,1488.0,1528.0,1672.6302490234375,1692.0,0.0,1543.0
127347,2D42F,300,7.0,7.0,B,0.005,0.36,0.39,0.0,0.01,5.0,8.0,49.0,1492.0,1547.0,1671.794921875,1663.0,1124.0,1565.0
127346,2D42F,300,6.0,7.0,B,0.005,0.36,0.39,0.0,0.01,22.0,15.0,22.0,1492.0,1547.0,1668.4912109375,1662.0,6371.0,1566.0
127345,2D42F,300,5.0,7.0,B,0.005,0.36,0.39,0.0,0.01,9.0,7.0,9.0,1492.0,1547.0,1670.0679931640625,1674.0,2429.0,1553.0
127344,2D42F,300,4.0,7.0,B,0.005,0.36,0.39,0.0,0.01,21.0,2.0,51.0,1492.0,1547.0,1672.9761962890625,1665.0,5916.0,1555.0
127343,2D42F,300,3.0,7.0,B,0.005,0.36,0.39,0.0,0.01,22.0,5.0,41.0,1492.0,1547.0,1671.94873046875,1667.0,6126.0,1560.0
127342,2D42F,300,2.0,7.0,B,0.005,0.36,0.39,0.0,0.01,4.0,8.0,48.0,1492.0,1547.0,1670.6966552734375,1673.0,840.0,1560.0
127341,2D42F,300,1.0,7.0,B,0.005,0.36,0.39,0.0,0.01,21.0,15.0,21.0,1492.0,1547.0,1691.6688232421875,1682.0,6098.0,1551.0
127340,2D42F,300,7.0,7.0,B,0.005,0.36,0.39,0.0,0.01,8.0,7.0,8.0,1492.0,1547.0,1671.4580078125,1674.0,2157.0,1554.0
127339,2D42F,300,6.0,7.0,B,0.005,0.36,0.39,0.0,0.01,20.0,2.0,50.0,1492.0,1547.0,1668.93212890625,1674.0,5644.0,1557.0
127338,2D42F,300,5.0,7.0,B,0.005,0.36,0.39,0.0,0.01,21.0,5.0,40.0,1492.0,1547.0,1673.384765625,1675.0,5857.0,1553.0
127337,2D42F,300,4.0,7.0,B,0.005,0.36,0.39,0.0,0.01,3.0,8.0,47.0,1492.0,1547.0,1676.7840576171875,1677.0,579.0,1553.0
127336,2D42F,300,3.0,7.0,B,0.005,0.36,0.39,0.0,0.01,20.0,15.0,20.0,1492.0,1547.0,1671.8802490234375,1675.0,5832.0,1548.0
127335,2D42F,300,2.0,7.0,B,0.005,0.36,0.39,0.0,0.01,7.0,7.0,7.0,1492.0,1547.0,1674.0269775390625,1674.0,1878.0,1557.0
127334,2D42F,300,1.0,7.0,B,0.005,0.36,0.39,0.0,0.01,19.0,2.0,49.0,1492.0,1547.0,1698.5369873046875,1698.0,5367.0,1534.0
127333,2D42F,300,7.0,7.0,B,0.005,0.36,0.39,0.0,0.01,20.0,5.0,39.0,1492.0,1547.0,1673.0157470703125,1670.0,5579.0,1569.0
127332,2D42F,300,6.0,7.0,B,0.005,0.36,0.39,0.0,0.01,2.0,8.0,46.0,1492.0,1547.0,1670.8338623046875,1668.0,304.0,1553.0
127331,2D42F,300,5.0,7.0,B,0.005,0.36,0.39,0.0,0.01,19.0,15.0,19.0,1492.0,1547.0,1671.255859375,1669.0,5564.0,1566.0
127330,2D42F,300,4.0,7.0,B,0.005,0.36,0.39,0.0,0.01,6.0,7.0,6.0,1492.0,1547.0,1673.2940673828125,1656.0,1618.0,1564.0
127329,2D42F,300,3.0,7.0,B,0.005,0.36,0.39,0.0,0.01,18.0,2.0,48.0,1492.0,1547.0,1668.1241455078125,1667.0,5104.0,1548.0
127328,2D42F,300,2.0,7.0,B,0.005,0.36,0.39,0.0,0.01,19.0,5.0,38.0,1492.0,1547.0,1671.2752685546875,1674.0,5295.0,1549.0
127327,2D42F,300,1.0,7.0,B,0.005,0.36,0.39,0.0,0.01,1.0,8.0,45.0,1492.0,1547.0,1704.8509521484375,1702.0,0.0,1554.0
127326,5E13D,300,3.0,3.0,X,0.005,0.55,0.57,0.007,0.0,18.0,15.0,18.0,1486.0,1541.0,1671.4698486328125,1710.0,5234.0,1561.0
127325,5E13D,300,2.0,3.0,X,0.005,0.55,0.57,0.007,0.0,5.0,7.0,5.0,1486.0,1541.0,1678.8843994140625,1704.0,1226.0,1553.0
127324,5E13D,300,1.0,3.0,X,0.005,0.55,0.57,0.007,0.0,17.0,2.0,47.0,1486.0,1541.0,1690.731689453125,1700.0,4705.0,1549.0
127323,CC49C,300,2.0,2.0,X,0.005,0.55,0.58,0.007,0.0,17.0,15.0,17.0,1486.0,1541.0,1677.8931884765625,1692.0,4971.0,1551.0
127322,CC49C,300,1.0,2.0,X,0.005,0.55,0.58,0.007,0.0,18.0,5.0,37.0,1486.0,1541.0,1686.4078369140625,1689.0,4827.0,1547.0
127321,1E6E6,300,5.0,5.0,X,0.025,0.19,0.23,0.01,0.015,4.0,7.0,4.0,1505.0,1545.0,1655.455078125,1661.0,948.0,1562.0
127320,1E6E6,300,4.0,5.0,X,0.025,0.19,0.23,0.01,0.015,16.0,2.0,46.0,1505.0,1545.0,1655.8311767578125,1653.0,4421.0,1549.0
127319,734B0,300,3.0,5.0,X,0.01,0.4,0.43,0.0,0.02,16.0,15.0,16.0,1486.0,1526.0,1646.7398681640625,1635.0,4703.0,1532.0
127318,734B0,300,2.0,5.0,X,0.01,0.4,0.43,0.0,0.02,17.0,5.0,36.0,1486.0,1526.0,1643.41796875,1639.0,4548.0,1544.0
127317,33D10,300,1.0,5.0,X,0.015,0.39,0.42,0.0,0.0,3.0,7.0,3.0,1485.0,1530.0,1680.5010986328125,1671.0,690.0,1542.0
127316,248B5,300,1.0,1.0,X,0.02,0.21,0.23,0.009,0.02,15.0,8.0,44.0,1506.0,1551.0,1697.82666015625,1698.0,4223.0,1559.0
127315,33D10,300,2.0,7.0,X,0.015,0.39,0.42,0.0,0.0,15.0,2.0,45.0,1485.0,1530.0,1651.12890625,1652.0,4077.0,1541.0
127314,57414,300,1.0,7.0,X,0.01,0.38,0.43,0.0,0.02,15.0,15.0,15.0,1486.0,1526.0,1662.01611328125,1678.0,4357.0,1532.0
127313,27480,300,3.0,3.0,X,0.02,0.21,0.23,0.009,0.02,16.0,5.0,35.0,1506.0,1551.0,1680.6552734375,1681.0,4222.0,1558.0
127312,27480,300,2.0,3.0,X,0.02,0.21,0.23,0.009,0.02,2.0,7.0,2.0,1506.0,1551.0,1684.345947265625,1684.0,357.0,1543.0
127311,27480,300,1.0,3.0,X,0.02,0.21,0.23,0.009,0.02,14.0,8.0,43.0,1506.0,1551.0,1690.26123046875,1701.0,3849.0,1558.0
127310,889AE,300,4.0,4.0,B,0.02,0.16,0.18,0.012,0.01,14.0,2.0,44.0,1507.0,1532.0,1636.9136962890625,1640.0,3718.0,1538.0
127309,889AE,300,3.0,4.0,B,0.02,0.16,0.18,0.012,0.01,15.0,5.0,34.0,1507.0,1532.0,1636.2122802734375,1644.0,3923.0,1546.0
127308,889AE,300,2.0,4.0,B,0.02,0.16,0.18,0.012,0.01,14.0,15.0,14.0,1507.0,1532.0,1636.8238525390625,1642.0,3946.0,1532.0
127307,889AE,300,1.0,4.0,B,0.02,0.16,0.18,0.012,0.01,1.0,7.0,1.0,1507.0,1532.0,1700.902099609375,1710.0,0.0,1537.0
127306,7FEAB,300,7.0,7.0,X,0.02,0.19,0.21,0.009,0.02,13.0,2.0,43.0,1506.0,1546.0,1658.7664794921875,1670.0,3481.0,1564.0
127305,7FEAB,300,6.0,7.0,X,0.02,0.19,0.21,0.009,0.02,14.0,5.0,33.0,1506.0,1546.0,1658.077392578125,1669.0,3672.0,1568.0
127304,7FEAB,300,5.0,7.0,X,0.02,0.19,0.21,0.009,0.02,13.0,8.0,42.0,1506.0,1546.0,1658.2740478515625,1673.0,3411.0,1558.0
127303,D398B,300,4.0,7.0,X,0.02,0.2,0.22,0.009,0.02,13.0,15.0,13.0,1506.0,1551.0,1663.8878173828125,1673.0,3647.0,1567.0
127302,D398B,300,3.0,7.0,X,0.02,0.2,0.22,0.009,0.02,12.0,2.0,42.0,1506.0,1551.0,1676.2862548828125,1673.0,3246.0,1570.0
127301,D398B,300,2.0,7.0,X,0.02,0.2,0.22,0.009,0.02,13.0,5.0,32.0,1506.0,1551.0,1667.15380859375,1669.0,3450.0,1568.0
127300,D398B,300,1.0,7.0,X,0.02,0.2,0.22,0.009,0.02,12.0,8.0,41.0,1506.0,1551.0,1695.068359375,1693.0,3190.0,1557.0
127299,CA2FD,300,3.0,3.0,X,0.02,0.15,0.17,0.009,0.02,12.0,15.0,12.0,1507.0,1552.0,1663.2047119140625,1675.0,3422.0,1552.0
127298,CA2FD,300,2.0,3.0,X,0.02,0.15,0.17,0.009,0.02,11.0,2.0,41.0,1507.0,1552.0,1666.5692138671875,1676.0,3019.0,1546.0
127297,CA2FD,300,1.0,3.0,X,0.02,0.15,0.17,0.009,0.02,12.0,5.0,31.0,1507.0,1552.0,1682.1275634765625,1686.0,3227.0,1563.0
127296,CA2FD,300,6.0,9.0,X,0.02,0.15,0.17,0.009,0.02,11.0,8.0,40.0,1507.0,1552.0,1659.9464111328125,1663.0,2933.0,1556.0
127295,CA2FD,300,5.0,9.0,X,0.02,0.15,0.17,0.009,0.02,11.0,15.0,11.0,1507.0,1552.0,1657.5,1664.0,3170.0,1556.0
127294,CA2FD,300,4.0,9.0,X,0.02,0.15,0.17,0.009,0.02,11.0,5.0,30.0,1507.0,1552.0,1657.886474609375,1660.0,3030.0,1556.0
127293,CA2FD,300,3.0,9.0,X,0.02,0.15,0.17,0.009,0.02,10.0,2.0,40.0,1507.0,1552.0,1661.3699951171875,1665.0,2714.0,1563.0
127292,CA2FD,300,2.0,9.0,X,0.02,0.15,0.17,0.009,0.02,10.0,8.0,39.0,1507.0,1552.0,1662.635009765625,1663.0,2710.0,1572.0
127291,CA2FD,300,1.0,9.0,X,0.02,0.15,0.17,0.009,0.02,10.0,15.0,10.0,1507.0,1552.0,1683.67431640625,1683.0,2941.0,1568.0
127290,A7B3C,300,6.0,6.0,X,0.025,0.2,0.23,0.01,0.01,10.0,5.0,29.0,1504.0,1549.0,1657.806884765625,1663.0,2803.0,1572.0
127289,A7B3C,300,5.0,6.0,X,0.025,0.2,0.23,0.01,0.01,9.0,2.0,39.0,1504.0,1549.0,1658.1304931640625,1658.0,2485.0,1561.0
127288,FE39B,300,4.0,6.0,X,0.02,0.21,0.23,0.0,0.02,9.0,8.0,38.0,1503.0,1548.0,1662.55908203125,1659.0,2481.0,1557.0
127287,FE39B,300,3.0,6.0,X,0.02,0.21,0.23,0.0,0.02,9.0,15.0,9.0,1503.0,1548.0,1660.11767578125,1658.0,2714.0,1558.0
127286,9C4F0,300,2.0,6.0,X,0.015,0.18,0.23,0.01,0.0,9.0,5.0,28.0,1504.0,1544.0,1655.1412353515625,1652.0,2572.0,1547.0
127285,9C4F0,300,1.0,6.0,X,0.015,0.18,0.23,0.01,0.0,8.0,2.0,38.0,1504.0,1544.0,1669.9088134765625,1669.0,2232.0,1552.0
127284,37728,300,3.0,3.0,X,0.015,0.21,0.23,0.008,0.02,8.0,4.0,54.0,1504.0,1544.0,1655.6513671875,1662.0,2312.0,1555.0
127283,15493,300,2.0,3.0,X,0.01,0.38,0.43,0.0,0.0,8.0,8.0,37.0,1485.0,1525.0,1644.062744140625,1651.0,2122.0,1543.0
127282,15493,300,1.0,3.0,X,0.01,0.38,0.43,0.0,0.0,8.0,15.0,8.0,1485.0,1525.0,1661.6507568359375,1653.0,2348.0,1543.0
127281,8F8C3,300,6.0,6.0,X,0.015,0.19,0.22,0.009,0.025,8.0,5.0,27.0,1502.0,1547.0,1662.059326171875,1665.0,2209.0,1560.0
127280,8F8C3,300,5.0,6.0,X,0.015,0.19,0.22,0.009,0.025,7.0,2.0,37.0,1502.0,1547.0,1663.2052001953125,1660.0,1883.0,1555.0
127279,8F8C3,300,4.0,6.0,X,0.015,0.19,0.22,0.009,0.025,7.0,4.0,53.0,1502.0,1547.0,1662.251708984375,1665.0,1965.0,1552.0
127278,9E44C,300,3.0,6.0,X,0.02,0.18,0.2,0.01,0.02,7.0,8.0,36.0,1500.0,1540.0,1652.011962890625,1662.0,1822.0,1545.0
127277,9E44C,300,2.0,6.0,X,0.02,0.18,0.2,0.01,0.02,7.0,15.0,7.0,1500.0,1540.0,1650.10009765625,1647.0,2055.0,1535.0
127276,9E44C,300,1.0,6.0,X,0.02,0.18,0.2,0.01,0.02,7.0,5.0,26.0,1500.0,1540.0,1669.4425048828125,1666.0,1901.0,1540.0
127275,3575C,300,3.0,3.0,X,0.015,0.19,0.22,0.005,0.03,6.0,2.0,36.0,1500.0,1540.0,1654.60302734375,1655.0,1585.0,1551.0
127274,1697B,300,2.0,3.0,X,0.02,0.18,0.22,0.009,0.015,6.0,4.0,52.0,1501.0,1536.0,1650.761962890625,1658.0,1667.0,1550.0
127273,95E2B,300,1.0,3.0,X,0.01,0.15,0.17,0.01,0.02,6.0,8.0,35.0,1503.0,1543.0,1676.7467041015625,1676.0,1533.0,1555.0
127272,FA128,300,7.0,7.0,X,0.02,0.18,0.21,0.009,0.02,6.0,15.0,6.0,1504.0,1544.0,1663.2666015625,1665.0,1763.0,1553.0
127271,FA128,300,6.0,7.0,X,0.02,0.18,0.21,0.009,0.02,6.0,5.0,25.0,1504.0,1544.0,1659.7625732421875,1661.0,1609.0,1565.0
127270,FA128,300,5.0,7.0,X,0.02,0.18,0.21,0.009,0.02,5.0,2.0,35.0,1504.0,1544.0,1659.754638671875,1662.0,1291.0,1534.0
127269,FA128,300,4.0,7.0,X,0.02,0.18,0.21,0.009,0.02,5.0,4.0,51.0,1504.0,1544.0,1662.659423828125,1660.0,1371.0,1537.0
127268,C2394,300,3.0,7.0,X,0.02,0.17,0.22,0.01,0.01,5.0,8.0,34.0,1502.0,1537.0,1651.04833984375,1659.0,1212.0,1552.0
127267,C2394,300,2.0,7.0,X,0.02,0.17,0.22,0.01,0.01,5.0,15.0,5.0,1502.0,1537.0,1651.2017822265625,1663.0,1438.0,1533.0
127266,F7C5E,300,1.0,7.0,X,0.015,0.27,0.29,0.009,0.0,5.0,5.0,24.0,1501.0,1551.0,1705.5303955078125,1706.0,1283.0,1569.0
127265,FE93C,300,4.0,4.0,X,0.01,0.4,0.42,0.0,0.015,4.0,2.0,34.0,1487.0,1527.0,1645.18408203125,1645.0,926.0,1534.0
127264,77C04,300,3.0,4.0,X,0.02,0.17,0.22,0.01,0.01,4.0,4.0,50.0,1502.0,1547.0,1675.87548828125,1679.0,1006.0,1557.0
127263,77C04,300,2.0,4.0,X,0.02,0.17,0.22,0.01,0.01,4.0,8.0,33.0,1502.0,1547.0,1667.759033203125,1678.0,854.0,1559.0
127262,77C04,300,5.0,8.0,X,0.02,0.17,0.22,0.01,0.01,4.0,5.0,23.0,1502.0,1547.0,1664.9674072265625,1696.0,1006.0,1565.0
127261,77C04,300,4.0,8.0,X,0.02,0.17,0.22,0.01,0.01,4.0,15.0,4.0,1502.0,1547.0,1659.9346923828125,1670.0,1034.0,1541.0
127260,77C04,300,3.0,8.0,X,0.02,0.17,0.22,0.01,0.01,3.0,2.0,33.0,1502.0,1547.0,0.0,1674.0,619.0,1544.0
127259,77C04,300,2.0,8.0,X,0.02,0.17,0.22,0.01,0.01,3.0,4.0,49.0,1502.0,1547.0,0.0,1675.0,690.0,1555.0
127258,77C04,300,1.0,8.0,X,0.02,0.17,0.22,0.01,0.01,3.0,8.0,32.0,1502.0,1547.0,1685.77978515625,1698.0,555.0,1551.0
127257,E0B89,300,7.0,7.0,X,0.02,0.22,0.25,0.01,0.015,3.0,5.0,22.0,1501.0,1546.0,1662.277587890625,1670.0,705.0,1552.0
127256,E0B89,300,6.0,7.0,X,0.02,0.22,0.25,0.01,0.015,3.0,15.0,3.0,1501.0,1546.0,1673.728271484375,1675.0,727.0,1548.0
127255,E0B89,300,5.0,7.0,X,0.02,0.22,0.25,0.01,0.015,2.0,2.0,32.0,1501.0,1546.0,1668.019775390625,1669.0,325.0,1540.0
127254,F7AB5,300,4.0,7.0,X,0.015,0.42,0.44,0.0,0.02,2.0,4.0,48.0,1481.0,1526.0,1649.4237060546875,1647.0,381.0,1531.0
127253,F7AB5,300,3.0,7.0,X,0.015,0.42,0.44,0.0,0.02,2.0,8.0,31.0,1481.0,1526.0,1644.8905029296875,1645.0,237.0,1533.0
127252,F7AB5,300,2.0,7.0,X,0.015,0.42,0.44,0.0,0.02,2.0,5.0,21.0,1481.0,1526.0,1643.0257568359375,1645.0,381.0,1541.0
127251,F7AB5,300,1.0,7.0,X,0.015,0.42,0.44,0.0,0.02,2.0,15.0,2.0,1481.0,1526.0,1666.3660888671875,1667.0,409.0,1540.0
127250,E483A,300,5.0,5.0,X,0.02,0.21,0.23,0.009,0.025,1.0,2.0,31.0,1500.0,1540.0,1669.5810546875,1673.0,0.0,1557.0
127249,E483A,300,4.0,5.0,X,0.02,0.21,0.23,0.009,0.025,1.0,8.0,30.0,1500.0,1540.0,1666.2481689453125,1669.0,0.0,1553.0
127248,248B5,300,3.0,5.0,X,0.02,0.21,0.23,0.009,0.02,1.0,4.0,47.0,1506.0,1551.0,1679.9700927734375,1676.0,0.0,1555.0
127247,248B5,300,2.0,5.0,X,0.02,0.21,0.23,0.009,0.02,1.0,5.0,20.0,1506.0,1551.0,1675.8065185546875,1685.0,0.0,1562.0
127246,248B5,300,1.0,5.0,X,0.02,0.21,0.23,0.009,0.02,1.0,15.0,1.0,1506.0,1551.0,1721.4239501953125,1718.0,0.0,1563.0
127245,248B5,300,1.0,6.0,X,0.02,0.21,0.23,0.009,0.02,6.0,1.0,62.0,1506.0,1551.0,0.0,1678.0,1014.0,1552.0
127244,889AE,300,1.0,1.0,B,0.02,0.16,0.18,0.012,0.01,8.0,5.0,19.0,1507.0,1532.0,0.0,1662.0,2009.0,1548.0
127243,889AE,300,3.0,3.0,B,0.02,0.16,0.18,0.012,0.01,6.0,1.0,61.0,1507.0,1532.0,0.0,1642.0,1481.0,1544.0
127242,889AE,300,2.0,3.0,B,0.02,0.16,0.18,0.012,0.01,7.0,4.0,46.0,1507.0,1532.0,0.0,1642.0,1823.0,1534.0
127241,889AE,300,1.0,3.0,B,0.02,0.16,0.18,0.012,0.01,7.0,8.0,29.0,1507.0,1532.0,0.0,1678.0,1804.0,1545.0
127240,B248F,300,6.0,6.0,X,0.0,0.93,0.97,0.0,0.0,4.0,2.0,30.0,1462.0,1488.0,0.0,1614.0,1023.0,1509.0
127239,B248F,300,5.0,6.0,X,0.0,0.93,0.97,0.0,0.0,7.0,5.0,18.0,1462.0,1488.0,0.0,1605.0,1735.0,1500.0
127238,B248F,300,4.0,6.0,X,0.0,0.93,0.97,0.0,0.0,5.0,1.0,60.0,1462.0,1488.0,0.0,1602.0,1201.0,1497.0
127237,0BFF6,300,3.0,6.0,X,0.0,0.93,1.0,0.006,0.0,6.0,4.0,45.0,1462.0,1488.0,0.0,1608.0,1534.0,1499.0
127236,0BFF6,300,2.0,6.0,X,0.0,0.93,1.0,0.006,0.0,6.0,8.0,28.0,1462.0,1488.0,0.0,1614.0,1516.0,1493.0
127235,EB041,300,1.0,6.0,X,0.0,0.94,1.0,0.0,0.0,3.0,2.0,29.0,1463.0,1489.0,0.0,1625.0,727.0,1492.0
127234,C635C,300,3.0,3.0,X,0.0,0.9,0.94,0.0,0.0,6.0,5.0,17.0,1460.0,1485.0,0.0,1615.0,1444.0,1499.0
127233,C635C,300,2.0,3.0,X,0.0,0.9,0.94,0.0,0.0,4.0,1.0,59.0,1460.0,1485.0,0.0,1611.0,906.0,1485.0
127232,C635C,300,1.0,3.0,X,0.0,0.9,0.94,0.0,0.0,5.0,4.0,44.0,1460.0,1485.0,1616.9822998046875,1623.0,1204.0,1490.0
127231,A0D69,300,3.0,3.0,X,0.02,0.18,0.21,0.0,0.0,5.0,8.0,27.0,1510.0,1550.0,1666.3060302734375,1667.0,1192.0,1557.0
127230,A0D69,300,2.0,3.0,X,0.02,0.18,0.21,0.0,0.0,2.0,2.0,28.0,1510.0,1550.0,1662.286865234375,1671.0,405.0,1557.0
127229,A0D69,300,6.0,8.0,X,0.02,0.18,0.21,0.0,0.0,5.0,5.0,16.0,1510.0,1550.0,1660.2696533203125,1689.0,1108.0,1563.0
127228,A0D69,300,5.0,8.0,X,0.02,0.18,0.21,0.0,0.0,3.0,1.0,58.0,1510.0,1550.0,1659.4876708984375,1672.0,576.0,1552.0
127227,A0D69,300,4.0,8.0,X,0.02,0.18,0.21,0.0,0.0,4.0,4.0,43.0,1510.0,1550.0,1659.5135498046875,1657.0,876.0,1541.0
127226,A0D69,300,3.0,8.0,X,0.02,0.18,0.21,0.0,0.0,4.0,8.0,26.0,1510.0,1550.0,1663.6248779296875,1658.0,871.0,1547.0
127225,51C01,300,1.0,8.0,X,0.02,0.15,0.18,0.0,0.02,4.0,5.0,15.0,1511.0,1556.0,1688.82763671875,1668.0,838.0,1544.0
127224,51C01,300,1.0,8.0,X,0.02,0.15,0.18,0.0,0.02,1.0,2.0,27.0,1511.0,1556.0,1702.858154296875,1689.0,0.0,1569.0
127223,16F90,300,5.0,5.0,B,0.02,0.36,0.38,0.0,0.02,2.0,1.0,57.0,1490.0,1535.0,1642.5538330078125,1652.0,241.0,1544.0
127222,28B54,300,4.0,5.0,B,0.01,0.32,0.35,0.0,0.015,3.0,4.0,42.0,1490.0,1535.0,1652.506103515625,1648.0,534.0,1540.0
127221,28B54,300,3.0,5.0,B,0.01,0.32,0.35,0.0,0.015,3.0,8.0,25.0,1490.0,1535.0,1648.6138916015625,1638.0,528.0,1547.0
127220,28B54,300,2.0,5.0,B,0.01,0.32,0.35,0.0,0.015,3.0,5.0,14.0,1490.0,1535.0,1646.130859375,1652.0,525.0,1543.0
127219,28B54,300,1.0,5.0,B,0.01,0.32,0.35,0.0,0.015,1.0,1.0,56.0,1490.0,1535.0,1687.889404296875,1690.0,0.0,1545.0
127218,3B7FC,300,8.0,8.0,X,0.005,0.46,0.5,0.0,0.015,2.0,4.0,41.0,1480.0,1525.0,1634.9185791015625,1633.0,274.0,1527.0
127217,3B7FC,300,7.0,8.0,X,0.005,0.46,0.5,0.0,0.015,2.0,8.0,24.0,1480.0,1525.0,1630.841796875,1634.0,252.0,1529.0
127216,3B7FC,300,6.0,8.0,X,0.005,0.46,0.5,0.0,0.015,2.0,5.0,13.0,1480.0,1525.0,1626.3824462890625,1638.0,237.0,1536.0
127215,3B7FC,300,5.0,8.0,X,0.005,0.46,0.5,0.0,0.015,2.0,2.0,26.0,1480.0,1525.0,1625.91796875,1633.0,235.0,1538.0
127214,3B7FC,300,4.0,8.0,X,0.005,0.46,0.5,0.0,0.015,1.0,4.0,40.0,1480.0,1525.0,1640.2327880859375,1647.0,0.0,1532.0
127213,A2DFA,300,3.0,8.0,X,0.005,0.43,0.5,0.0,0.0,1.0,8.0,23.0,1480.0,1525.0,1637.157470703125,1640.0,0.0,1533.0
127212,A2DFA,300,2.0,8.0,X,0.005,0.43,0.5,0.0,0.0,1.0,5.0,12.0,1480.0,1525.0,1637.5411376953125,1636.0,0.0,1543.0
127211,A2DFA,300,1.0,8.0,X,0.005,0.43,0.5,0.0,0.0,1.0,2.0,25.0,1480.0,1525.0,1671.37255859375,1679.0,0.0,1542.0
127210,FC47C,150,3.0,3.0,X,0.015,0.45,0.48,0.0,0.01,9.0,8.0,22.0,1482.0,1537.0,1647.6861572265625,1662.0,3205.0,1539.0
127209,FC47C,150,2.0,3.0,X,0.015,0.45,0.48,0.0,0.01,8.0,1.0,55.0,1482.0,1537.0,1641.1552734375,1639.0,2629.0,1545.0
127208,FC47C,150,6.0,10.0,X,0.015,0.45,0.48,0.0,0.01,4.0,5.0,11.0,1482.0,1537.0,1640.725830078125,1645.0,923.0,1560.0
127207,FC47C,150,5.0,10.0,X,0.015,0.45,0.48,0.0,0.01,4.0,4.0,39.0,1482.0,1537.0,1641.8922119140625,1643.0,933.0,1538.0
127206,FC47C,150,4.0,10.0,X,0.015,0.45,0.48,0.0,0.01,4.0,2.0,24.0,1482.0,1537.0,1641.743896484375,1644.0,921.0,1544.0
127205,FC47C,150,3.0,10.0,X,0.015,0.45,0.48,0.0,0.01,8.0,8.0,21.0,1482.0,1537.0,1642.0567626953125,1644.0,2730.0,1541.0
127204,FC47C,150,2.0,10.0,X,0.015,0.45,0.48,0.0,0.01,7.0,1.0,54.0,1482.0,1537.0,1640.84716796875,1643.0,2328.0,1544.0
127203,FC47C,150,1.0,10.0,X,0.015,0.45,0.48,0.0,0.01,3.0,5.0,10.0,1482.0,1537.0,1652.0628662109375,1657.0,612.0,1546.0
127202,7FEAB,150,3.0,3.0,X,0.02,0.19,0.21,0.009,0.02,3.0,4.0,38.0,1506.0,1551.0,1677.3009033203125,1679.0,618.0,1557.0
127201,7FEAB,150,2.0,3.0,X,0.02,0.19,0.21,0.009,0.02,3.0,2.0,23.0,1506.0,1551.0,1673.9925537109375,1677.0,611.0,1560.0
127200,7FEAB,150,1.0,3.0,X,0.02,0.19,0.21,0.009,0.02,7.0,8.0,20.0,1506.0,1551.0,1695.52099609375,1689.0,2428.0,1555.0
127199,D63DF,150,6.0,6.0,V,0.005,0.37,0.4,0.01,0.03,6.0,1.0,53.0,1480.0,1535.0,1640.3973388671875,1653.0,2020.0,1556.0
127198,D63DF,150,5.0,6.0,V,0.005,0.37,0.4,0.01,0.03,2.0,5.0,9.0,1480.0,1535.0,1635.87939453125,1644.0,309.0,1548.0
127197,D63DF,150,4.0,6.0,V,0.005,0.37,0.4,0.01,0.03,2.0,4.0,37.0,1480.0,1535.0,1637.8985595703125,1635.0,318.0,1535.0
127196,EB567,150,3.0,6.0,V,0.01,0.35,0.38,0.016,0.045,2.0,2.0,22.0,1480.0,1540.0,1648.9266357421875,1658.0,315.0,1549.0
127195,EB567,150,2.0,6.0,V,0.01,0.35,0.38,0.016,0.045,6.0,8.0,19.0,1480.0,1540.0,1645.0892333984375,1656.0,2127.0,1545.0
127194,EB567,150,1.0,6.0,V,0.01,0.35,0.38,0.016,0.045,5.0,1.0,52.0,1480.0,1540.0,1659.29833984375,1665.0,1709.0,1531.0
127193,E198F,150,3.0,3.0,X,0.0,0.07,0.1,0.0,0.27,1.0,5.0,8.0,1509.0,1549.0,1644.1431884765625,1657.0,0.0,1578.0
127192,E198F,150,2.0,3.0,X,0.0,0.07,0.1,0.0,0.27,1.0,4.0,36.0,1509.0,1549.0,1639.6400146484375,1642.0,0.0,1566.0
127191,E198F,150,1.0,3.0,X,0.0,0.07,0.1,0.0,0.27,1.0,2.0,21.0,1509.0,1549.0,1659.7261962890625,1656.0,0.0,1555.0
127190,8D915,150,2.0,2.0,X,0.0,0.93,1.0,0.0,0.0,5.0,8.0,18.0,1462.0,1497.0,1612.3013916015625,1614.0,1710.0,1504.0
127189,8D915,150,1.0,3.0,X,0.0,0.93,1.0,0.0,0.0,4.0,1.0,51.0,1462.0,1497.0,1622.269287109375,1625.0,1300.0,1498.0
127188,B0EC5,300,6.0,6.0,V,0.01,0.36,0.39,0.015,0.02,7.0,5.0,7.0,1480.0,1530.0,1641.08544921875,1643.0,2414.0,1547.0
127187,16F90,300,5.0,6.0,B,0.02,0.36,0.38,0.0,0.02,15.0,4.0,35.0,1490.0,1535.0,1652.1888427734375,1655.0,4502.0,1551.0
127186,16F90,300,4.0,6.0,B,0.02,0.36,0.38,0.0,0.02,4.0,8.0,17.0,1490.0,1535.0,1650.746826171875,1649.0,1351.0,1546.0
127185,16F90,300,3.0,6.0,B,0.02,0.36,0.38,0.0,0.02,7.0,2.0,20.0,1490.0,1535.0,1651.4427490234375,1654.0,2555.0,1549.0
127184,16F90,300,2.0,6.0,B,0.02,0.36,0.38,0.0,0.02,3.0,1.0,50.0,1490.0,1535.0,1650.060302734375,1652.0,888.0,1550.0
127183,16F90,300,1.0,6.0,B,0.02,0.36,0.38,0.0,0.02,6.0,5.0,6.0,1490.0,1535.0,1661.1787109375,1670.0,1946.0,1557.0
127182,D351E,300,4.0,4.0,B,0.015,0.33,0.35,0.0,0.01,14.0,4.0,34.0,1490.0,1535.0,1651.9732666015625,1658.0,4034.0,1545.0
127181,FE1F9,300,3.0,4.0,B,0.005,0.33,0.35,0.0,0.015,3.0,8.0,16.0,1491.0,1531.0,1633.9691162109375,1635.0,881.0,1539.0
127180,FE1F9,300,2.0,4.0,B,0.005,0.33,0.35,0.0,0.015,6.0,2.0,19.0,1491.0,1531.0,1628.8092041015625,1633.0,2027.0,1540.0
127179,FE1F9,300,1.0,4.0,B,0.005,0.33,0.35,0.0,0.015,2.0,1.0,49.0,1491.0,1531.0,1656.189453125,1663.0,307.0,1549.0
127178,27A7C,300,5.0,5.0,X,0.02,0.43,0.47,0.0,0.015,5.0,5.0,5.0,1480.0,1515.0,1630.4927978515625,1647.0,1524.0,1539.0
127177,A2DFA,300,4.0,5.0,X,0.005,0.43,0.5,0.0,0.0,13.0,4.0,33.0,1480.0,1525.0,1627.6854248046875,1627.0,3618.0,1539.0
127176,A2DFA,300,3.0,5.0,X,0.005,0.43,0.5,0.0,0.0,2.0,8.0,15.0,1480.0,1525.0,1623.6033935546875,1628.0,474.0,1540.0
127175,A2DFA,300,2.0,5.0,X,0.005,0.43,0.5,0.0,0.0,5.0,2.0,18.0,1480.0,1525.0,1621.5498046875,1620.0,1685.0,1534.0
127174,B131E,300,1.0,5.0,X,0.02,0.46,0.49,0.005,0.02,1.0,1.0,48.0,1483.0,1518.0,1668.235107421875,1670.0,0.0,1533.0
127173,44D42,300,6.0,6.0,V,0.01,0.34,0.37,0.01,0.02,4.0,5.0,4.0,1489.0,1534.0,1649.352783203125,1654.0,1112.0,1563.0
127172,44D42,300,5.0,6.0,V,0.01,0.34,0.37,0.01,0.02,12.0,4.0,32.0,1489.0,1534.0,1648.5828857421875,1652.0,3195.0,1552.0
127171,D04BA,300,4.0,6.0,X,0.02,0.19,0.23,0.01,0.015,4.0,2.0,17.0,1504.0,1544.0,1668.908447265625,1670.0,1329.0,1543.0
127170,5692D,300,3.0,6.0,X,0.015,0.39,0.41,0.0,0.01,1.0,8.0,14.0,1486.0,1521.0,1647.556640625,1651.0,0.0,1540.0
127169,5692D,300,2.0,6.0,X,0.015,0.39,0.41,0.0,0.01,3.0,5.0,3.0,1486.0,1521.0,1640.7054443359375,1643.0,872.0,1540.0
127168,5692D,300,1.0,6.0,X,0.015,0.39,0.41,0.0,0.01,11.0,4.0,31.0,1486.0,1521.0,1651.0980224609375,1654.0,2952.0,1531.0
127167,5692D,300,1.0,7.0,X,0.015,0.39,0.41,0.0,0.01,3.0,2.0,16.0,1486.0,1521.0,1652.8809814453125,1646.0,716.0,1538.0
127166,4A0F0,300,2.0,2.0,X,0.0,0.39,0.42,0.0,0.03,2.0,5.0,2.0,1488.0,1528.0,1652.589111328125,1657.0,301.0,1545.0
127165,4A0F0,300,1.0,2.0,X,0.0,0.39,0.42,0.0,0.03,1.0,4.0,31.0,1488.0,1528.0,1670.5347900390625,1648.0,0.0,1528.0
127164,4A0F0,300,1.0,3.0,X,0.0,0.39,0.42,0.0,0.03,1.0,8.0,12.0,1488.0,1528.0,1671.0791015625,1682.0,0.0,1536.0
127163,4A0F0,300,2.0,2.0,X,0.0,0.39,0.42,0.0,0.03,2.0,2.0,15.0,1488.0,1528.0,1646.3883056640625,1659.0,401.0,1539.0
127162,4A0F0,300,1.0,2.0,X,0.0,0.39,0.42,0.0,0.03,1.0,5.0,1.0,1488.0,1528.0,1671.333251953125,1676.0,0.0,1538.0
127161,4A0F0,300,1.0,1.0,X,0.0,0.39,0.42,0.0,0.03,1.0,2.0,14.0,1488.0,1528.0,0.0,1673.0,0.0,1537.0
127160,FE93C,300,1.0,1.0,X,0.01,0.4,0.42,0.0,0.015,1.0,8.0,11.0,1487.0,1527.0,0.0,1669.0,0.0,1536.0
127159,77C04,300,3.0,3.0,X,0.02,0.17,0.22,0.01,0.01,22.0,3.0,52.0,1502.0,1547.0,1673.224609375,1679.0,6509.0,1551.0
127158,77C04,300,2.0,3.0,X,0.02,0.17,0.22,0.01,0.01,10.0,8.0,10.0,1502.0,1547.0,1670.5858154296875,1671.0,2632.0,1553.0
127157,77C04,300,1.0,3.0,X,0.02,0.17,0.22,0.01,0.01,11.0,2.0,13.0,1502.0,1547.0,1689.595703125,1689.0,2870.0,1562.0
127156,A63F7,300,4.0,4.0,V,0.01,0.41,0.43,0.014,0.02,10.0,4.0,30.0,1475.0,1525.0,1643.66455078125,1647.0,2606.0,1530.0
127155,16F90,300,3.0,4.0,B,0.02,0.34,0.36,0.0,0.02,21.0,1.0,47.0,1490.0,1535.0,1647.9720458984375,1650.0,6061.0,1547.0
127154,16F90,300,2.0,4.0,B,0.02,0.34,0.36,0.0,0.02,21.0,3.0,51.0,1490.0,1535.0,1645.9881591796875,1647.0,6198.0,1544.0
127153,28B54,300,1.0,4.0,B,0.01,0.32,0.35,0.0,0.015,9.0,8.0,9.0,1490.0,1535.0,1670.547119140625,1677.0,2326.0,1536.0
127152,D63DF,300,7.0,7.0,V,0.005,0.37,0.4,0.01,0.03,10.0,2.0,12.0,1480.0,1525.0,1628.6839599609375,1645.0,2590.0,1540.0
127151,D63DF,300,6.0,7.0,V,0.005,0.37,0.4,0.01,0.03,9.0,4.0,29.0,1480.0,1525.0,1626.164794921875,1632.0,2335.0,1533.0
127150,D63DF,300,5.0,7.0,V,0.005,0.37,0.4,0.01,0.03,20.0,1.0,46.0,1480.0,1525.0,1627.0408935546875,1633.0,5794.0,1528.0
127149,D63DF,300,4.0,7.0,V,0.005,0.37,0.4,0.01,0.03,20.0,3.0,50.0,1480.0,1525.0,1626.2994384765625,1629.0,5927.0,1534.0
127148,D63DF,300,3.0,7.0,V,0.005,0.37,0.4,0.01,0.03,8.0,8.0,8.0,1480.0,1525.0,1621.839599609375,1647.0,2053.0,1540.0
127147,D63DF,300,2.0,7.0,V,0.005,0.37,0.4,0.01,0.03,9.0,2.0,11.0,1480.0,1525.0,1621.1746826171875,1634.0,2318.0,1527.0
127146,31262,300,1.0,7.0,X,0.01,0.46,0.48,0.01,0.0,8.0,4.0,28.0,1480.0,1525.0,1658.8621826171875,1658.0,2064.0,1540.0
127145,D63DF,300,7.0,7.0,V,0.005,0.37,0.4,0.01,0.03,19.0,1.0,45.0,1480.0,1525.0,1627.642822265625,1629.0,5522.0,1531.0
127144,D63DF,300,6.0,7.0,V,0.005,0.37,0.4,0.01,0.03,19.0,3.0,49.0,1480.0,1525.0,1625.806640625,1628.0,5664.0,1531.0
127143,D63DF,300,5.0,7.0,V,0.005,0.37,0.4,0.01,0.03,7.0,8.0,7.0,1480.0,1525.0,1631.4052734375,1640.0,1779.0,1526.0
127142,D63DF,300,4.0,7.0,V,0.005,0.37,0.4,0.01,0.03,8.0,2.0,10.0,1480.0,1525.0,1625.3509521484375,1635.0,2036.0,1524.0
127141,D63DF,300,3.0,7.0,V,0.005,0.37,0.4,0.01,0.03,7.0,4.0,27.0,1480.0,1525.0,1622.271728515625,1623.0,1775.0,1528.0
127140,D63DF,300,2.0,7.0,V,0.005,0.37,0.4,0.01,0.03,18.0,1.0,44.0,1480.0,1525.0,1627.376220703125,1631.0,5221.0,1535.0
127139,28B54,300,1.0,1.0,B,0.01,0.32,0.35,0.0,0.015,18.0,3.0,48.0,1490.0,1535.0,1647.4700927734375,1658.0,5346.0,1534.0
127138,28B54,300,6.0,7.0,B,0.01,0.32,0.35,0.0,0.015,6.0,8.0,6.0,1490.0,1535.0,1645.3896484375,1646.0,1471.0,1536.0
127137,28B54,300,5.0,7.0,B,0.01,0.32,0.35,0.0,0.015,7.0,2.0,9.0,1490.0,1535.0,1645.824951171875,1648.0,1721.0,1539.0
127136,28B54,300,4.0,7.0,B,0.01,0.32,0.35,0.0,0.015,6.0,4.0,26.0,1490.0,1535.0,1648.974853515625,1648.0,1452.0,1549.0
127135,28B54,300,3.0,7.0,B,0.01,0.32,0.35,0.0,0.015,17.0,1.0,43.0,1490.0,1535.0,1648.974853515625,1651.0,4907.0,1547.0
127134,28B54,300,2.0,7.0,B,0.01,0.32,0.35,0.0,0.015,17.0,3.0,47.0,1490.0,1535.0,1648.5721435546875,1646.0,5051.0,1542.0
127133,28B54,300,1.0,7.0,B,0.01,0.32,0.35,0.0,0.015,5.0,8.0,5.0,1490.0,1535.0,1670.7874755859375,1670.0,1181.0,1542.0
127132,28B54,300,7.0,7.0,B,0.01,0.32,0.35,0.0,0.015,6.0,2.0,8.0,1490.0,1535.0,1652.880859375,1656.0,1431.0,1540.0
127131,28B54,300,6.0,7.0,B,0.01,0.32,0.35,0.0,0.015,5.0,4.0,25.0,1490.0,1535.0,1653.451904296875,1656.0,1176.0,1541.0
127130,28B54,300,5.0,7.0,B,0.01,0.32,0.35,0.0,0.015,16.0,1.0,42.0,1490.0,1535.0,1658.1827392578125,1655.0,4627.0,1541.0
127129,28B54,300,4.0,7.0,B,0.01,0.32,0.35,0.0,0.015,16.0,3.0,46.0,1490.0,1535.0,1656.705078125,1657.0,4765.0,1545.0
127128,28B54,300,3.0,7.0,B,0.01,0.32,0.35,0.0,0.015,4.0,8.0,4.0,1490.0,1535.0,1654.8074951171875,1655.0,879.0,1548.0
127127,28B54,300,2.0,7.0,B,0.01,0.32,0.35,0.0,0.015,5.0,2.0,7.0,1490.0,1535.0,1652.729736328125,1656.0,1137.0,1540.0
127126,28B54,300,1.0,7.0,B,0.01,0.32,0.35,0.0,0.015,4.0,4.0,24.0,1490.0,1535.0,1677.046142578125,1676.0,878.0,1535.0
127125,28B54,300,7.0,7.0,B,0.01,0.32,0.35,0.0,0.015,15.0,1.0,41.0,1490.0,1535.0,1659.8677978515625,1659.0,4339.0,1543.0
127124,28B54,300,6.0,7.0,B,0.01,0.32,0.35,0.0,0.015,15.0,3.0,45.0,1490.0,1535.0,1661.5765380859375,1658.0,4483.0,1534.0
127123,28B54,300,5.0,7.0,B,0.01,0.32,0.35,0.0,0.015,3.0,8.0,3.0,1490.0,1535.0,1662.2373046875,1664.0,609.0,1553.0
127122,28B54,300,4.0,7.0,B,0.01,0.32,0.35,0.0,0.015,4.0,2.0,6.0,1490.0,1535.0,1655.0572509765625,1659.0,873.0,1540.0
127121,28B54,300,3.0,7.0,B,0.01,0.32,0.35,0.0,0.015,3.0,4.0,23.0,1490.0,1535.0,1652.3907470703125,1653.0,616.0,1536.0
127120,28B54,300,2.0,7.0,B,0.01,0.32,0.35,0.0,0.015,14.0,1.0,40.0,1490.0,1535.0,1653.518310546875,1657.0,4067.0,1538.0
127119,28B54,300,1.0,7.0,B,0.01,0.32,0.35,0.0,0.015,14.0,3.0,44.0,1490.0,1535.0,1670.859619140625,1671.0,4203.0,1530.0
127118,D033D,300,6.0,6.0,X,0.02,0.47,0.49,0.009,0.0,2.0,8.0,2.0,1480.0,1515.0,1635.2249755859375,1641.0,318.0,1530.0
127117,D033D,300,5.0,6.0,X,0.02,0.47,0.49,0.009,0.0,3.0,2.0,5.0,1480.0,1515.0,1624.6668701171875,1627.0,565.0,1522.0
127116,D033D,300,4.0,6.0,X,0.02,0.47,0.49,0.009,0.0,2.0,4.0,22.0,1480.0,1515.0,1629.5089111328125,1629.0,305.0,1533.0
127115,D033D,300,3.0,6.0,X,0.02,0.47,0.49,0.009,0.0,13.0,1.0,39.0,1480.0,1515.0,1624.371826171875,1621.0,3752.0,1526.0
127114,258E9,300,2.0,6.0,X,0.01,0.32,0.35,0.0,0.0,13.0,3.0,43.0,1488.0,1528.0,1631.4073486328125,1637.0,3885.0,1535.0
127113,258E9,300,1.0,6.0,X,0.01,0.32,0.35,0.0,0.0,1.0,8.0,1.0,1488.0,1528.0,1675.4898681640625,1680.0,0.0,1538.0
127112,6D507,300,6.0,6.0,X,0.02,0.27,0.29,0.009,0.02,2.0,2.0,4.0,1500.0,1540.0,1651.7086181640625,1661.0,260.0,1553.0
127111,6D507,300,5.0,6.0,X,0.02,0.27,0.29,0.009,0.02,1.0,4.0,21.0,1500.0,1540.0,1668.4686279296875,1656.0,0.0,1563.0
127110,6D507,300,4.0,6.0,X,0.02,0.27,0.29,0.009,0.02,12.0,1.0,38.0,1500.0,1540.0,1662.4393310546875,1665.0,3453.0,1542.0
127109,E1CE3,300,3.0,6.0,X,0.01,0.37,0.39,0.0,0.0,12.0,3.0,42.0,1485.0,1525.0,1640.929443359375,1650.0,3583.0,1537.0
127108,E1CE3,300,2.0,6.0,X,0.01,0.37,0.39,0.0,0.0,1.0,2.0,3.0,1485.0,1525.0,1661.329345703125,1678.0,0.0,1547.0
127107,E1CE3,300,2.0,2.0,X,0.01,0.37,0.39,0.0,0.0,11.0,1.0,37.0,1485.0,1525.0,1645.112060546875,1649.0,2922.0,1544.0
127106,E1CE3,300,2.0,8.0,X,0.01,0.37,0.39,0.0,0.0,11.0,3.0,41.0,1485.0,1525.0,1644.8116455078125,1657.0,3064.0,1532.0
127105,E1CE3,300,1.0,8.0,X,0.01,0.37,0.39,0.0,0.0,1.0,6.0,63.0,1485.0,1525.0,1674.5150146484375,1673.0,0.0,1536.0
127104,2D42F,300,6.0,6.0,B,0.005,0.36,0.39,0.0,0.01,11.0,4.0,19.0,1492.0,1547.0,1670.5928955078125,1678.0,2817.0,1564.0
127103,2D42F,300,5.0,6.0,B,0.005,0.36,0.39,0.0,0.01,2.0,2.0,2.0,1492.0,1547.0,1671.346435546875,1687.0,223.0,1571.0
127102,2D42F,300,4.0,6.0,B,0.005,0.36,0.39,0.0,0.01,10.0,1.0,36.0,1492.0,1547.0,1671.6336669921875,1672.0,2635.0,1543.0
127101,2D42F,300,3.0,6.0,B,0.005,0.36,0.39,0.0,0.01,10.0,3.0,40.0,1492.0,1547.0,1673.4124755859375,1671.0,2775.0,1551.0
127100,2D42F,300,2.0,6.0,B,0.005,0.36,0.39,0.0,0.01,10.0,4.0,18.0,1492.0,1547.0,1664.3082275390625,1672.0,2583.0,1555.0
127099,2D42F,300,1.0,6.0,B,0.005,0.36,0.39,0.0,0.01,1.0,2.0,1.0,1492.0,1547.0,1717.8690185546875,1715.0,0.0,1558.0
127098,7FEAB,300,6.0,6.0,X,0.02,0.19,0.21,0.009,0.02,8.0,15.0,45.0,1506.0,1546.0,1660.4427490234375,1675.0,2114.0,1555.0
127097,7FEAB,300,5.0,6.0,X,0.02,0.19,0.21,0.009,0.02,9.0,3.0,39.0,1506.0,1546.0,1665.2086181640625,1668.0,2482.0,1544.0
127096,7FEAB,300,4.0,6.0,X,0.02,0.19,0.21,0.009,0.02,9.0,1.0,35.0,1506.0,1546.0,1664.8515625,1677.0,2228.0,1540.0
127095,7FEAB,300,3.0,6.0,X,0.02,0.19,0.21,0.009,0.02,9.0,4.0,17.0,1506.0,1546.0,1664.25439453125,1676.0,2237.0,1543.0
127094,7FEAB,300,2.0,6.0,X,0.02,0.19,0.21,0.009,0.02,8.0,6.0,62.0,1506.0,1546.0,1659.222900390625,1674.0,2241.0,1554.0
127093,7FEAB,300,1.0,6.0,X,0.02,0.19,0.21,0.009,0.02,7.0,15.0,44.0,1506.0,1546.0,1691.276611328125,1688.0,1824.0,1554.0
127092,7FEAB,300,7.0,7.0,X,0.02,0.19,0.21,0.009,0.02,8.0,3.0,38.0,1506.0,1546.0,1667.1199951171875,1685.0,2191.0,1560.0
127091,7FEAB,300,6.0,7.0,X,0.02,0.19,0.21,0.009,0.02,8.0,1.0,34.0,1506.0,1546.0,1657.4097900390625,1676.0,1938.0,1555.0
127090,7FEAB,300,5.0,7.0,X,0.02,0.19,0.21,0.009,0.02,8.0,4.0,16.0,1506.0,1546.0,1674.2520751953125,1674.0,1939.0,1540.0
127089,7FEAB,300,4.0,7.0,X,0.02,0.19,0.21,0.009,0.02,7.0,6.0,61.0,1506.0,1546.0,1666.7406005859375,1679.0,1954.0,1551.0
127088,7FEAB,300,3.0,7.0,X,0.02,0.19,0.21,0.009,0.02,6.0,15.0,43.0,1506.0,1546.0,1657.4736328125,1674.0,1485.0,1563.0
127087,D398B,300,2.0,7.0,X,0.02,0.2,0.22,0.009,0.02,7.0,1.0,33.0,1506.0,1551.0,1675.931884765625,1678.0,1658.0,1554.0
127086,D398B,300,1.0,7.0,X,0.02,0.2,0.22,0.009,0.02,7.0,3.0,37.0,1506.0,1551.0,1689.8076171875,1674.0,1794.0,1561.0
127085,87A17,300,4.0,4.0,X,0.022,0.2,0.22,0.0,0.02,7.0,4.0,15.0,1505.0,1535.0,1654.2376708984375,1662.0,1609.0,1537.0
127084,87A17,300,3.0,4.0,X,0.022,0.2,0.22,0.0,0.02,6.0,6.0,60.0,1505.0,1535.0,1655.2515869140625,1665.0,1620.0,1537.0
127083,C2394,300,2.0,4.0,X,0.02,0.17,0.22,0.01,0.01,5.0,15.0,42.0,1502.0,1537.0,1651.2020263671875,1655.0,1210.0,1542.0
127082,77C04,300,1.0,4.0,X,0.02,0.17,0.22,0.01,0.01,6.0,6.0,60.0,1502.0,1547.0,1689.8226318359375,1695.0,1471.0,1556.0
127081,FE39B,300,5.0,5.0,X,0.02,0.21,0.23,0.0,0.02,6.0,3.0,36.0,1503.0,1548.0,1665.63818359375,1666.0,1467.0,1544.0
127080,FE39B,300,4.0,5.0,X,0.02,0.21,0.23,0.0,0.02,6.0,4.0,14.0,1503.0,1548.0,1661.096923828125,1663.0,1282.0,1551.0
127079,FE39B,300,3.0,5.0,X,0.02,0.21,0.23,0.0,0.02,5.0,1.0,31.0,1503.0,1548.0,1659.541748046875,1659.0,1165.0,1552.0
127078,FE39B,300,2.0,5.0,X,0.02,0.21,0.23,0.0,0.02,4.0,15.0,41.0,1503.0,1548.0,1659.541748046875,1663.0,880.0,1559.0
127077,FE39B,300,1.0,5.0,X,0.02,0.21,0.23,0.0,0.02,5.0,6.0,59.0,1503.0,1548.0,1685.99072265625,1684.0,1173.0,1567.0
127076,FE39B,300,5.0,5.0,X,0.02,0.21,0.23,0.0,0.02,5.0,4.0,13.0,1503.0,1548.0,1664.5496826171875,1677.0,1049.0,1557.0
127075,FE39B,300,4.0,5.0,X,0.02,0.21,0.23,0.0,0.02,5.0,3.0,35.0,1503.0,1548.0,1670.368408203125,1667.0,1127.0,1562.0
127074,FE39B,300,3.0,5.0,X,0.02,0.21,0.23,0.0,0.02,4.0,1.0,30.0,1503.0,1548.0,1668.8768310546875,1674.0,873.0,1538.0
127073,FE39B,300,2.0,5.0,X,0.02,0.21,0.23,0.0,0.02,3.0,15.0,40.0,1503.0,1548.0,1670.8519287109375,1678.0,587.0,1554.0
127072,FE39B,300,1.0,5.0,X,0.02,0.21,0.23,0.0,0.02,4.0,6.0,58.0,1503.0,1548.0,1689.6239013671875,1690.0,884.0,1560.0
127071,37728,300,2.0,2.0,X,0.015,0.21,0.23,0.008,0.02,4.0,4.0,12.0,1504.0,1544.0,1656.1810302734375,1654.0,754.0,1545.0
127070,9C4F0,300,7.0,8.0,X,0.015,0.18,0.23,0.01,0.0,4.0,3.0,34.0,1504.0,1544.0,1658.202392578125,1676.0,824.0,1547.0
127069,15493,300,6.0,8.0,X,0.01,0.38,0.43,0.0,0.0,3.0,1.0,29.0,1485.0,1525.0,1644.661376953125,1648.0,574.0,1536.0
127068,E86A6,300,5.0,8.0,X,0.018,0.28,0.31,0.007,0.015,2.0,15.0,39.0,1497.0,1537.0,1650.4630126953125,1653.0,287.0,1547.0
127067,E86A6,300,4.0,8.0,X,0.018,0.28,0.31,0.007,0.015,3.0,6.0,57.0,1497.0,1537.0,1646.9293212890625,1653.0,591.0,1545.0
127066,E86A6,300,3.0,8.0,X,0.018,0.28,0.31,0.007,0.015,3.0,4.0,11.0,1497.0,1537.0,1653.1630859375,1655.0,471.0,1556.0
127065,E86A6,300,2.0,8.0,X,0.018,0.28,0.31,0.007,0.015,3.0,3.0,33.0,1497.0,1537.0,1658.2506103515625,1651.0,542.0,1547.0
127064,E86A6,300,1.0,8.0,X,0.018,0.28,0.31,0.007,0.015,2.0,1.0,28.0,1497.0,1537.0,1665.31494140625,1667.0,283.0,1551.0
127063,E86A6,300,8.0,8.0,X,0.018,0.28,0.31,0.007,0.015,1.0,15.0,38.0,1497.0,1537.0,1664.3411865234375,1673.0,0.0,1554.0
127062,E86A6,300,7.0,8.0,X,0.018,0.28,0.31,0.007,0.015,2.0,4.0,10.0,1497.0,1537.0,1645.981689453125,1649.0,238.0,1551.0
127061,E86A6,300,6.0,8.0,X,0.018,0.28,0.31,0.007,0.015,2.0,6.0,56.0,1497.0,1537.0,1649.5926513671875,1647.0,252.0,1553.0
127060,E86A6,300,5.0,8.0,X,0.018,0.28,0.31,0.007,0.015,2.0,3.0,32.0,1497.0,1537.0,1649.48779296875,1652.0,257.0,1551.0
127059,E86A6,300,4.0,8.0,X,0.018,0.28,0.31,0.007,0.015,1.0,1.0,27.0,1497.0,1537.0,1664.42822265625,1663.0,0.0,1540.0
127058,E86A6,300,3.0,8.0,X,0.018,0.28,0.31,0.007,0.015,1.0,4.0,9.0,1497.0,1537.0,1668.7486572265625,1678.0,0.0,1551.0
127057,E86A6,300,2.0,8.0,X,0.018,0.28,0.31,0.007,0.015,1.0,6.0,55.0,1497.0,1537.0,1662.3604736328125,1674.0,0.0,1555.0
127056,E86A6,300,1.0,8.0,X,0.018,0.28,0.31,0.007,0.015,1.0,3.0,31.0,1497.0,1537.0,1690.1005859375,1699.0,0.0,1557.0
127055,8F8C3,150,1.0,1.0,X,0.015,0.19,0.22,0.009,0.025,12.0,15.0,37.0,1502.0,1557.0,1679.5670166015625,1679.0,3339.0,1557.0
127054,3B7FC,150,4.0,4.0,X,0.005,0.46,0.5,0.0,0.015,24.0,6.0,54.0,1480.0,1525.0,1619.281005859375,1619.0,6912.0,1530.0
127053,3B7FC,150,3.0,4.0,X,0.005,0.46,0.5,0.0,0.015,8.0,4.0,8.0,1480.0,1525.0,1615.088134765625,1617.0,2233.0,1528.0
127052,3B7FC,150,2.0,4.0,X,0.005,0.46,0.5,0.0,0.015,26.0,1.0,26.0,1480.0,1525.0,1615.83740234375,1619.0,7192.0,1529.0
127051,57DF3,150,1.0,4.0,B,0.005,0.4,0.42,0.0,0.01,27.0,3.0,30.0,1486.0,1531.0,1652.313720703125,1653.0,7710.0,1539.0
127050,EB567,150,5.0,5.0,V,0.01,0.35,0.38,0.016,0.045,11.0,15.0,36.0,1480.0,1540.0,1648.373779296875,1650.0,3020.0,1544.0
127049,EB567,150,4.0,5.0,V,0.01,0.35,0.38,0.016,0.045,23.0,6.0,53.0,1480.0,1540.0,1647.4779052734375,1651.0,6591.0,1546.0
127048,FB6D2,150,3.0,5.0,X,0.01,0.46,0.5,0.0,0.02,7.0,4.0,7.0,1480.0,1525.0,1609.345947265625,1613.0,1908.0,1538.0
127047,4D097,150,2.0,5.0,X,0.015,0.51,0.55,0.0,0.01,25.0,1.0,25.0,1487.0,1537.0,1642.0177001953125,1641.0,6902.0,1548.0
127046,4D097,150,1.0,5.0,X,0.015,0.51,0.55,0.0,0.01,26.0,3.0,29.0,1487.0,1537.0,1661.552001953125,1657.0,7423.0,1533.0
127045,EEED2,150,9.0,9.0,X,0.005,0.5,0.52,0.0,0.06,10.0,15.0,35.0,1485.0,1535.0,1631.771728515625,1650.0,2731.0,1553.0
127044,15370,150,8.0,9.0,X,0.01,0.45,0.48,0.0,0.02,22.0,6.0,52.0,1480.0,1525.0,1635.0640869140625,1637.0,6301.0,1539.0
127043,11307,150,7.0,9.0,X,0.01,0.45,0.5,0.0,0.02,6.0,4.0,6.0,1480.0,1525.0,1619.962646484375,1645.0,1617.0,1547.0
127042,27A7C,150,6.0,9.0,X,0.02,0.43,0.47,0.0,0.015,24.0,1.0,24.0,1480.0,1530.0,1636.9837646484375,1645.0,6602.0,1540.0
127041,27A7C,150,5.0,9.0,X,0.02,0.43,0.47,0.0,0.015,25.0,3.0,28.0,1480.0,1530.0,1635.4036865234375,1639.0,7120.0,1531.0
127040,87C74,150,4.0,9.0,X,0.02,0.45,0.5,0.0,0.02,9.0,15.0,34.0,1480.0,1525.0,1626.2862548828125,1640.0,2414.0,1540.0
127039,87C74,150,3.0,9.0,X,0.02,0.45,0.5,0.0,0.02,21.0,6.0,51.0,1480.0,1525.0,1624.290771484375,1639.0,5988.0,1546.0
127038,87C74,150,2.0,9.0,X,0.02,0.45,0.5,0.0,0.02,5.0,4.0,5.0,1480.0,1525.0,1628.041259765625,1643.0,1263.0,1544.0
127037,FC47C,150,1.0,9.0,X,0.015,0.45,0.48,0.0,0.01,23.0,1.0,23.0,1482.0,1537.0,1659.098876953125,1665.0,6253.0,1543.0
127036,7FEAB,150,4.0,4.0,X,0.02,0.19,0.21,0.009,0.02,24.0,3.0,27.0,1506.0,1551.0,1683.2568359375,1690.0,6772.0,1541.0
127035,7FEAB,150,3.0,4.0,X,0.02,0.19,0.21,0.009,0.02,8.0,15.0,33.0,1506.0,1551.0,1679.3004150390625,1691.0,2088.0,1557.0
127034,7FEAB,150,2.0,4.0,X,0.02,0.19,0.21,0.009,0.02,20.0,6.0,50.0,1506.0,1551.0,1675.93994140625,1686.0,5653.0,1555.0
127033,7FEAB,150,1.0,4.0,X,0.02,0.19,0.21,0.009,0.02,4.0,4.0,4.0,1506.0,1551.0,1704.572998046875,1710.0,965.0,1559.0
127032,7FEAB,150,4.0,8.0,X,0.02,0.19,0.21,0.009,0.02,22.0,1.0,22.0,1506.0,1551.0,1678.5765380859375,1676.0,5949.0,1550.0
127031,7FEAB,150,3.0,8.0,X,0.02,0.19,0.21,0.009,0.02,23.0,3.0,26.0,1506.0,1551.0,1677.1505126953125,1680.0,6469.0,
127030,7FEAB,150,2.0,8.0,X,0.02,0.19,0.21,0.009,0.02,7.0,15.0,32.0,1506.0,1551.0,1679.3714599609375,1683.0,1745.0,1555.0
127029,7FEAB,150,1.0,8.0,X,0.02,0.19,0.21,0.009,0.02,19.0,6.0,49.0,1506.0,1551.0,1692.743896484375,1690.0,5314.0,1560.0
127028,D398B,150,3.0,3.0,X,0.02,0.2,0.22,0.009,0.02,3.0,4.0,3.0,1506.0,1551.0,1672.5980224609375,1676.0,636.0,1562.0
127027,D398B,150,2.0,3.0,X,0.02,0.2,0.22,0.009,0.02,21.0,1.0,21.0,1506.0,1551.0,1664.667236328125,1666.0,5625.0,1556.0
127026,D398B,150,1.0,3.0,X,0.02,0.2,0.22,0.009,0.02,22.0,3.0,25.0,1506.0,1551.0,1675.7418212890625,1676.0,6131.0,1549.0
127025,4B82B,150,8.0,8.0,X,0.02,0.3,0.33,0.006,0.02,6.0,15.0,31.0,1495.0,1545.0,1652.5703125,1655.0,1391.0,1551.0
127024,4B82B,150,7.0,8.0,X,0.02,0.3,0.33,0.006,0.02,18.0,6.0,48.0,1495.0,1545.0,1650.646484375,1654.0,4965.0,1556.0
127023,4B82B,150,6.0,8.0,X,0.02,0.3,0.33,0.006,0.02,2.0,4.0,2.0,1495.0,1545.0,1660.6353759765625,1672.0,289.0,1550.0
127022,4B82B,150,5.0,8.0,X,0.02,0.3,0.33,0.006,0.02,20.0,1.0,20.0,1495.0,1545.0,1650.6881103515625,1655.0,5282.0,1549.0
127021,4B82B,150,4.0,8.0,X,0.02,0.3,0.33,0.006,0.02,21.0,3.0,24.0,1495.0,1545.0,1651.2823486328125,1658.0,5803.0,1547.0
127020,4B82B,150,3.0,8.0,X,0.02,0.3,0.33,0.006,0.02,5.0,15.0,30.0,1495.0,1545.0,1650.8533935546875,1655.0,1115.0,1554.0
127019,4B82B,150,2.0,8.0,X,0.02,0.3,0.33,0.006,0.02,17.0,6.0,47.0,1495.0,1545.0,1651.806640625,1652.0,4682.0,1554.0
127018,4B82B,150,1.0,8.0,X,0.02,0.3,0.33,0.006,0.02,1.0,4.0,1.0,1495.0,1545.0,1701.7882080078125,1708.0,0.0,1558.0
127017,E109B,150,5.0,5.0,X,0.02,0.2,0.22,0.0,0.02,19.0,1.0,19.0,1502.0,1552.0,1660.30322265625,1669.0,4990.0,1555.0
127016,E109B,150,4.0,5.0,X,0.02,0.2,0.22,0.0,0.02,20.0,3.0,23.0,1502.0,1552.0,1660.0816650390625,1677.0,5498.0,1542.0
127015,87A17,150,3.0,5.0,X,0.022,0.2,0.22,0.0,0.02,4.0,15.0,29.0,1505.0,1555.0,1673.241455078125,1685.0,789.0,1554.0
127014,E7999,150,2.0,5.0,X,0.02,0.16,0.18,0.012,0.01,16.0,6.0,46.0,1506.0,1551.0,1671.43408203125,1675.0,4348.0,1555.0
127013,E7999,150,1.0,5.0,X,0.02,0.16,0.18,0.012,0.01,18.0,1.0,18.0,1506.0,1551.0,1688.8292236328125,1690.0,4665.0,1560.0
127012,8E733,150,3.0,3.0,X,0.02,0.19,0.22,0.01,0.02,19.0,3.0,22.0,1506.0,1551.0,1653.456787109375,1661.0,5165.0,1569.0
127011,8E733,150,2.0,3.0,X,0.02,0.19,0.22,0.01,0.02,3.0,15.0,28.0,1506.0,1551.0,1651.74853515625,1655.0,476.0,1562.0
127010,80160,150,1.0,3.0,X,0.015,0.4,0.45,0.0,0.02,15.0,6.0,45.0,1487.0,1542.0,1669.180419921875,1672.0,4045.0,1558.0
127009,47D7D,150,4.0,4.0,X,0.0,0.37,0.41,0.011,0.08,17.0,1.0,17.0,1480.0,1530.0,1632.56982421875,1649.0,4411.0,1547.0
127008,47D7D,150,3.0,4.0,X,0.0,0.37,0.41,0.011,0.08,18.0,3.0,21.0,1480.0,1530.0,1621.42431640625,1631.0,4929.0,1539.0
127007,9A58C,150,2.0,4.0,X,0.0,0.37,0.45,0.008,0.08,2.0,15.0,27.0,1480.0,1530.0,1632.3321533203125,1635.0,234.0,1542.0
127006,592C4,150,1.0,4.0,X,0.0,0.37,0.4,0.008,0.08,14.0,6.0,44.0,1484.0,1524.0,1653.195556640625,1644.0,3800.0,1541.0
127005,F32D6,150,4.0,4.0,X,0.0,0.4,0.44,0.0,0.03,16.0,1.0,16.0,1485.0,1525.0,1626.57763671875,1631.0,4171.0,1547.0
127004,F32D6,150,3.0,4.0,X,0.0,0.4,0.44,0.0,0.03,17.0,3.0,20.0,1485.0,1525.0,1623.2066650390625,1638.0,4685.0,1542.0
127003,F32D6,150,2.0,4.0,X,0.0,0.4,0.44,0.0,0.03,1.0,15.0,26.0,1485.0,1525.0,1646.0833740234375,1639.0,0.0,1532.0
127002,F32D6,150,1.0,4.0,X,0.0,0.4,0.44,0.0,0.03,13.0,6.0,43.0,1485.0,1525.0,1643.144775390625,1648.0,3571.0,1544.0
127001,27A7C,150,5.0,5.0,X,0.02,0.43,0.47,0.0,0.015,15.0,1.0,15.0,1480.0,1530.0,1642.2520751953125,1657.0,3921.0,1549.0
127000,27A7C,150,4.0,5.0,X,0.02,0.43,0.47,0.0,0.015,16.0,3.0,19.0,1480.0,1530.0,1644.000244140625,1644.0,4443.0,1530.0
126999,27A7C,150,3.0,5.0,X,0.02,0.43,0.47,0.0,0.015,15.0,7.0,47.0,1480.0,1530.0,1636.1953125,1648.0,4224.0,1545.0
126998,27A7C,150,7.0,10.0,X,0.02,0.43,0.47,0.0,0.015,14.0,1.0,14.0,1480.0,1530.0,1631.7855224609375,1650.0,3709.0,1538.0
126997,27A7C,150,6.0,10.0,X,0.02,0.43,0.47,0.0,0.015,12.0,6.0,42.0,1480.0,1530.0,1630.3525390625,1633.0,3228.0,1546.0
126996,27A7C,150,5.0,10.0,X,0.02,0.43,0.47,0.0,0.015,15.0,3.0,18.0,1480.0,1530.0,1635.47607421875,1638.0,4172.0,1542.0
126995,27A7C,150,4.0,10.0,X,0.02,0.43,0.47,0.0,0.015,14.0,7.0,46.0,1480.0,1530.0,1634.020751953125,1646.0,3993.0,1549.0
126994,27A7C,150,3.0,10.0,X,0.02,0.43,0.47,0.0,0.015,13.0,1.0,13.0,1480.0,1530.0,1634.50341796875,1636.0,3471.0,1538.0
126993,A2DFA,150,2.0,10.0,X,0.005,0.43,0.5,0.0,0.0,11.0,6.0,41.0,1480.0,1525.0,1619.0831298828125,1622.0,2985.0,1552.0
126992,4D097,150,1.0,10.0,X,0.015,0.51,0.55,0.0,0.01,14.0,3.0,17.0,1487.0,1537.0,1657.3203125,1654.0,3917.0,1553.0
126991,BB21B,150,6.0,6.0,V,0.0,0.45,0.48,0.018,0.05,13.0,7.0,45.0,1472.0,1517.0,1619.041015625,1639.0,3731.0,1536.0
126990,BB21B,150,5.0,6.0,V,0.0,0.45,0.48,0.018,0.05,12.0,1.0,12.0,1472.0,1517.0,1621.075927734375,1635.0,3214.0,1526.0
126989,F4A5E,150,4.0,6.0,V,0.01,0.35,0.37,0.01,0.045,10.0,6.0,40.0,1482.0,1542.0,1649.2130126953125,1667.0,2726.0,1553.0
126988,F4A5E,150,3.0,6.0,V,0.01,0.35,0.37,0.01,0.045,13.0,3.0,16.0,1482.0,1542.0,1648.3255615234375,1660.0,3667.0,1549.0
126987,F4A5E,150,2.0,6.0,V,0.01,0.35,0.37,0.01,0.045,13.0,8.0,60.0,1482.0,1542.0,1648.6224365234375,1651.0,3750.0,1552.0
126986,44D42,150,1.0,6.0,V,0.01,0.34,0.37,0.01,0.02,12.0,7.0,44.0,1489.0,1534.0,1642.2222900390625,1641.0,3431.0,1549.0
126985,DDC4A,150,5.0,5.0,X,0.01,0.32,0.38,0.0,0.0,11.0,1.0,11.0,1493.0,1543.0,1640.257568359375,1643.0,2915.0,1552.0
126984,DDC4A,150,4.0,5.0,X,0.01,0.32,0.38,0.0,0.0,9.0,6.0,39.0,1493.0,1543.0,1638.0860595703125,1639.0,2433.0,1564.0
126983,E1B6A,150,3.0,5.0,X,0.02,0.18,0.2,0.0,0.015,12.0,3.0,15.0,1501.0,1546.0,1657.4375,1658.0,3373.0,1559.0
126982,E1B6A,150,2.0,5.0,X,0.02,0.18,0.2,0.0,0.015,12.0,8.0,59.0,1501.0,1546.0,1646.82861328125,1645.0,3464.0,1547.0
126981,D2F4A,150,1.0,5.0,V,0.01,0.36,0.38,0.012,0.02,11.0,7.0,43.0,1481.0,1536.0,1666.3486328125,1670.0,3146.0,1558.0
126980,7FEAB,150,4.0,4.0,X,0.02,0.19,0.21,0.009,0.02,10.0,1.0,10.0,1506.0,1551.0,1676.4068603515625,1678.0,2625.0,1557.0
126979,7FEAB,150,3.0,4.0,X,0.02,0.19,0.21,0.009,0.02,8.0,6.0,38.0,1506.0,1551.0,1674.552490234375,1678.0,2142.0,1567.0
126978,7FEAB,150,2.0,4.0,X,0.02,0.19,0.21,0.009,0.02,11.0,3.0,14.0,1506.0,1551.0,1675.3916015625,1685.0,3076.0,1559.0
126977,7FEAB,150,1.0,4.0,X,0.02,0.19,0.21,0.009,0.02,11.0,8.0,58.0,1506.0,1551.0,1693.9935302734375,1693.0,3160.0,1561.0
126976,2CC2D,150,7.0,7.0,X,0.015,0.08,0.11,0.0,0.0,10.0,7.0,42.0,1522.0,1557.0,1660.9793701171875,1673.0,2849.0,1577.0
126975,2CC2D,150,6.0,7.0,X,0.015,0.08,0.11,0.0,0.0,9.0,1.0,9.0,1522.0,1557.0,1649.147705078125,1664.0,2333.0,1568.0
126974,E0B89,150,5.0,7.0,X,0.02,0.22,0.25,0.01,0.015,7.0,6.0,37.0,1501.0,1541.0,1648.898681640625,1655.0,1850.0,1554.0
126973,1E6E6,150,4.0,7.0,X,0.025,0.19,0.23,0.01,0.015,10.0,3.0,13.0,1505.0,1550.0,1652.4678955078125,1656.0,2794.0,1557.0
126972,1E6E6,150,3.0,7.0,X,0.025,0.19,0.23,0.01,0.015,10.0,8.0,57.0,1505.0,1550.0,1652.8475341796875,1655.0,2879.0,1555.0
126971,05ED3,150,2.0,7.0,X,0.01,0.25,0.28,0.009,0.02,9.0,7.0,41.0,1498.0,1538.0,1649.1695556640625,1650.0,2561.0,1549.0
126970,05ED3,150,1.0,7.0,X,0.01,0.25,0.28,0.009,0.02,8.0,1.0,8.0,1498.0,1538.0,1661.10986328125,1664.0,2043.0,1545.0
126969,A7B3C,150,2.0,2.0,X,0.025,0.2,0.23,0.01,0.01,6.0,6.0,36.0,1504.0,1549.0,1651.6080322265625,1650.0,1513.0,1558.0
126968,A7B3C,150,2.0,3.0,X,0.025,0.2,0.23,0.01,0.01,9.0,3.0,12.0,1504.0,1549.0,1647.9720458984375,1645.0,2453.0,1548.0
126967,A7B3C,150,1.0,3.0,X,0.025,0.2,0.23,0.01,0.01,9.0,8.0,56.0,1504.0,1549.0,1668.0474853515625,1665.0,2533.0,1552.0
126966,9E44C,150,7.0,7.0,X,0.02,0.18,0.2,0.01,0.02,7.0,1.0,7.0,1500.0,1540.0,1653.71533203125,1665.0,1745.0,1556.0
126965,9E44C,150,6.0,7.0,X,0.02,0.18,0.2,0.01,0.02,8.0,7.0,40.0,1500.0,1540.0,1650.037109375,1657.0,2148.0,1555.0
126964,E60DC,150,5.0,7.0,X,0.02,0.18,0.2,0.01,0.0,5.0,6.0,35.0,1504.0,1544.0,1644.3675537109375,1642.0,1204.0,1553.0
126963,AA222,150,4.0,7.0,X,0.018,0.19,0.22,0.0,0.025,8.0,3.0,11.0,1502.0,1542.0,1659.296630859375,1657.0,2142.0,1555.0
126962,AA222,150,3.0,7.0,X,0.018,0.19,0.22,0.0,0.025,8.0,8.0,55.0,1502.0,1542.0,1653.960205078125,1656.0,2224.0,1555.0
126961,AA222,150,2.0,7.0,X,0.018,0.19,0.22,0.0,0.025,6.0,1.0,6.0,1502.0,1542.0,1654.56396484375,1656.0,1439.0,1550.0
126960,4F121,150,1.0,7.0,X,0.01,0.38,0.43,0.0,0.0,7.0,7.0,39.0,1480.0,1525.0,1661.825927734375,1665.0,1842.0,1541.0
126959,CA2FD,150,9.0,9.0,X,0.02,0.15,0.17,0.009,0.02,4.0,6.0,34.0,1507.0,1551.0,1662.1207275390625,1666.0,895.0,1564.0
126958,CA2FD,150,8.0,9.0,X,0.02,0.15,0.17,0.009,0.02,7.0,3.0,10.0,1507.0,1551.0,1660.648193359375,1662.0,1837.0,1562.0
126957,CA2FD,150,7.0,9.0,X,0.02,0.15,0.17,0.009,0.02,7.0,8.0,54.0,1507.0,1551.0,1658.925048828125,1661.0,1920.0,1572.0
126956,CA2FD,150,6.0,9.0,X,0.02,0.15,0.17,0.009,0.02,5.0,1.0,5.0,1507.0,1551.0,1659.5693359375,1662.0,1136.0,1561.0
126955,CA2FD,150,5.0,9.0,X,0.02,0.15,0.17,0.009,0.02,6.0,7.0,38.0,1507.0,1551.0,1658.4583740234375,1664.0,1540.0,1555.0
126954,CA2FD,150,4.0,9.0,X,0.02,0.15,0.17,0.009,0.02,3.0,6.0,33.0,1507.0,1551.0,1655.1136474609375,1666.0,600.0,1558.0
126953,CA2FD,150,3.0,9.0,X,0.02,0.15,0.17,0.009,0.02,6.0,3.0,9.0,1507.0,1551.0,1656.727294921875,1664.0,1540.0,1554.0
126952,CA2FD,150,2.0,9.0,X,0.02,0.15,0.17,0.009,0.02,6.0,8.0,53.0,1507.0,1551.0,1661.5565185546875,1662.0,1618.0,1559.0
126951,CA2FD,150,1.0,9.0,X,0.02,0.15,0.17,0.009,0.02,4.0,1.0,4.0,1507.0,1551.0,1684.7467041015625,1688.0,844.0,1561.0
126950,F7AB5,150,7.0,7.0,X,0.015,0.42,0.44,0.0,0.02,5.0,7.0,37.0,1481.0,1526.0,1628.3773193359375,1631.0,1226.0,1531.0
126949,5692D,150,6.0,7.0,X,0.01,0.39,0.41,0.0,0.01,2.0,6.0,32.0,1486.0,1531.0,1630.4925537109375,1637.0,284.0,1545.0
126948,57414,150,5.0,7.0,X,0.01,0.38,0.43,0.0,0.02,5.0,3.0,8.0,1486.0,1531.0,1632.363037109375,1639.0,1229.0,1541.0
126947,57414,150,4.0,7.0,X,0.01,0.38,0.43,0.0,0.02,5.0,8.0,52.0,1486.0,1531.0,1627.3148193359375,1630.0,1317.0,1531.0
126946,57414,150,3.0,7.0,X,0.01,0.38,0.43,0.0,0.02,3.0,1.0,3.0,1486.0,1531.0,1636.5985107421875,1659.0,542.0,1538.0
126945,B3CD5,150,2.0,7.0,X,0.015,0.41,0.44,0.0,0.02,4.0,7.0,36.0,1484.0,1519.0,1630.963623046875,1626.0,938.0,1530.0
126944,B3CD5,150,1.0,7.0,X,0.015,0.41,0.44,0.0,0.02,1.0,6.0,31.0,1484.0,1519.0,1662.904296875,1659.0,0.0,1528.0
126943,8E733,150,6.0,6.0,X,0.02,0.19,0.22,0.01,0.02,4.0,3.0,7.0,1506.0,1551.0,1650.1021728515625,1662.0,862.0,1564.0
126942,8E733,150,5.0,6.0,X,0.02,0.19,0.22,0.01,0.02,2.0,1.0,2.0,1506.0,1551.0,1656.822021484375,1670.0,227.0,1566.0
126941,8E733,150,4.0,6.0,X,0.02,0.19,0.22,0.01,0.02,4.0,8.0,51.0,1506.0,1551.0,1657.0660400390625,1654.0,892.0,1562.0
126940,8E733,150,3.0,6.0,X,0.02,0.19,0.22,0.01,0.02,3.0,7.0,35.0,1506.0,1551.0,1657.0902099609375,1658.0,574.0,1561.0
126939,8E733,150,2.0,6.0,X,0.02,0.19,0.22,0.01,0.02,3.0,3.0,6.0,1506.0,1551.0,1656.0064697265625,1656.0,637.0,1543.0
126938,8E733,150,1.0,6.0,X,0.02,0.19,0.22,0.01,0.02,1.0,1.0,1.0,1506.0,1551.0,1692.590087890625,1696.0,0.0,1551.0
126937,68448,150,6.0,6.0,X,0.02,0.15,0.17,0.008,0.02,3.0,2.0,62.0,1507.0,1551.0,1662.8092041015625,1668.0,590.0,1571.0
126936,E7999,150,5.0,6.0,X,0.02,0.16,0.18,0.012,0.01,3.0,8.0,50.0,1506.0,1551.0,1670.242431640625,1671.0,596.0,1562.0
126935,E7999,150,4.0,6.0,X,0.02,0.16,0.18,0.012,0.01,2.0,7.0,34.0,1506.0,1551.0,1667.9576416015625,1670.0,279.0,1559.0
126934,E7999,150,3.0,6.0,X,0.02,0.16,0.18,0.012,0.01,4.0,6.0,30.0,1506.0,1551.0,1666.52099609375,1669.0,1084.0,1559.0
126933,E7999,150,2.0,6.0,X,0.02,0.16,0.18,0.012,0.01,2.0,3.0,5.0,1506.0,1551.0,1665.933837890625,1666.0,286.0,1550.0
126932,C2394,150,1.0,6.0,X,0.02,0.17,0.22,0.01,0.01,2.0,2.0,61.0,1502.0,1547.0,1674.8951416015625,1667.0,293.0,1546.0
126931,7F484,150,8.0,8.0,X,0.02,0.15,0.17,0.008,0.02,2.0,8.0,49.0,1512.0,1557.0,1664.3123779296875,1676.0,313.0,1571.0
126930,7BE94,150,7.0,8.0,X,0.02,0.15,0.17,0.008,0.02,1.0,7.0,33.0,1509.0,1554.0,1671.44482421875,1685.0,0.0,1571.0
126929,80160,150,6.0,8.0,X,0.015,0.4,0.45,0.0,0.02,3.0,6.0,29.0,1487.0,1542.0,1644.8780517578125,1648.0,803.0,1549.0
126928,80160,150,5.0,8.0,X,0.015,0.4,0.45,0.0,0.02,1.0,3.0,4.0,1487.0,1542.0,1659.9669189453125,1673.0,0.0,1552.0
126927,80160,150,4.0,8.0,X,0.015,0.4,0.45,0.0,0.02,1.0,2.0,60.0,1487.0,1542.0,1664.6009521484375,1663.0,0.0,1559.0
126926,80160,150,3.0,8.0,X,0.015,0.4,0.45,0.0,0.02,1.0,8.0,48.0,1487.0,1542.0,1662.0059814453125,1675.0,0.0,1553.0
126925,80160,150,6.0,6.0,X,0.015,0.4,0.45,0.0,0.02,2.0,6.0,28.0,1487.0,1542.0,1641.4002685546875,1667.0,309.0,1541.0
126924,80160,150,5.0,6.0,X,0.015,0.4,0.45,0.0,0.02,3.0,2.0,60.0,1487.0,1542.0,1641.7919921875,1666.0,556.0,
126923,80160,150,4.0,6.0,X,0.015,0.4,0.45,0.0,0.02,3.0,3.0,3.0,1487.0,1542.0,1650.935546875,1660.0,561.0,1555.0
126922,80160,150,3.0,6.0,X,0.015,0.4,0.45,0.0,0.02,3.0,7.0,31.0,1487.0,1542.0,1643.4478759765625,1645.0,576.0,1551.0
126921,80160,150,2.0,6.0,X,0.015,0.4,0.45,0.0,0.02,2.0,8.0,47.0,1487.0,1542.0,1641.3956298828125,1644.0,302.0,1545.0
126920,80160,150,1.0,6.0,X,0.015,0.4,0.45,0.0,0.02,1.0,6.0,27.0,1487.0,1542.0,1683.1478271484375,1683.0,0.0,1552.0
126919,CA2FD,150,7.0,7.0,X,0.02,0.15,0.17,0.009,0.02,2.0,2.0,59.0,1507.0,1551.0,1662.315673828125,1663.0,243.0,1573.0
126918,63654,150,6.0,7.0,X,0.01,0.38,0.45,0.0,0.0,2.0,3.0,2.0,1487.0,1532.0,1643.6441650390625,1647.0,248.0,1552.0
126917,AB910,150,5.0,7.0,X,0.02,0.4,0.45,0.0,0.02,2.0,7.0,30.0,1483.0,1538.0,1645.1270751953125,1643.0,280.0,1551.0
126916,AB910,150,4.0,7.0,X,0.02,0.4,0.45,0.0,0.02,1.0,8.0,46.0,1483.0,1538.0,1655.8365478515625,1660.0,0.0,1552.0
126915,AB910,150,3.0,7.0,X,0.02,0.4,0.45,0.0,0.02,1.0,2.0,58.0,1483.0,1538.0,1655.01123046875,1657.0,0.0,1547.0
126914,AB910,150,2.0,7.0,X,0.02,0.4,0.45,0.0,0.02,1.0,3.0,1.0,1483.0,1538.0,1662.327392578125,1664.0,0.0,1552.0
126913,AB910,150,1.0,7.0,X,0.02,0.4,0.45,0.0,0.02,1.0,7.0,29.0,1483.0,1538.0,1681.585693359375,1684.0,0.0,1550.0
126912,36AD7,300,3.0,3.0,X,0.01,0.47,0.52,0.0,0.02,26.0,6.0,26.0,1474.0,1530.0,1642.55078125,1649.0,7970.0,1542.0
126911,36AD7,300,2.0,3.0,X,0.01,0.47,0.52,0.0,0.02,4.0,8.0,45.0,1474.0,1530.0,1641.39306640625,1644.0,941.0,1548.0
126910,5AF4D,300,1.0,3.0,V,0.006,0.43,0.46,0.015,0.06,7.0,15.0,25.0,1470.0,1515.0,1653.3702392578125,1663.0,1928.0,1528.0
126909,D398B,300,5.0,5.0,X,0.02,0.2,0.22,0.009,0.02,8.0,2.0,57.0,1506.0,1551.0,1679.520751953125,1685.0,2228.0,1565.0
126908,D398B,300,4.0,5.0,X,0.02,0.2,0.22,0.009,0.02,6.0,7.0,28.0,1506.0,1551.0,1674.5660400390625,1678.0,1627.0,1562.0
126907,D398B,300,3.0,5.0,X,0.02,0.2,0.22,0.009,0.02,25.0,6.0,25.0,1506.0,1551.0,1673.801513671875,1677.0,7673.0,1553.0
126906,7FEAB,300,2.0,5.0,X,0.02,0.19,0.21,0.009,0.02,3.0,8.0,44.0,1506.0,1546.0,1659.8955078125,1680.0,645.0,1561.0
126905,7FEAB,300,1.0,5.0,X,0.02,0.19,0.21,0.009,0.02,6.0,15.0,24.0,1506.0,1546.0,1689.34228515625,1708.0,1640.0,1561.0
126904,BF6EC,300,4.0,4.0,X,0.02,0.19,0.23,0.009,0.015,7.0,2.0,56.0,1504.0,1549.0,1663.69970703125,1660.0,1936.0,1549.0
126903,1E6E6,300,3.0,4.0,X,0.025,0.19,0.23,0.01,0.015,5.0,7.0,27.0,1505.0,1545.0,1664.223876953125,1663.0,1338.0,1543.0
126902,1E6E6,300,2.0,4.0,X,0.025,0.19,0.23,0.01,0.015,24.0,6.0,24.0,1505.0,1545.0,1661.7120361328125,1670.0,7378.0,1556.0
126901,E1B6A,300,1.0,4.0,X,0.02,0.18,0.2,0.0,0.015,2.0,8.0,43.0,1501.0,1546.0,1695.7021484375,1685.0,342.0,1555.0
126900,889AE,300,3.0,3.0,B,0.02,0.16,0.18,0.012,0.01,5.0,15.0,23.0,1507.0,1532.0,1641.0849609375,1654.0,1341.0,1556.0
126899,889AE,300,2.0,3.0,B,0.02,0.16,0.18,0.012,0.01,6.0,2.0,55.0,1507.0,1532.0,1643.42431640625,1648.0,1632.0,1547.0
126898,889AE,300,1.0,3.0,B,0.02,0.16,0.18,0.012,0.01,4.0,7.0,26.0,1507.0,1532.0,1671.70947265625,1677.0,1024.0,1543.0
126897,5E13D,300,3.0,3.0,X,0.005,0.55,0.57,0.007,0.0,23.0,6.0,23.0,1486.0,1541.0,1680.5474853515625,1704.0,7059.0,1562.0
126896,5E13D,300,2.0,3.0,X,0.005,0.55,0.57,0.007,0.0,1.0,8.0,42.0,1486.0,1541.0,1688.51220703125,1724.0,0.0,1569.0
126895,5E13D,300,1.0,3.0,X,0.005,0.55,0.57,0.007,0.0,4.0,15.0,22.0,1486.0,1541.0,1688.6734619140625,1708.0,977.0,1570.0
126894,5E13D,300,3.0,3.0,X,0.005,0.55,0.57,0.007,0.0,5.0,2.0,54.0,1486.0,1541.0,1680.136962890625,1705.0,1259.0,1569.0
126893,5E13D,300,2.0,3.0,X,0.005,0.55,0.57,0.007,0.0,3.0,7.0,25.0,1486.0,1541.0,1671.8687744140625,1697.0,659.0,1551.0
126892,5E13D,300,1.0,3.0,X,0.005,0.55,0.57,0.007,0.0,22.0,6.0,22.0,1486.0,1541.0,1686.859619140625,1696.0,6647.0,1576.0
126891,2D42F,300,4.0,4.0,B,0.005,0.36,0.39,0.0,0.01,4.0,2.0,53.0,1492.0,1547.0,1664.5845947265625,1667.0,1015.0,1554.0
126890,2D42F,300,3.0,4.0,B,0.005,0.36,0.39,0.0,0.01,3.0,15.0,21.0,1492.0,1547.0,1664.129638671875,1669.0,594.0,1556.0
126889,2D42F,300,2.0,4.0,B,0.005,0.36,0.39,0.0,0.01,2.0,8.0,41.0,1492.0,1547.0,1663.7193603515625,1674.0,305.0,1550.0
126888,2D42F,300,1.0,4.0,B,0.005,0.36,0.39,0.0,0.01,2.0,7.0,24.0,1492.0,1547.0,1690.576904296875,1680.0,303.0,1551.0
126887,27480,300,3.0,3.0,X,0.02,0.21,0.23,0.009,0.02,21.0,6.0,21.0,1506.0,1551.0,1672.0025634765625,1667.0,6340.0,1553.0
126886,248B5,300,2.0,3.0,X,0.02,0.21,0.23,0.009,0.02,3.0,2.0,52.0,1506.0,1551.0,1665.755615234375,1658.0,721.0,1560.0
126885,248B5,300,1.0,3.0,X,0.02,0.21,0.23,0.009,0.02,2.0,15.0,20.0,1506.0,1551.0,1688.296630859375,1685.0,312.0,1553.0
126884,05E76,300,5.0,5.0,X,0.005,0.94,0.99,0.0,0.0,1.0,8.0,40.0,1463.0,1503.0,1628.6495361328125,1629.0,0.0,1512.0
126883,EEE12,300,4.0,5.0,X,0.0,0.69,0.72,0.0,0.02,1.0,7.0,23.0,1475.0,1510.0,1638.2855224609375,1657.0,0.0,1518.0
126882,EEE12,300,3.0,5.0,X,0.0,0.69,0.72,0.0,0.02,20.0,6.0,20.0,1475.0,1510.0,1629.7947998046875,1630.0,6046.0,1522.0
126881,A2DFA,300,2.0,5.0,X,0.005,0.43,0.5,0.0,0.0,2.0,2.0,51.0,1480.0,1525.0,1637.330322265625,1645.0,411.0,1523.0
126880,44B90,300,1.0,5.0,X,0.01,0.28,0.31,0.0,0.02,1.0,15.0,19.0,1496.0,1541.0,1682.5185546875,1682.0,0.0,1554.0
126879,81834,300,2.0,2.0,X,0.015,0.43,0.47,0.0,0.0,1.0,2.0,50.0,1483.0,1528.0,1659.05126953125,1681.0,0.0,1561.0
126878,F7C5E,300,1.0,6.0,X,0.015,0.27,0.29,0.009,0.0,19.0,6.0,19.0,1501.0,1551.0,1706.31640625,1700.0,5487.0,1562.0
126877,B7DF0,300,2.0,2.0,X,0.015,0.38,0.42,0.0,0.02,11.0,7.0,22.0,1486.0,1531.0,1641.594970703125,1651.0,3024.0,1536.0
126876,B7DF0,300,1.0,2.0,X,0.015,0.38,0.42,0.0,0.02,15.0,8.0,39.0,1486.0,1531.0,1658.6756591796875,1660.0,4283.0,1529.0
126875,DCC51,300,4.0,6.0,V,0.01,0.29,0.32,0.012,0.03,18.0,15.0,18.0,1486.0,1536.0,1653.3529052734375,1650.0,5203.0,1539.0
126874,E0B89,300,3.0,6.0,X,0.02,0.22,0.25,0.01,0.015,18.0,6.0,18.0,1501.0,1546.0,1665.9449462890625,1669.0,5195.0,1545.0
126873,E0B89,300,2.0,6.0,X,0.02,0.22,0.25,0.01,0.015,10.0,7.0,21.0,1501.0,1546.0,1662.286376953125,1665.0,2725.0,1546.0
126872,60329,300,1.0,6.0,X,0.02,0.22,0.25,0.01,0.015,14.0,8.0,38.0,1501.0,1536.0,1673.15625,1674.0,4028.0,1550.0
126871,51FF2,300,8.0,8.0,X,0.015,0.21,0.23,0.0,0.02,18.0,2.0,49.0,1503.0,1543.0,1657.591552734375,1659.0,5355.0,1554.0
126870,51FF2,300,7.0,8.0,X,0.015,0.21,0.23,0.0,0.02,17.0,15.0,17.0,1503.0,1543.0,1659.9561767578125,1662.0,4897.0,1551.0
126869,51FF2,300,6.0,8.0,X,0.015,0.21,0.23,0.0,0.02,17.0,6.0,17.0,1503.0,1543.0,1660.6920166015625,1658.0,4896.0,1558.0
126868,51FF2,300,5.0,8.0,X,0.015,0.21,0.23,0.0,0.02,9.0,7.0,20.0,1503.0,1543.0,1661.0950927734375,1664.0,2434.0,1553.0
126867,51FF2,300,4.0,8.0,X,0.015,0.21,0.23,0.0,0.02,13.0,8.0,37.0,1503.0,1543.0,1666.04296875,1669.0,3735.0,1557.0
126866,51FF2,300,3.0,8.0,X,0.015,0.21,0.23,0.0,0.02,17.0,2.0,48.0,1503.0,1543.0,1663.82470703125,1667.0,5063.0,1544.0
126865,51FF2,300,2.0,8.0,X,0.015,0.21,0.23,0.0,0.02,16.0,15.0,16.0,1503.0,1543.0,1656.973876953125,1666.0,4594.0,1538.0
126864,51FF2,300,1.0,8.0,X,0.015,0.21,0.23,0.0,0.02,16.0,6.0,16.0,1503.0,1543.0,1669.6014404296875,1670.0,4596.0,1544.0
126863,51FF2,300,7.0,7.0,X,0.015,0.21,0.23,0.0,0.02,8.0,7.0,19.0,1503.0,1543.0,1660.240478515625,1660.0,2135.0,1561.0
126862,51FF2,300,6.0,7.0,X,0.015,0.21,0.23,0.0,0.02,12.0,8.0,36.0,1503.0,1543.0,1660.908935546875,1653.0,3440.0,1565.0
126861,51FF2,300,5.0,7.0,X,0.015,0.21,0.23,0.0,0.02,16.0,2.0,47.0,1503.0,1543.0,1657.0316162109375,1658.0,4773.0,1552.0
126860,51FF2,300,4.0,7.0,X,0.015,0.21,0.23,0.0,0.02,15.0,15.0,15.0,1503.0,1543.0,1655.92138671875,1676.0,4308.0,1556.0
126859,51FF2,300,3.0,7.0,X,0.015,0.21,0.23,0.0,0.02,15.0,6.0,15.0,1503.0,1543.0,1658.4404296875,1663.0,4305.0,1550.0
126858,51FF2,300,2.0,7.0,X,0.015,0.21,0.23,0.0,0.02,7.0,7.0,18.0,1503.0,1543.0,1652.5859375,1663.0,1839.0,1551.0
126857,51FF2,300,7.0,7.0,X,0.015,0.21,0.23,0.0,0.02,11.0,8.0,35.0,1503.0,1543.0,1653.89501953125,1678.0,3100.0,1559.0
126856,51FF2,300,6.0,7.0,X,0.015,0.21,0.23,0.0,0.02,15.0,2.0,46.0,1503.0,1543.0,1655.284912109375,1652.0,4420.0,1544.0
126855,51FF2,300,5.0,7.0,X,0.015,0.21,0.23,0.0,0.02,14.0,15.0,14.0,1503.0,1543.0,1655.85791015625,1655.0,3964.0,1544.0
126854,51FF2,300,4.0,7.0,X,0.015,0.21,0.23,0.0,0.02,14.0,6.0,14.0,1503.0,1543.0,1656.019775390625,1657.0,3949.0,1555.0
126853,51FF2,300,3.0,7.0,X,0.015,0.21,0.23,0.0,0.02,6.0,7.0,17.0,1503.0,1543.0,1654.986328125,1659.0,1485.0,1557.0
126852,51FF2,300,2.0,7.0,X,0.015,0.21,0.23,0.0,0.02,10.0,8.0,34.0,1503.0,1543.0,1651.4957275390625,1664.0,2775.0,1551.0
126851,51FF2,300,1.0,7.0,X,0.015,0.21,0.23,0.0,0.02,14.0,2.0,45.0,1503.0,1543.0,1670.1209716796875,1673.0,4093.0,1545.0
126850,51FF2,300,5.0,6.0,X,0.015,0.21,0.23,0.0,0.02,13.0,15.0,13.0,1503.0,1543.0,1658.6221923828125,1656.0,3624.0,1548.0
126849,51FF2,300,4.0,6.0,X,0.015,0.21,0.23,0.0,0.02,13.0,6.0,13.0,1503.0,1543.0,1658.3828125,1658.0,3620.0,1556.0
126848,51FF2,300,3.0,6.0,X,0.015,0.21,0.23,0.0,0.02,5.0,7.0,16.0,1503.0,1543.0,1656.96533203125,1660.0,1164.0,1557.0
126847,51FF2,300,2.0,6.0,X,0.015,0.21,0.23,0.0,0.02,9.0,8.0,33.0,1503.0,1543.0,1657.7451171875,1657.0,2471.0,1555.0
126846,51FF2,300,1.0,6.0,X,0.015,0.21,0.23,0.0,0.02,13.0,2.0,44.0,1503.0,1543.0,1669.7432861328125,1669.0,3806.0,1551.0
126845,51FF2,300,7.0,7.0,X,0.015,0.21,0.23,0.0,0.02,12.0,15.0,12.0,1503.0,1543.0,1657.23291015625,1659.0,3346.0,1556.0
126844,51FF2,300,6.0,7.0,X,0.015,0.21,0.23,0.0,0.02,12.0,6.0,12.0,1503.0,1543.0,1656.62255859375,1657.0,3348.0,1561.0
126843,51FF2,300,5.0,7.0,X,0.015,0.21,0.23,0.0,0.02,4.0,7.0,15.0,1503.0,1543.0,1660.52685546875,1664.0,871.0,1557.0
126842,51FF2,300,4.0,7.0,X,0.015,0.21,0.23,0.0,0.02,8.0,8.0,32.0,1503.0,1543.0,1660.94580078125,1663.0,2177.0,1562.0
126841,51FF2,300,3.0,7.0,X,0.015,0.21,0.23,0.0,0.02,12.0,2.0,43.0,1503.0,1543.0,1661.646484375,1670.0,3511.0,1557.0
126840,51FF2,300,2.0,7.0,X,0.015,0.21,0.23,0.0,0.02,11.0,15.0,11.0,1503.0,1543.0,1661.1131591796875,1663.0,3051.0,1547.0
126839,51FF2,300,1.0,7.0,X,0.015,0.21,0.23,0.0,0.02,11.0,6.0,11.0,1503.0,1543.0,1670.1275634765625,1673.0,3059.0,1540.0
126838,CE16F,300,6.0,6.0,X,0.02,0.15,0.17,0.008,0.02,3.0,7.0,14.0,1507.0,1552.0,1664.7904052734375,1677.0,600.0,1558.0
126837,5F0F6,300,5.0,6.0,X,0.005,0.42,0.44,0.0,0.028,7.0,8.0,31.0,1487.0,1527.0,1639.6824951171875,1643.0,1905.0,1535.0
126836,80160,300,4.0,6.0,X,0.015,0.4,0.45,0.0,0.02,11.0,2.0,42.0,1487.0,1522.0,1646.1734619140625,1645.0,3240.0,1541.0
126835,FA128,300,3.0,6.0,X,0.02,0.18,0.21,0.009,0.02,10.0,15.0,10.0,1504.0,1544.0,1658.6365966796875,1668.0,2775.0,1551.0
126834,FA128,300,2.0,6.0,X,0.02,0.18,0.21,0.009,0.02,10.0,6.0,10.0,1504.0,1544.0,1658.134521484375,1668.0,2771.0,1537.0
126833,FA128,300,1.0,6.0,X,0.02,0.18,0.21,0.009,0.02,2.0,7.0,13.0,1504.0,1544.0,1674.08740234375,1678.0,312.0,1543.0
126832,EB041,300,5.0,5.0,X,0.0,0.94,1.0,0.0,0.0,6.0,8.0,30.0,1463.0,1489.0,1612.699951171875,1615.0,1604.0,1505.0
126831,0BFF6,300,4.0,5.0,X,0.0,0.93,1.0,0.006,0.0,10.0,2.0,41.0,1462.0,1488.0,1601.92138671875,1608.0,2928.0,1508.0
126830,0BFF6,300,3.0,5.0,X,0.0,0.93,1.0,0.006,0.0,9.0,15.0,9.0,1462.0,1488.0,1601.7252197265625,1607.0,2464.0,1501.0
126829,0BFF6,300,2.0,5.0,X,0.0,0.93,1.0,0.006,0.0,9.0,6.0,9.0,1462.0,1488.0,1602.6180419921875,1609.0,2466.0,1501.0
126828,0BFF6,300,1.0,5.0,X,0.0,0.93,1.0,0.006,0.0,1.0,7.0,12.0,1462.0,1488.0,1642.942138671875,1645.0,0.0,1501.0
126827,2556F,300,4.0,4.0,X,0.01,0.48,0.53,0.008,0.0,5.0,8.0,29.0,1486.0,1516.0,1619.2880859375,1631.0,1303.0,1530.0
126826,2556F,300,3.0,4.0,X,0.01,0.48,0.53,0.008,0.0,9.0,2.0,40.0,1486.0,1516.0,1618.802978515625,1622.0,2638.0,1524.0
126825,A2DFA,300,2.0,4.0,X,0.005,0.43,0.5,0.0,0.0,8.0,15.0,8.0,1480.0,1525.0,1623.5196533203125,1626.0,2178.0,1535.0
126824,A2DFA,300,1.0,4.0,X,0.005,0.43,0.5,0.0,0.0,8.0,6.0,8.0,1480.0,1525.0,1653.16845703125,1655.0,2178.0,1537.0
126823,5AF4D,300,3.0,3.0,V,0.006,0.43,0.46,0.015,0.06,4.0,8.0,28.0,1470.0,1515.0,1629.455078125,1632.0,1075.0,1523.0
126822,5AF4D,300,2.0,3.0,V,0.006,0.43,0.46,0.015,0.06,8.0,2.0,39.0,1470.0,1515.0,1622.7197265625,1625.0,2409.0,1525.0
126821,5AF4D,300,1.0,3.0,V,0.006,0.43,0.46,0.015,0.06,7.0,15.0,7.0,1470.0,1515.0,1652.7666015625,1654.0,1950.0,1533.0
126820,5AF4D,300,5.0,5.0,V,0.006,0.43,0.46,0.015,0.06,7.0,6.0,7.0,1470.0,1515.0,1627.7952880859375,1628.0,1878.0,1527.0
126819,5AF4D,300,4.0,5.0,V,0.006,0.43,0.46,0.015,0.06,3.0,8.0,27.0,1470.0,1515.0,1633.06884765625,1633.0,779.0,1512.0
126818,5AF4D,300,5.0,5.0,V,0.006,0.43,0.46,0.015,0.06,7.0,2.0,38.0,1470.0,1515.0,1630.138671875,1634.0,1988.0,1534.0
126817,5AF4D,300,4.0,5.0,V,0.006,0.43,0.46,0.015,0.06,6.0,15.0,6.0,1470.0,1515.0,1629.4720458984375,1639.0,1530.0,1533.0
126816,5AF4D,300,3.0,5.0,V,0.006,0.43,0.46,0.015,0.06,6.0,6.0,6.0,1470.0,1515.0,1621.134033203125,1658.0,1455.0,1528.0
126815,5AF4D,300,1.0,6.0,V,0.006,0.43,0.46,0.015,0.06,6.0,2.0,37.0,1470.0,1515.0,1643.76611328125,1652.0,1740.0,1527.0
126814,5AF4D,300,6.0,6.0,V,0.006,0.43,0.46,0.015,0.06,2.0,8.0,26.0,1470.0,1515.0,1629.162353515625,1628.0,288.0,1523.0
126813,5AF4D,300,5.0,6.0,V,0.006,0.43,0.46,0.015,0.06,6.0,7.0,11.0,1470.0,1515.0,1628.114990234375,1638.0,1557.0,1520.0
126812,5AF4D,300,4.0,6.0,V,0.006,0.43,0.46,0.015,0.06,5.0,15.0,5.0,1470.0,1515.0,1630.7080078125,1641.0,1159.0,1525.0
126811,5AF4D,300,3.0,6.0,V,0.006,0.43,0.46,0.015,0.06,5.0,6.0,5.0,1470.0,1515.0,1631.43603515625,1644.0,1165.0,1520.0
126810,5AF4D,300,2.0,6.0,V,0.006,0.43,0.46,0.015,0.06,5.0,2.0,36.0,1470.0,1515.0,1630.028564453125,1637.0,1452.0,1522.0
126809,5AF4D,300,1.0,6.0,V,0.006,0.43,0.46,0.015,0.06,1.0,8.0,25.0,1470.0,1515.0,1672.4075927734375,1673.0,0.0,1532.0
126808,5F0F6,300,4.0,4.0,X,0.005,0.42,0.44,0.0,0.028,5.0,7.0,10.0,1487.0,1527.0,1638.044189453125,1655.0,1191.0,1550.0
126807,5F0F6,300,3.0,4.0,X,0.005,0.42,0.44,0.0,0.028,4.0,15.0,4.0,1487.0,1527.0,1638.7132568359375,1641.0,797.0,1532.0
126806,5F0F6,300,2.0,4.0,X,0.005,0.42,0.44,0.0,0.028,4.0,6.0,4.0,1487.0,1527.0,1637.0655517578125,1636.0,796.0,1531.0
126805,5F0F6,300,1.0,4.0,X,0.005,0.42,0.44,0.0,0.028,4.0,2.0,35.0,1487.0,1527.0,1651.580810546875,1651.0,1083.0,1537.0
126804,7F484,300,5.0,5.0,X,0.02,0.15,0.17,0.008,0.02,4.0,7.0,9.0,1512.0,1557.0,1671.0894775390625,1672.0,958.0,1571.0
126803,80160,300,4.0,5.0,X,0.015,0.4,0.45,0.0,0.02,3.0,15.0,3.0,1487.0,1522.0,1659.4266357421875,1659.0,560.0,1538.0
126802,77C04,300,3.0,5.0,X,0.02,0.17,0.22,0.01,0.01,3.0,6.0,3.0,1502.0,1547.0,1676.27587890625,1682.0,524.0,1564.0
126801,77C04,300,2.0,5.0,X,0.02,0.17,0.22,0.01,0.01,3.0,7.0,8.0,1502.0,1547.0,1656.52734375,1677.0,727.0,1552.0
126800,77C04,300,1.0,5.0,X,0.02,0.17,0.22,0.01,0.01,3.0,2.0,34.0,1502.0,1547.0,1684.7757568359375,1664.0,731.0,1565.0
126799,3D92C,300,6.0,6.0,X,0.01,0.39,0.41,0.0,0.02,2.0,15.0,2.0,1485.0,1520.0,1627.2611083984375,1630.0,269.0,1534.0
126798,57414,300,5.0,6.0,X,0.01,0.38,0.43,0.0,0.02,2.0,6.0,2.0,1486.0,1526.0,1640.7938232421875,1671.0,277.0,1545.0
126797,57414,300,4.0,6.0,X,0.01,0.38,0.43,0.0,0.02,2.0,7.0,7.0,1486.0,1526.0,1641.98193359375,1653.0,488.0,1535.0
126796,57414,300,3.0,6.0,X,0.01,0.38,0.43,0.0,0.02,2.0,2.0,33.0,1486.0,1526.0,1639.7125244140625,1640.0,494.0,1536.0
126795,5692D,300,2.0,6.0,X,0.01,0.39,0.41,0.0,0.01,1.0,15.0,1.0,1486.0,1521.0,1654.381591796875,1666.0,0.0,1536.0
126794,E1FC0,300,1.0,6.0,X,0.01,0.39,0.42,0.006,0.02,1.0,6.0,1.0,1486.0,1531.0,1698.4498291015625,1715.0,0.0,1552.0
126793,B3CD5,300,2.0,8.0,X,0.015,0.41,0.44,0.0,0.02,1.0,7.0,6.0,1484.0,1519.0,1642.7208251953125,1646.0,0.0,1547.0
126792,B3CD5,300,1.0,8.0,X,0.015,0.41,0.44,0.0,0.02,2.0,2.0,32.0,1484.0,1519.0,0.0,1663.0,178.0,1531.0
126791,B3CD5,300,1.0,7.0,X,0.015,0.41,0.44,0.0,0.02,8.0,14.0,46.0,1484.0,1519.0,1651.437255859375,1671.0,2296.0,1554.0
126790,C8A86,300,3.0,5.0,X,0.022,0.2,0.22,0.0,0.02,5.0,7.0,5.0,1505.0,1545.0,1665.079833984375,1668.0,1282.0,1537.0
126789,87A17,300,2.0,5.0,X,0.022,0.2,0.22,0.0,0.02,9.0,3.0,60.0,1505.0,1535.0,1659.3729248046875,1659.0,2687.0,1541.0
126788,C2394,300,1.0,5.0,X,0.02,0.17,0.22,0.01,0.01,1.0,2.0,31.0,1502.0,1537.0,1695.3109130859375,1690.0,0.0,1549.0
126787,D398B,300,4.0,4.0,X,0.02,0.2,0.22,0.009,0.02,8.0,1.0,67.0,1506.0,1551.0,1678.7293701171875,1677.0,2449.0,1564.0
126786,D398B,300,3.0,4.0,X,0.02,0.2,0.22,0.009,0.02,3.0,8.0,24.0,1506.0,1551.0,1669.7349853515625,1681.0,653.0,1556.0
126785,E483A,300,2.0,4.0,X,0.02,0.21,0.23,0.009,0.025,4.0,7.0,4.0,1500.0,1540.0,1653.7100830078125,1658.0,979.0,1538.0
126784,44732,300,4.0,7.0,X,0.02,0.42,0.44,0.0,0.02,8.0,3.0,59.0,1483.0,1523.0,1633.885009765625,1657.0,2375.0,1533.0
126783,E0B89,300,3.0,7.0,X,0.02,0.22,0.25,0.01,0.015,7.0,14.0,45.0,1501.0,1546.0,1665.4239501953125,1663.0,2135.0,1553.0
126782,1FFF4,300,2.0,7.0,X,0.015,0.21,0.24,0.009,0.025,7.0,1.0,66.0,1502.0,1542.0,1657.0177001953125,1656.0,2115.0,1532.0
126781,51C01,300,1.0,7.0,X,0.02,0.15,0.18,0.0,0.02,2.0,8.0,23.0,1511.0,1556.0,1679.488525390625,1682.0,325.0,1549.0
126780,7FEAB,300,2.0,2.0,X,0.02,0.19,0.21,0.009,0.02,3.0,7.0,3.0,1506.0,1546.0,1677.0791015625,1691.0,633.0,1556.0
126779,7FEAB,300,6.0,7.0,X,0.02,0.19,0.21,0.009,0.02,7.0,3.0,58.0,1506.0,1546.0,1661.89111328125,1695.0,2017.0,1557.0
126778,7FEAB,300,5.0,7.0,X,0.02,0.19,0.21,0.009,0.02,6.0,14.0,44.0,1506.0,1546.0,1667.426513671875,1679.0,1787.0,1549.0
126777,7FEAB,300,4.0,7.0,X,0.02,0.19,0.21,0.009,0.02,6.0,1.0,65.0,1506.0,1546.0,1669.6380615234375,1673.0,1782.0,1550.0
126776,7FEAB,300,3.0,7.0,X,0.02,0.19,0.21,0.009,0.02,1.0,8.0,22.0,1506.0,1546.0,1677.4075927734375,1679.0,0.0,1551.0
126775,7FEAB,300,2.0,7.0,X,0.02,0.19,0.21,0.009,0.02,2.0,7.0,2.0,1506.0,1546.0,1680.49169921875,1682.0,315.0,1550.0
126774,7FEAB,300,1.0,7.0,X,0.02,0.19,0.21,0.009,0.02,6.0,3.0,57.0,1506.0,1546.0,1688.9072265625,1691.0,1715.0,1551.0
126773,000DC,300,4.0,4.0,V,0.006,0.43,0.46,0.015,0.055,6.0,2.0,30.0,1470.0,1515.0,1633.60986328125,1635.0,1711.0,1536.0
126772,000DC,300,3.0,4.0,V,0.006,0.43,0.46,0.015,0.055,5.0,14.0,43.0,1470.0,1515.0,1627.279296875,1628.0,1431.0,1521.0
126771,000DC,300,2.0,4.0,V,0.006,0.43,0.46,0.015,0.055,5.0,1.0,64.0,1470.0,1515.0,1625.85595703125,1629.0,1423.0,1524.0
126770,44D42,300,1.0,4.0,V,0.01,0.34,0.37,0.01,0.02,1.0,7.0,1.0,1489.0,1534.0,1689.523681640625,1717.0,0.0,1551.0
126769,EA23B,300,8.0,8.0,V,0.01,0.36,0.4,0.013,0.05,5.0,3.0,56.0,1480.0,1540.0,1649.1785888671875,1654.0,1406.0,1528.0
126768,EA23B,300,7.0,8.0,V,0.01,0.36,0.4,0.013,0.05,5.0,2.0,29.0,1480.0,1540.0,1651.4808349609375,1658.0,1375.0,1533.0
126767,16F90,300,6.0,8.0,B,0.02,0.34,0.36,0.0,0.02,4.0,14.0,42.0,1490.0,1535.0,1648.287353515625,1651.0,1097.0,1541.0
126766,16F90,300,5.0,8.0,B,0.02,0.34,0.36,0.0,0.02,4.0,1.0,63.0,1490.0,1535.0,1650.4383544921875,1650.0,1085.0,1538.0
126765,16F90,300,4.0,8.0,B,0.02,0.34,0.36,0.0,0.02,4.0,8.0,21.0,1490.0,1535.0,1659.787109375,1655.0,1073.0,1546.0
126764,16F90,300,3.0,8.0,B,0.02,0.34,0.36,0.0,0.02,4.0,3.0,55.0,1490.0,1535.0,1658.251220703125,1654.0,1077.0,1540.0
126763,16F90,300,2.0,8.0,B,0.02,0.34,0.36,0.0,0.02,4.0,2.0,28.0,1490.0,1535.0,1646.7740478515625,1651.0,1074.0,1532.0
126762,DCC51,300,1.0,8.0,V,0.01,0.29,0.32,0.012,0.03,3.0,14.0,41.0,1486.0,1536.0,1670.0380859375,1675.0,792.0,1546.0
126761,9C4F0,300,3.0,3.0,X,0.015,0.18,0.23,0.01,0.0,3.0,1.0,62.0,1504.0,1544.0,1656.4976806640625,1656.0,782.0,1551.0
126760,A7B3C,300,2.0,3.0,X,0.025,0.2,0.23,0.01,0.01,3.0,8.0,20.0,1504.0,1549.0,1665.9541015625,1675.0,779.0,1546.0
126759,A7B3C,300,1.0,3.0,X,0.025,0.2,0.23,0.01,0.01,3.0,3.0,54.0,1504.0,1549.0,1677.1131591796875,1663.0,790.0,
126758,1697B,300,4.0,4.0,X,0.02,0.18,0.22,0.009,0.015,3.0,2.0,27.0,1501.0,1536.0,1650.0087890625,1655.0,783.0,
126757,66364,300,3.0,4.0,X,0.02,0.18,0.21,0.01,0.02,2.0,14.0,40.0,1502.0,1542.0,1660.10205078125,1668.0,333.0,
126756,E60DC,300,2.0,4.0,X,0.02,0.18,0.2,0.01,0.0,2.0,1.0,61.0,1504.0,1539.0,1656.5614013671875,1648.0,323.0,
126755,4F121,300,1.0,4.0,X,0.01,0.38,0.43,0.0,0.0,2.0,8.0,19.0,1480.0,1520.0,1661.043212890625,1661.0,315.0,
126754,16DAA,300,2.0,2.0,X,0.005,0.58,0.62,0.0,0.0,2.0,3.0,53.0,1460.0,1500.0,1608.677978515625,1607.0,293.0,
126753,16DAA,300,1.0,2.0,X,0.005,0.58,0.62,0.0,0.0,2.0,2.0,26.0,1460.0,1500.0,1620.678466796875,1623.0,297.0,
126752,9A58C,300,5.0,5.0,X,0.0,0.37,0.45,0.008,0.08,1.0,14.0,39.0,1480.0,1525.0,1634.785400390625,1672.0,0.0,
126751,9A58C,300,4.0,5.0,X,0.0,0.37,0.45,0.008,0.08,1.0,1.0,60.0,1480.0,1525.0,1642.6221923828125,1646.0,0.0,
126750,9A58C,300,3.0,5.0,X,0.0,0.37,0.45,0.008,0.08,1.0,8.0,18.0,1480.0,1525.0,1638.8265380859375,1642.0,0.0,
126749,9A58C,300,2.0,5.0,X,0.0,0.37,0.45,0.008,0.08,1.0,3.0,52.0,1480.0,1525.0,1639.701904296875,1650.0,0.0,
126748,9A58C,300,1.0,5.0,X,0.0,0.37,0.45,0.008,0.08,1.0,2.0,25.0,1480.0,1525.0,1658.845947265625,1662.0,0.0,
126747,2556F,300,2.0,2.0,X,0.01,0.48,0.53,0.008,0.0,5.0,14.0,38.0,1486.0,1516.0,1624.1285400390625,1633.0,1424.0,1545.0
126746,2556F,300,1.0,3.0,X,0.01,0.48,0.53,0.008,0.0,15.0,1.0,59.0,1486.0,1516.0,1645.2149658203125,1644.0,4971.0,1513.0
126745,2556F,300,7.0,10.0,X,0.01,0.48,0.53,0.008,0.0,17.0,8.0,17.0,1486.0,1516.0,1617.8748779296875,1621.0,5257.0,1539.0
126744,2556F,300,6.0,10.0,X,0.01,0.48,0.53,0.008,0.0,16.0,3.0,51.0,1486.0,1516.0,1620.0665283203125,1622.0,5075.0,1533.0
126743,2556F,300,5.0,10.0,X,0.01,0.48,0.53,0.008,0.0,16.0,2.0,24.0,1486.0,1516.0,1623.308349609375,1622.0,5067.0,1531.0
126742,2556F,300,4.0,10.0,X,0.01,0.48,0.53,0.008,0.0,4.0,14.0,37.0,1486.0,1516.0,1629.905517578125,1637.0,1114.0,1528.0
126741,2556F,300,3.0,10.0,X,0.01,0.48,0.53,0.008,0.0,16.0,8.0,16.0,1486.0,1516.0,1630.38134765625,1628.0,5017.0,1522.0
126740,A2DFA,300,2.0,10.0,X,0.005,0.43,0.5,0.0,0.0,15.0,3.0,50.0,1480.0,1525.0,1627.1334228515625,1627.0,4823.0,1533.0
126739,A2DFA,300,1.0,10.0,X,0.005,0.43,0.5,0.0,0.0,14.0,1.0,58.0,1480.0,1525.0,1653.8162841796875,1654.0,4523.0,1527.0
126738,9A58C,300,1.0,6.0,X,0.0,0.37,0.45,0.008,0.08,15.0,2.0,23.0,1480.0,1525.0,1642.40673828125,1644.0,4669.0,1545.0
126737,9A58C,300,3.0,5.0,X,0.0,0.37,0.45,0.008,0.08,3.0,14.0,36.0,1480.0,1525.0,1625.3072509765625,1627.0,664.0,1534.0
126736,9A58C,300,2.0,5.0,X,0.0,0.37,0.45,0.008,0.08,15.0,8.0,15.0,1480.0,1525.0,1625.5997314453125,1630.0,4549.0,1520.0
126735,9A58C,300,1.0,5.0,X,0.0,0.37,0.45,0.008,0.08,14.0,3.0,49.0,1480.0,1525.0,1637.499267578125,1639.0,4381.0,1520.0
126734,9A58C,300,1.0,2.0,X,0.0,0.37,0.45,0.008,0.08,13.0,1.0,57.0,1480.0,1525.0,1640.0137939453125,1666.0,4078.0,1528.0
126733,9A58C,300,4.0,6.0,X,0.0,0.37,0.45,0.008,0.08,14.0,2.0,22.0,1480.0,1525.0,1621.3568115234375,1629.0,4253.0,1528.0
126732,9A58C,300,3.0,6.0,X,0.0,0.37,0.45,0.008,0.08,2.0,14.0,35.0,1480.0,1525.0,1625.2159423828125,1623.0,301.0,1525.0
126731,9A58C,300,2.0,6.0,X,0.0,0.37,0.45,0.008,0.08,14.0,8.0,14.0,1480.0,1525.0,1624.7501220703125,1624.0,4201.0,1528.0
126730,47D7D,300,1.0,6.0,X,0.0,0.37,0.41,0.011,0.08,13.0,3.0,48.0,1480.0,1525.0,1640.7677001953125,1650.0,4014.0,1537.0
126729,B0EC5,300,7.0,7.0,V,0.01,0.36,0.39,0.015,0.02,12.0,1.0,56.0,1480.0,1530.0,1644.013427734375,1646.0,3714.0,1532.0
126728,B0EC5,300,6.0,7.0,V,0.01,0.36,0.39,0.015,0.02,13.0,2.0,21.0,1480.0,1530.0,1641.734375,1636.0,3946.0,1541.0
126727,E1B6A,300,5.0,7.0,X,0.02,0.18,0.2,0.0,0.015,1.0,14.0,34.0,1501.0,1546.0,1672.42138671875,1674.0,0.0,1549.0
126726,E1B6A,300,4.0,7.0,X,0.02,0.18,0.2,0.0,0.015,13.0,8.0,13.0,1501.0,1546.0,1659.1602783203125,1655.0,3896.0,1539.0
126725,E1B6A,300,3.0,7.0,X,0.02,0.18,0.2,0.0,0.015,12.0,3.0,47.0,1501.0,1546.0,1659.160400390625,1670.0,3713.0,1544.0
126724,E1B6A,300,2.0,7.0,X,0.02,0.18,0.2,0.0,0.015,11.0,1.0,55.0,1501.0,1546.0,1661.6552734375,1655.0,3318.0,1557.0
126723,E1B6A,300,6.0,6.0,X,0.02,0.18,0.2,0.0,0.015,12.0,2.0,20.0,1501.0,1546.0,1655.6185302734375,1681.0,3487.0,1561.0
126722,E1B6A,300,5.0,6.0,X,0.02,0.18,0.2,0.0,0.015,12.0,8.0,12.0,1501.0,1546.0,1663.0909423828125,1665.0,3498.0,1546.0
126721,E1B6A,300,4.0,6.0,X,0.02,0.18,0.2,0.0,0.015,12.0,14.0,33.0,1501.0,1546.0,1655.1976318359375,1662.0,3537.0,1555.0
126720,E1B6A,300,3.0,6.0,X,0.02,0.18,0.2,0.0,0.015,11.0,3.0,46.0,1501.0,1546.0,1657.3533935546875,1660.0,3256.0,1554.0
126719,E1B6A,300,2.0,6.0,X,0.02,0.18,0.2,0.0,0.015,10.0,1.0,54.0,1501.0,1546.0,1658.5333251953125,1662.0,2966.0,1550.0
126718,BCEE1,300,1.0,6.0,X,0.02,0.23,0.25,0.0,0.017,11.0,2.0,19.0,1497.0,1537.0,1667.764404296875,1670.0,3182.0,1557.0
126717,F5743,300,5.0,5.0,V,0.0,0.69,0.72,0.008,0.055,11.0,8.0,11.0,1476.0,1501.0,1615.4088134765625,1613.0,3182.0,1505.0
126716,F5743,300,4.0,5.0,V,0.0,0.69,0.72,0.008,0.055,11.0,14.0,32.0,1476.0,1501.0,1611.134521484375,1614.0,3211.0,1512.0
126715,F5743,300,3.0,5.0,V,0.0,0.69,0.72,0.008,0.055,10.0,3.0,45.0,1476.0,1501.0,1609.5684814453125,1615.0,2943.0,1518.0
126714,81834,300,2.0,5.0,X,0.015,0.43,0.47,0.0,0.0,9.0,1.0,53.0,1483.0,1528.0,1645.1231689453125,1654.0,2653.0,1534.0
126713,81834,300,1.0,5.0,X,0.015,0.43,0.47,0.0,0.0,10.0,2.0,18.0,1483.0,1528.0,1664.6324462890625,1668.0,2874.0,1542.0
126712,2D42F,300,6.0,6.0,B,0.005,0.36,0.39,0.0,0.01,10.0,8.0,10.0,1492.0,1547.0,1664.688720703125,1668.0,2800.0,1565.0
126711,2D42F,300,5.0,6.0,B,0.005,0.36,0.39,0.0,0.01,10.0,14.0,31.0,1492.0,1547.0,1662.4912109375,1657.0,2831.0,1557.0
126710,2D42F,300,4.0,6.0,B,0.005,0.36,0.39,0.0,0.01,9.0,3.0,44.0,1492.0,1547.0,1662.601318359375,1666.0,2570.0,1573.0
126709,2D42F,300,3.0,6.0,B,0.005,0.36,0.39,0.0,0.01,8.0,1.0,52.0,1492.0,1547.0,1666.529541015625,1665.0,2285.0,1561.0
126708,2D42F,300,2.0,6.0,B,0.005,0.36,0.39,0.0,0.01,9.0,2.0,17.0,1492.0,1547.0,1665.4810791015625,1680.0,2487.0,1563.0
126707,2D42F,300,1.0,6.0,B,0.005,0.36,0.39,0.0,0.01,9.0,8.0,9.0,1492.0,1547.0,1693.1776123046875,1698.0,2493.0,1550.0
126706,5E13D,300,3.0,3.0,X,0.005,0.55,0.57,0.007,0.0,9.0,14.0,30.0,1486.0,1541.0,1685.10498046875,1706.0,2516.0,1557.0
126705,5E13D,300,2.0,3.0,X,0.005,0.55,0.57,0.007,0.0,8.0,3.0,43.0,1486.0,1541.0,1679.54833984375,1702.0,2245.0,1550.0
126704,5E13D,300,1.0,3.0,X,0.005,0.55,0.57,0.007,0.0,7.0,1.0,51.0,1486.0,1541.0,1687.2513427734375,1711.0,1941.0,1546.0
126703,5E13D,300,3.0,3.0,X,0.005,0.55,0.57,0.007,0.0,8.0,2.0,16.0,1486.0,1541.0,1679.7802734375,1705.0,2157.0,1563.0
126702,5E13D,300,2.0,3.0,X,0.005,0.55,0.57,0.007,0.0,8.0,8.0,8.0,1486.0,1541.0,1674.3477783203125,1702.0,2162.0,1553.0
126701,5E13D,300,1.0,3.0,X,0.005,0.55,0.57,0.007,0.0,8.0,14.0,29.0,1486.0,1541.0,1681.7813720703125,1699.0,2163.0,1565.0
126700,2D42F,300,6.0,6.0,B,0.005,0.36,0.39,0.0,0.01,7.0,3.0,42.0,1492.0,1547.0,1663.650146484375,1669.0,1897.0,1551.0
126699,2D42F,300,5.0,6.0,B,0.005,0.36,0.39,0.0,0.01,6.0,1.0,50.0,1492.0,1547.0,1666.233642578125,1669.0,1609.0,1552.0
126698,2D42F,300,4.0,6.0,B,0.005,0.36,0.39,0.0,0.01,7.0,2.0,15.0,1492.0,1547.0,1665.0076904296875,1666.0,1828.0,1558.0
126697,2D42F,300,3.0,6.0,B,0.005,0.36,0.39,0.0,0.01,7.0,8.0,7.0,1492.0,1547.0,1664.5989990234375,1665.0,1830.0,1555.0
126696,2D42F,300,2.0,6.0,B,0.005,0.36,0.39,0.0,0.01,7.0,14.0,28.0,1492.0,1547.0,1672.2335205078125,1670.0,1861.0,1557.0
126695,2D42F,300,1.0,6.0,B,0.005,0.36,0.39,0.0,0.01,6.0,3.0,41.0,1492.0,1547.0,1688.4190673828125,1693.0,1596.0,1550.0
126694,9411A,300,6.0,6.0,X,0.015,0.38,0.42,0.0,0.02,5.0,1.0,49.0,1485.0,1530.0,1641.4959716796875,1648.0,1301.0,1543.0
126693,116A5,300,5.0,6.0,X,0.02,0.5,0.52,0.0,0.0,6.0,2.0,14.0,1488.0,1528.0,1643.334716796875,1646.0,1530.0,1541.0
126692,44B90,300,4.0,6.0,X,0.01,0.28,0.31,0.0,0.02,6.0,8.0,6.0,1496.0,1541.0,1642.959228515625,1646.0,1531.0,1549.0
126691,7B0D4,300,3.0,6.0,X,0.01,0.47,0.5,0.0,0.02,6.0,14.0,27.0,1483.0,1523.0,1633.5823974609375,1641.0,1562.0,1532.0
126690,CC49C,300,2.0,6.0,X,0.005,0.55,0.58,0.007,0.0,5.0,3.0,40.0,1486.0,1541.0,1676.202880859375,1680.0,1296.0,1552.0
126689,CC49C,300,1.0,6.0,X,0.005,0.55,0.58,0.007,0.0,4.0,1.0,48.0,1486.0,1541.0,1691.8416748046875,1693.0,975.0,1551.0
126688,E198F,150,2.0,2.0,X,0.0,0.07,0.1,0.0,0.27,5.0,2.0,13.0,1509.0,1549.0,1633.0804443359375,1650.0,1136.0,1569.0
126687,E198F,150,1.0,2.0,X,0.0,0.07,0.1,0.0,0.27,5.0,8.0,5.0,1509.0,1549.0,1648.0736083984375,1645.0,1142.0,
126686,FC47C,150,6.0,6.0,X,0.015,0.45,0.48,0.0,0.01,5.0,14.0,26.0,1482.0,1537.0,1645.3759765625,1651.0,1170.0,1552.0
126685,FC47C,150,5.0,6.0,X,0.015,0.45,0.48,0.0,0.01,4.0,3.0,39.0,1482.0,1537.0,1642.3779296875,1644.0,894.0,1547.0
126684,FC47C,150,4.0,6.0,X,0.015,0.45,0.48,0.0,0.01,3.0,1.0,47.0,1482.0,1537.0,1645.4931640625,1647.0,601.0,1549.0
126683,FC47C,150,3.0,6.0,X,0.015,0.45,0.48,0.0,0.01,4.0,2.0,12.0,1482.0,1537.0,1644.4273681640625,1648.0,817.0,1548.0
126682,FC47C,150,2.0,6.0,X,0.015,0.45,0.48,0.0,0.01,4.0,8.0,4.0,1482.0,1537.0,1645.177001953125,1646.0,820.0,1540.0
126681,FC47C,150,1.0,6.0,X,0.015,0.45,0.48,0.0,0.01,4.0,14.0,25.0,1482.0,1537.0,1662.372802734375,1661.0,852.0,1551.0
126680,FC47C,150,7.0,7.0,X,0.015,0.45,0.48,0.0,0.01,3.0,3.0,38.0,1482.0,1537.0,1641.9000244140625,1645.0,591.0,1538.0
126679,FC47C,150,6.0,7.0,X,0.015,0.45,0.48,0.0,0.01,2.0,1.0,46.0,1482.0,1537.0,1641.96728515625,1644.0,297.0,1529.0
126678,FC47C,150,5.0,7.0,X,0.015,0.45,0.48,0.0,0.01,3.0,2.0,11.0,1482.0,1537.0,1642.5838623046875,1646.0,523.0,1541.0
126677,FC47C,150,4.0,7.0,X,0.015,0.45,0.48,0.0,0.01,3.0,8.0,3.0,1482.0,1537.0,1655.32666015625,1670.0,531.0,1549.0
126676,FC47C,150,3.0,7.0,X,0.015,0.45,0.48,0.0,0.01,3.0,14.0,24.0,1482.0,1537.0,1648.869384765625,1657.0,564.0,1545.0
126675,FC47C,150,2.0,7.0,X,0.015,0.45,0.48,0.0,0.01,2.0,3.0,37.0,1482.0,1537.0,1636.7042236328125,1651.0,286.0,1534.0
126674,FC47C,150,1.0,7.0,X,0.015,0.45,0.48,0.0,0.01,1.0,1.0,45.0,1482.0,1537.0,1684.0963134765625,1684.0,0.0,1539.0
126673,81216,150,7.0,7.0,V,0.0,0.68,0.73,0.01,0.06,2.0,2.0,10.0,1474.0,1509.0,1601.306396484375,1603.0,236.0,1528.0
126672,4A0F0,150,6.0,7.0,X,0.0,0.39,0.43,0.0,0.03,2.0,8.0,2.0,1488.0,1533.0,1624.891845703125,1627.0,229.0,1542.0
126671,F9D23,150,5.0,7.0,X,0.01,0.5,0.54,0.0,0.02,2.0,14.0,23.0,1482.0,1527.0,1623.4759521484375,1633.0,266.0,1540.0
126670,F9D23,150,4.0,7.0,X,0.01,0.5,0.54,0.0,0.02,1.0,3.0,36.0,1482.0,1527.0,1633.23095703125,1633.0,0.0,1546.0
126669,F9D23,150,3.0,7.0,X,0.01,0.5,0.54,0.0,0.02,1.0,2.0,9.0,1482.0,1527.0,1630.3956298828125,1631.0,0.0,1527.0
126668,43C5C,150,2.0,7.0,X,0.005,0.5,0.53,0.0,0.02,1.0,8.0,1.0,1487.0,1532.0,1657.7825927734375,1664.0,0.0,1547.0
126667,43C5C,150,1.0,7.0,X,0.005,0.5,0.53,0.0,0.02,1.0,14.0,22.0,1487.0,1532.0,1675.083740234375,1685.0,0.0,1538.0
126666,EDD03,150,7.0,7.0,B,0.017,0.36,0.39,0.0,0.015,8.0,2.0,8.0,1490.0,1535.0,1642.265380859375,1646.0,1842.0,1534.0
126665,A0D69,150,6.0,7.0,X,0.02,0.18,0.21,0.0,0.0,32.0,1.0,44.0,1510.0,1555.0,1658.7484130859375,1664.0,9368.0,1559.0
126664,DDC4A,150,5.0,7.0,X,0.01,0.32,0.38,0.0,0.0,19.0,3.0,35.0,1493.0,1543.0,1631.4171142578125,1652.0,5533.0,1554.0
126663,27A7C,150,4.0,7.0,X,0.02,0.43,0.47,0.0,0.015,21.0,14.0,21.0,1480.0,1530.0,1636.9783935546875,1646.0,6124.0,1527.0
126662,11307,150,3.0,7.0,X,0.01,0.45,0.5,0.0,0.02,7.0,2.0,7.0,1480.0,1525.0,1618.2095947265625,1628.0,1606.0,1538.0
126661,15370,150,2.0,7.0,X,0.01,0.45,0.48,0.0,0.02,31.0,1.0,43.0,1480.0,1525.0,1625.197509765625,1621.0,9137.0,1534.0
126660,15370,150,1.0,7.0,X,0.01,0.45,0.48,0.0,0.02,18.0,3.0,34.0,1480.0,1525.0,1651.348876953125,1657.0,5301.0,1536.0
126659,8ECFF,150,4.0,4.0,X,0.01,0.46,0.48,0.0,0.02,20.0,14.0,20.0,1476.0,1521.0,1606.3172607421875,1619.0,5886.0,1534.0
126658,8ECFF,150,3.0,4.0,X,0.01,0.46,0.48,0.0,0.02,6.0,2.0,6.0,1476.0,1521.0,1608.403076171875,1619.0,1380.0,1531.0
126657,8ECFF,150,2.0,4.0,X,0.01,0.46,0.48,0.0,0.02,30.0,1.0,42.0,1476.0,1521.0,1606.2879638671875,1611.0,8913.0,1529.0
126656,2E33F,150,1.0,4.0,X,0.008,0.46,0.49,0.0,0.0,17.0,3.0,33.0,1483.0,1528.0,1650.982177734375,1652.0,5059.0,1547.0
126655,3B7FC,150,9.0,9.0,X,0.005,0.46,0.5,0.0,0.015,19.0,14.0,19.0,1480.0,1525.0,1632.6895751953125,1634.0,5623.0,1527.0
126654,3B7FC,150,8.0,9.0,X,0.005,0.46,0.5,0.0,0.015,5.0,2.0,5.0,1480.0,1525.0,1616.9365234375,1627.0,1112.0,1525.0
126653,3B7FC,150,7.0,9.0,X,0.005,0.46,0.5,0.0,0.015,29.0,1.0,41.0,1480.0,1525.0,1616.9365234375,1627.0,8646.0,1528.0
126652,3B7FC,150,6.0,9.0,X,0.005,0.46,0.5,0.0,0.015,16.0,3.0,32.0,1480.0,1525.0,1616.9365234375,1623.0,4812.0,1523.0
126651,3B7FC,150,5.0,9.0,X,0.005,0.46,0.5,0.0,0.015,18.0,14.0,18.0,1480.0,1525.0,1616.9365234375,1623.0,5398.0,1533.0
126650,3B7FC,150,4.0,9.0,X,0.005,0.46,0.5,0.0,0.015,4.0,2.0,4.0,1480.0,1525.0,1618.366943359375,1627.0,888.0,1536.0
126649,3B7FC,150,3.0,9.0,X,0.005,0.46,0.5,0.0,0.015,28.0,1.0,40.0,1480.0,1525.0,1615.0894775390625,1634.0,8413.0,1533.0
126648,3B7FC,150,2.0,9.0,X,0.005,0.46,0.5,0.0,0.015,15.0,3.0,31.0,1480.0,1525.0,1607.011474609375,1605.0,4572.0,1526.0
126647,3B7FC,150,1.0,9.0,X,0.005,0.46,0.5,0.0,0.015,17.0,14.0,17.0,1480.0,1525.0,1637.6094970703125,1638.0,5135.0,1533.0
126646,27A7C,150,6.0,6.0,X,0.02,0.43,0.47,0.0,0.015,3.0,2.0,3.0,1480.0,1530.0,1640.8251953125,1671.0,623.0,1557.0
126645,27A7C,150,5.0,6.0,X,0.02,0.43,0.47,0.0,0.015,27.0,1.0,39.0,1480.0,1530.0,1634.3232421875,1658.0,8148.0,1544.0
126644,27A7C,150,4.0,6.0,X,0.02,0.43,0.47,0.0,0.015,14.0,3.0,30.0,1480.0,1530.0,1633.81787109375,1653.0,4307.0,1547.0
126643,27A7C,150,3.0,6.0,X,0.02,0.43,0.47,0.0,0.015,16.0,14.0,16.0,1480.0,1530.0,1633.95751953125,1646.0,4842.0,1546.0
126642,27A7C,150,2.0,6.0,X,0.02,0.43,0.47,0.0,0.015,2.0,2.0,2.0,1480.0,1530.0,1641.8671875,1661.0,300.0,1539.0
126641,27A7C,150,5.0,10.0,X,0.02,0.43,0.47,0.0,0.015,25.0,4.0,57.0,1480.0,1530.0,1635.3419189453125,1652.0,7820.0,1548.0
126640,27A7C,150,4.0,10.0,X,0.02,0.43,0.47,0.0,0.015,26.0,1.0,38.0,1480.0,1530.0,1634.759765625,1634.0,7775.0,1536.0
126639,27A7C,150,3.0,10.0,X,0.02,0.43,0.47,0.0,0.015,13.0,3.0,29.0,1480.0,1530.0,1630.8409423828125,1627.0,3934.0,1545.0
126638,27A7C,150,2.0,10.0,X,0.02,0.43,0.47,0.0,0.015,15.0,14.0,15.0,1480.0,1530.0,1634.4039306640625,1636.0,4540.0,1534.0
126637,27A7C,150,1.0,10.0,X,0.02,0.43,0.47,0.0,0.015,1.0,2.0,1.0,1480.0,1530.0,1679.8470458984375,1687.0,0.0,1546.0
126636,4D097,150,8.0,8.0,X,0.015,0.51,0.55,0.0,0.01,24.0,4.0,56.0,1487.0,1537.0,1638.1126708984375,1644.0,7507.0,1551.0
126635,4D097,150,7.0,8.0,X,0.015,0.51,0.55,0.0,0.01,25.0,1.0,37.0,1487.0,1537.0,1636.5115966796875,1638.0,7462.0,1552.0
126634,4D097,150,6.0,8.0,X,0.015,0.51,0.55,0.0,0.01,12.0,3.0,28.0,1487.0,1537.0,1637.22607421875,1644.0,3626.0,1546.0
126633,4D097,150,5.0,8.0,X,0.015,0.51,0.55,0.0,0.01,14.0,14.0,14.0,1487.0,1537.0,1637.74609375,1649.0,4229.0,1547.0
126632,4D097,150,4.0,8.0,X,0.015,0.51,0.55,0.0,0.01,23.0,4.0,55.0,1487.0,1537.0,1641.054443359375,1638.0,7280.0,1538.0
126631,4D097,150,3.0,8.0,X,0.015,0.51,0.55,0.0,0.01,24.0,1.0,36.0,1487.0,1537.0,1642.4788818359375,1643.0,7235.0,1536.0
126630,4D097,150,2.0,8.0,X,0.015,0.51,0.55,0.0,0.01,11.0,3.0,27.0,1487.0,1537.0,1642.34326171875,1644.0,3402.0,1545.0
126629,4D097,150,1.0,8.0,X,0.015,0.51,0.55,0.0,0.01,13.0,14.0,13.0,1487.0,1537.0,1655.514404296875,1659.0,3961.0,1544.0
126628,4D097,150,7.0,8.0,X,0.015,0.51,0.55,0.0,0.01,22.0,4.0,54.0,1487.0,1537.0,1640.454833984375,1646.0,6995.0,1542.0
126627,4D097,150,6.0,8.0,X,0.015,0.51,0.55,0.0,0.01,23.0,1.0,35.0,1487.0,1537.0,1643.56689453125,1644.0,6955.0,1535.0
126626,4D097,150,5.0,8.0,X,0.015,0.51,0.55,0.0,0.01,10.0,3.0,26.0,1487.0,1537.0,1642.486328125,1641.0,3091.0,1535.0
126625,4D097,150,4.0,8.0,X,0.015,0.51,0.55,0.0,0.01,12.0,14.0,12.0,1487.0,1537.0,1645.283447265625,1635.0,3689.0,1541.0
126624,4D097,150,3.0,8.0,X,0.015,0.51,0.55,0.0,0.01,21.0,4.0,53.0,1487.0,1537.0,1641.950927734375,1638.0,6736.0,1548.0
126623,4D097,150,2.0,8.0,X,0.015,0.51,0.55,0.0,0.01,22.0,1.0,34.0,1487.0,1537.0,1644.3052978515625,1644.0,6694.0,1543.0
126622,4D097,150,1.0,8.0,X,0.015,0.51,0.55,0.0,0.01,21.0,6.0,63.0,1487.0,1537.0,1663.2664794921875,1663.0,6554.0,1532.0
126621,47D7D,150,6.0,6.0,X,0.0,0.37,0.41,0.011,0.08,9.0,3.0,25.0,1480.0,1530.0,1623.9434814453125,1625.0,2788.0,1528.0
126620,47D7D,150,5.0,6.0,X,0.0,0.37,0.41,0.011,0.08,11.0,14.0,11.0,1480.0,1530.0,1627.2852783203125,1628.0,3376.0,1533.0
126619,47D7D,150,4.0,6.0,X,0.0,0.37,0.41,0.011,0.08,20.0,4.0,52.0,1480.0,1530.0,1631.7249755859375,1635.0,6417.0,1537.0
126618,47D7D,150,3.0,6.0,X,0.0,0.37,0.41,0.011,0.08,21.0,1.0,33.0,1480.0,1530.0,1631.515869140625,1630.0,6354.0,1534.0
126617,47D7D,150,2.0,6.0,X,0.0,0.37,0.41,0.011,0.08,20.0,6.0,62.0,1480.0,1530.0,1629.3843994140625,1631.0,6214.0,1540.0
126616,47D7D,150,1.0,6.0,X,0.0,0.37,0.41,0.011,0.08,8.0,3.0,24.0,1480.0,1530.0,1646.3924560546875,1648.0,2462.0,1521.0
126615,47D7D,150,7.0,7.0,X,0.0,0.37,0.41,0.011,0.08,10.0,14.0,10.0,1480.0,1530.0,1635.2276611328125,1638.0,3024.0,1538.0
126614,47D7D,150,6.0,7.0,X,0.0,0.37,0.41,0.011,0.08,19.0,4.0,51.0,1480.0,1530.0,1634.49951171875,1638.0,6056.0,1541.0
126613,47D7D,150,5.0,7.0,X,0.0,0.37,0.41,0.011,0.08,20.0,1.0,32.0,1480.0,1530.0,1618.6673583984375,1623.0,6011.0,1529.0
126612,47D7D,150,4.0,7.0,X,0.0,0.37,0.41,0.011,0.08,19.0,6.0,61.0,1480.0,1530.0,1620.3017578125,1623.0,5872.0,1529.0
126611,47D7D,150,3.0,7.0,X,0.0,0.37,0.41,0.011,0.08,7.0,3.0,23.0,1480.0,1530.0,1633.28759765625,1631.0,2112.0,1529.0
126610,47D7D,150,2.0,7.0,X,0.0,0.37,0.41,0.011,0.08,9.0,14.0,9.0,1480.0,1530.0,1622.4208984375,1625.0,2710.0,1536.0
126609,47D7D,150,1.0,7.0,X,0.0,0.37,0.41,0.011,0.08,18.0,4.0,50.0,1480.0,1530.0,1645.11572265625,1650.0,5755.0,1543.0
126608,47D7D,150,6.0,6.0,X,0.0,0.37,0.41,0.011,0.08,19.0,1.0,31.0,1480.0,1530.0,1635.8582763671875,1660.0,5704.0,1540.0
126607,47D7D,150,5.0,6.0,X,0.0,0.37,0.41,0.011,0.08,18.0,6.0,60.0,1480.0,1530.0,1637.9302978515625,1650.0,5560.0,1534.0
126606,47D7D,150,4.0,6.0,X,0.0,0.37,0.41,0.011,0.08,6.0,3.0,22.0,1480.0,1530.0,1636.8424072265625,1644.0,1802.0,1533.0
126605,9A58C,150,3.0,6.0,X,0.0,0.37,0.45,0.008,0.08,8.0,14.0,8.0,1480.0,1530.0,1641.576904296875,1646.0,2351.0,1541.0
126604,9A58C,150,3.0,7.0,X,0.0,0.37,0.45,0.008,0.08,18.0,1.0,30.0,1480.0,1530.0,1642.2149658203125,1652.0,5380.0,1522.0
126603,9A58C,150,2.0,7.0,X,0.0,0.37,0.45,0.008,0.08,17.0,4.0,49.0,1480.0,1530.0,1643.97509765625,1633.0,5307.0,1538.0
126602,9A58C,150,1.0,3.0,X,0.0,0.37,0.45,0.008,0.08,17.0,6.0,59.0,1480.0,1530.0,1647.3424072265625,1634.0,5068.0,1520.0
126601,9A58C,150,6.0,8.0,X,0.0,0.37,0.45,0.008,0.08,5.0,3.0,21.0,1480.0,1530.0,1632.641357421875,1631.0,1296.0,1527.0
126600,9A58C,150,5.0,8.0,X,0.0,0.37,0.45,0.008,0.08,7.0,14.0,7.0,1480.0,1530.0,1633.043701171875,1634.0,1896.0,1530.0
126599,9A58C,150,4.0,8.0,X,0.0,0.37,0.45,0.008,0.08,17.0,1.0,29.0,1480.0,1530.0,1632.510498046875,1633.0,4956.0,1529.0
126598,9A58C,150,3.0,8.0,X,0.0,0.37,0.45,0.008,0.08,16.0,4.0,48.0,1480.0,1530.0,1632.2255859375,1635.0,4871.0,1537.0
126597,9A58C,150,2.0,8.0,X,0.0,0.37,0.45,0.008,0.08,16.0,6.0,58.0,1480.0,1530.0,1620.2120361328125,1622.0,4744.0,1533.0
126596,9A58C,150,1.0,8.0,X,0.0,0.37,0.45,0.008,0.08,4.0,3.0,20.0,1480.0,1530.0,1649.17626953125,1648.0,993.0,1533.0
126595,D351E,150,4.0,4.0,B,0.015,0.33,0.35,0.0,0.01,6.0,14.0,6.0,1490.0,1535.0,1643.5447998046875,1646.0,1602.0,1545.0
126594,D63DF,150,3.0,4.0,V,0.005,0.37,0.4,0.01,0.03,16.0,1.0,28.0,1480.0,1535.0,1639.904052734375,1641.0,4653.0,1546.0
126593,D63DF,150,2.0,4.0,V,0.005,0.37,0.4,0.01,0.03,15.0,4.0,47.0,1480.0,1535.0,1636.083984375,1638.0,4590.0,1538.0
126592,BB21B,150,1.0,4.0,V,0.0,0.45,0.48,0.018,0.05,15.0,6.0,57.0,1472.0,1517.0,1636.485107421875,1639.0,4463.0,1522.0
126591,D2F4A,150,7.0,7.0,V,0.01,0.36,0.38,0.012,0.02,3.0,3.0,19.0,1481.0,1536.0,1646.5374755859375,1655.0,714.0,1549.0
126590,E1B6A,150,6.0,7.0,X,0.02,0.18,0.2,0.0,0.015,5.0,14.0,5.0,1501.0,1546.0,1650.035400390625,1653.0,1319.0,1551.0
126589,E1B6A,150,5.0,7.0,X,0.02,0.18,0.2,0.0,0.015,15.0,1.0,27.0,1501.0,1546.0,1661.4993896484375,1667.0,4379.0,1554.0
126588,B7DF0,150,4.0,7.0,X,0.015,0.38,0.42,0.0,0.02,14.0,4.0,46.0,1486.0,1531.0,1626.423095703125,1629.0,4314.0,1531.0
126587,B7DF0,150,3.0,7.0,X,0.015,0.38,0.42,0.0,0.02,14.0,6.0,56.0,1486.0,1531.0,1632.3583984375,1635.0,4189.0,1542.0
126586,B7DF0,150,2.0,7.0,X,0.015,0.38,0.42,0.0,0.02,2.0,3.0,18.0,1486.0,1531.0,1632.7835693359375,1630.0,425.0,1535.0
126585,B7DF0,150,1.0,7.0,X,0.015,0.38,0.42,0.0,0.02,4.0,14.0,4.0,1486.0,1531.0,1645.980712890625,1636.0,1013.0,1521.0
126584,BB21B,150,3.0,3.0,V,0.0,0.45,0.48,0.018,0.05,14.0,1.0,26.0,1472.0,1517.0,0.0,1641.0,3948.0,1528.0
126583,BB21B,150,2.0,3.0,V,0.0,0.45,0.48,0.018,0.05,13.0,4.0,45.0,1472.0,1517.0,0.0,1646.0,3881.0,1535.0
126582,44D42,150,1.0,7.0,V,0.01,0.34,0.37,0.01,0.02,13.0,6.0,55.0,1489.0,1534.0,1646.20068359375,1653.0,3747.0,1540.0
126581,7FEAB,150,5.0,5.0,X,0.02,0.19,0.21,0.009,0.02,1.0,3.0,17.0,1506.0,1551.0,1679.935791015625,1682.0,0.0,1556.0
126580,D398B,150,4.0,5.0,X,0.02,0.2,0.22,0.009,0.02,3.0,14.0,3.0,1506.0,1551.0,1669.37890625,1671.0,592.0,1550.0
126579,D398B,150,3.0,5.0,X,0.02,0.2,0.22,0.009,0.02,13.0,1.0,25.0,1506.0,1551.0,1662.76025390625,1666.0,3677.0,1552.0
126578,D398B,150,2.0,5.0,X,0.02,0.2,0.22,0.009,0.02,12.0,4.0,44.0,1506.0,1551.0,1662.9652099609375,1665.0,3581.0,1549.0
126577,D398B,150,1.0,5.0,X,0.02,0.2,0.22,0.009,0.02,12.0,6.0,54.0,1506.0,1551.0,1672.7745361328125,1670.0,3456.0,1544.0
126576,1E6E6,150,7.0,7.0,X,0.025,0.19,0.23,0.01,0.015,7.0,7.0,64.0,1505.0,1550.0,1656.962890625,1654.0,1843.0,1558.0
126575,5692D,150,6.0,7.0,X,0.01,0.39,0.41,0.0,0.01,2.0,14.0,2.0,1486.0,1531.0,1641.575439453125,1644.0,285.0,1539.0
126574,5692D,150,5.0,7.0,X,0.01,0.39,0.41,0.0,0.01,12.0,1.0,24.0,1486.0,1531.0,1630.439453125,1631.0,3356.0,1543.0
126573,57414,150,4.0,7.0,X,0.01,0.38,0.43,0.0,0.02,11.0,4.0,43.0,1486.0,1531.0,1631.3397216796875,1633.0,3293.0,1535.0
126572,0E7D0,150,3.0,7.0,X,0.01,0.4,0.43,0.0,0.0,11.0,6.0,53.0,1483.0,1528.0,1631.4320068359375,1635.0,3165.0,1532.0
126571,0E7D0,150,2.0,7.0,X,0.01,0.4,0.43,0.0,0.0,6.0,7.0,63.0,1483.0,1528.0,1630.541015625,1633.0,1570.0,1536.0
126570,0E7D0,150,1.0,7.0,X,0.01,0.4,0.43,0.0,0.0,1.0,14.0,1.0,1483.0,1528.0,1681.303955078125,1679.0,0.0,1539.0
126569,7F484,150,8.0,8.0,X,0.02,0.15,0.17,0.008,0.02,11.0,1.0,23.0,1512.0,1557.0,1661.2054443359375,1676.0,3134.0,1572.0
126568,7F484,150,7.0,8.0,X,0.02,0.15,0.17,0.008,0.02,10.0,3.0,16.0,1512.0,1557.0,1665.58740234375,1667.0,2890.0,1560.0
126567,7BE94,150,6.0,8.0,X,0.02,0.15,0.17,0.008,0.02,10.0,4.0,42.0,1509.0,1554.0,1650.1378173828125,1656.0,2956.0,1557.0
126566,7BE94,150,5.0,8.0,X,0.02,0.15,0.17,0.008,0.02,10.0,6.0,52.0,1509.0,1554.0,1650.4544677734375,1653.0,2821.0,1549.0
126565,CA2FD,150,4.0,8.0,X,0.02,0.15,0.17,0.009,0.02,5.0,7.0,62.0,1507.0,1551.0,1666.3543701171875,1684.0,1220.0,1557.0
126564,68448,150,3.0,8.0,X,0.02,0.15,0.17,0.008,0.02,10.0,1.0,22.0,1507.0,1551.0,1661.8165283203125,1670.0,2849.0,1561.0
126563,3EFD8,150,2.0,8.0,X,0.005,0.33,0.36,0.0,0.02,9.0,3.0,15.0,1490.0,1540.0,1647.7333984375,1653.0,2600.0,1530.0
126562,3EFD8,150,1.0,8.0,X,0.005,0.33,0.36,0.0,0.02,9.0,4.0,41.0,1490.0,1540.0,1653.626953125,1658.0,2658.0,1540.0
126561,E0B89,150,7.0,7.0,X,0.02,0.22,0.25,0.01,0.015,9.0,6.0,51.0,1501.0,1541.0,1643.841796875,1643.0,2467.0,1541.0
126560,8E733,150,6.0,7.0,X,0.02,0.17,0.19,0.01,0.02,4.0,7.0,61.0,1506.0,1551.0,1658.6561279296875,1669.0,867.0,1559.0
126559,8E733,150,5.0,7.0,X,0.02,0.17,0.19,0.01,0.02,9.0,1.0,21.0,1506.0,1551.0,1656.850830078125,1657.0,2496.0,1562.0
126558,8E733,150,4.0,7.0,X,0.02,0.17,0.19,0.01,0.02,8.0,3.0,14.0,1506.0,1551.0,1655.519775390625,1660.0,2247.0,1559.0
126557,59F71,150,3.0,7.0,X,0.02,0.19,0.22,0.008,0.0,8.0,4.0,40.0,1502.0,1547.0,1645.86962890625,1658.0,2309.0,1552.0
126556,C2394,150,2.0,7.0,X,0.02,0.17,0.22,0.01,0.01,8.0,6.0,50.0,1502.0,1547.0,1649.5369873046875,1653.0,2181.0,1553.0
126555,C2394,150,1.0,7.0,X,0.02,0.17,0.22,0.01,0.01,3.0,7.0,60.0,1502.0,1547.0,1671.510498046875,1668.0,577.0,1550.0
126554,80160,150,5.0,5.0,X,0.015,0.4,0.45,0.0,0.02,8.0,1.0,20.0,1487.0,1542.0,1645.240478515625,1646.0,2210.0,
126553,80160,150,4.0,5.0,X,0.015,0.4,0.45,0.0,0.02,7.0,3.0,13.0,1487.0,1542.0,1643.9293212890625,1642.0,1949.0,
126552,80160,150,3.0,5.0,X,0.015,0.4,0.45,0.0,0.02,7.0,4.0,39.0,1487.0,1542.0,1643.44580078125,1643.0,2021.0,
126551,80160,150,2.0,5.0,X,0.015,0.4,0.45,0.0,0.02,7.0,6.0,49.0,1487.0,1542.0,1644.466796875,1642.0,1890.0,
126550,AB910,150,1.0,5.0,X,0.02,0.4,0.45,0.0,0.02,2.0,7.0,59.0,1483.0,1538.0,1661.48583984375,1660.0,292.0,
126549,E7999,150,7.0,7.0,X,0.02,0.16,0.18,0.012,0.01,7.0,1.0,19.0,1506.0,1551.0,1667.1502685546875,1664.0,1917.0,
126548,E7999,150,6.0,7.0,X,0.02,0.16,0.18,0.012,0.01,6.0,3.0,12.0,1506.0,1551.0,1667.435302734375,1665.0,1671.0,
126547,E7999,150,5.0,7.0,X,0.02,0.16,0.18,0.012,0.01,6.0,4.0,38.0,1506.0,1551.0,1668.57080078125,1663.0,1734.0,
126546,E7999,150,4.0,7.0,X,0.02,0.16,0.18,0.012,0.01,6.0,6.0,48.0,1506.0,1551.0,1667.9046630859375,1660.0,1604.0,
126545,E7999,150,3.0,7.0,X,0.02,0.16,0.18,0.012,0.01,1.0,7.0,58.0,1506.0,1551.0,1674.2794189453125,1683.0,0.0,
126544,E7999,150,2.0,7.0,X,0.02,0.16,0.18,0.012,0.01,6.0,1.0,18.0,1506.0,1551.0,1668.4036865234375,1662.0,1616.0,
126543,E7999,150,1.0,7.0,X,0.02,0.16,0.18,0.012,0.01,5.0,3.0,11.0,1506.0,1551.0,1689.367919921875,1688.0,1366.0,
126542,15493,150,8.0,8.0,X,0.01,0.38,0.43,0.0,0.0,5.0,4.0,37.0,1485.0,1525.0,1644.113037109375,1651.0,1279.0,
126541,15493,150,7.0,8.0,X,0.01,0.38,0.43,0.0,0.0,5.0,6.0,47.0,1485.0,1525.0,1638.7587890625,1665.0,1152.0,
126540,A7B3C,150,6.0,8.0,X,0.025,0.2,0.23,0.01,0.01,2.0,7.0,57.0,1504.0,1549.0,1647.49169921875,1646.0,340.0,1545.0
126539,A7B3C,150,5.0,8.0,X,0.025,0.2,0.23,0.01,0.01,5.0,1.0,17.0,1504.0,1549.0,1648.8865966796875,1650.0,1178.0,1543.0
126538,A7B3C,150,4.0,8.0,X,0.025,0.2,0.23,0.01,0.01,4.0,3.0,10.0,1504.0,1549.0,1650.47607421875,1649.0,931.0,1548.0
126537,A7B3C,150,3.0,8.0,X,0.025,0.2,0.23,0.01,0.01,2.0,4.0,36.0,1504.0,1549.0,1656.319580078125,1648.0,477.0,1553.0
126536,9C4F0,150,2.0,8.0,X,0.015,0.18,0.23,0.01,0.0,4.0,6.0,46.0,1504.0,1549.0,1648.0076904296875,1648.0,854.0,1561.0
126535,9C4F0,150,1.0,8.0,X,0.015,0.18,0.23,0.01,0.0,4.0,4.0,35.0,1504.0,1549.0,1671.3140869140625,1671.0,831.0,1547.0
126534,9E44C,150,3.0,3.0,X,0.02,0.18,0.2,0.01,0.02,4.0,1.0,16.0,1500.0,1540.0,1653.4478759765625,1666.0,833.0,1555.0
126533,AA222,150,3.0,4.0,X,0.018,0.19,0.22,0.0,0.025,3.0,3.0,9.0,1502.0,1542.0,1656.898193359375,1664.0,485.0,1555.0
126532,D2FCF,150,3.0,5.0,X,0.015,0.19,0.21,0.01,0.02,3.0,6.0,45.0,1500.0,1545.0,1648.819091796875,1647.0,439.0,1545.0
126531,542D8,150,2.0,5.0,X,0.015,0.21,0.23,0.0,0.025,3.0,4.0,34.0,1503.0,1553.0,1651.4439697265625,1655.0,460.0,1555.0
126530,66364,150,1.0,5.0,X,0.02,0.18,0.21,0.01,0.02,3.0,1.0,15.0,1502.0,1542.0,1653.4593505859375,1658.0,469.0,1554.0
126529,C8C14,150,8.0,8.0,X,0.02,0.16,0.18,0.008,0.015,2.0,3.0,8.0,1507.0,1547.0,1648.9449462890625,1657.0,223.0,1558.0
126528,F10E0,150,7.0,8.0,X,0.02,0.15,0.18,0.008,0.0,2.0,6.0,44.0,1511.0,1552.0,1642.9932861328125,1643.0,219.0,1561.0
126527,F10E0,150,6.0,8.0,X,0.02,0.15,0.18,0.008,0.0,2.0,4.0,33.0,1511.0,1552.0,1640.3206787109375,1638.0,243.0,1557.0
126526,FB109,150,5.0,8.0,X,0.02,0.18,0.2,0.008,0.02,2.0,1.0,14.0,1507.0,1552.0,1650.5625,1654.0,247.0,1560.0
126525,FB109,150,4.0,8.0,X,0.02,0.18,0.2,0.008,0.02,1.0,3.0,7.0,1507.0,1552.0,1673.4931640625,1676.0,0.0,1560.0
126524,4B82B,150,3.0,8.0,X,0.02,0.3,0.33,0.006,0.02,1.0,6.0,43.0,1495.0,1545.0,1668.1864013671875,1674.0,0.0,1556.0
126523,4B82B,150,2.0,8.0,X,0.02,0.3,0.33,0.006,0.02,1.0,4.0,32.0,1495.0,1545.0,1667.4837646484375,1672.0,0.0,1553.0
126522,4B82B,150,1.0,8.0,X,0.02,0.3,0.33,0.006,0.02,1.0,1.0,13.0,1495.0,1545.0,1696.9022216796875,1695.0,0.0,1548.0
126521,4B82B,150,2.0,2.0,X,0.02,0.3,0.33,0.006,0.02,10.0,4.0,31.0,1495.0,1545.0,1652.296142578125,1652.0,3252.0,1545.0
126520,4B82B,150,1.0,2.0,X,0.02,0.3,0.33,0.006,0.02,6.0,3.0,6.0,1495.0,1545.0,1675.550048828125,1676.0,1760.0,1551.0
126519,7FEAB,150,7.0,7.0,X,0.02,0.19,0.21,0.009,0.02,2.0,7.0,56.0,1506.0,1551.0,1673.9769287109375,1676.0,309.0,1555.0
126518,7FEAB,150,6.0,7.0,X,0.02,0.19,0.21,0.009,0.02,2.0,6.0,42.0,1506.0,1551.0,1675.0653076171875,1678.0,378.0,1559.0
126517,7FEAB,150,5.0,7.0,X,0.02,0.19,0.21,0.009,0.02,12.0,1.0,12.0,1506.0,1551.0,1678.9384765625,1680.0,3774.0,1561.0
126516,7FEAB,150,4.0,7.0,X,0.02,0.19,0.21,0.009,0.02,9.0,4.0,30.0,1506.0,1551.0,1680.7554931640625,1682.0,2958.0,1561.0
126515,7FEAB,150,3.0,7.0,X,0.02,0.19,0.21,0.009,0.02,5.0,3.0,5.0,1506.0,1551.0,1680.5128173828125,1683.0,1453.0,1565.0
126514,7FEAB,150,2.0,7.0,X,0.02,0.19,0.21,0.009,0.02,1.0,7.0,55.0,1506.0,1551.0,1688.137451171875,1708.0,0.0,1568.0
126513,7FEAB,150,1.0,7.0,X,0.02,0.19,0.21,0.009,0.02,1.0,6.0,41.0,1506.0,1551.0,1713.6165771484375,1715.0,0.0,1564.0
126512,E2E8F,300,10.0,10.0,X,0.0,0.85,0.95,0.0,0.0,11.0,1.0,11.0,1465.0,1490.0,1610.10546875,1613.0,3339.0,1493.0
126511,E2E8F,300,9.0,10.0,X,0.0,0.85,0.95,0.0,0.0,8.0,4.0,29.0,1465.0,1490.0,1604.144287109375,1605.0,2534.0,1495.0
126510,E2E8F,300,8.0,10.0,X,0.0,0.85,0.95,0.0,0.0,4.0,3.0,4.0,1465.0,1490.0,1607.8935546875,1603.0,1028.0,1487.0
126509,E2E8F,300,7.0,10.0,X,0.0,0.85,0.95,0.0,0.0,22.0,8.0,65.0,1465.0,1490.0,1604.9898681640625,1608.0,7100.0,1498.0
126508,E2E8F,300,6.0,10.0,X,0.0,0.85,0.95,0.0,0.0,2.0,7.0,54.0,1465.0,1490.0,1606.516845703125,1610.0,304.0,1492.0
126507,E2E8F,300,5.0,10.0,X,0.0,0.85,0.95,0.0,0.0,10.0,1.0,10.0,1465.0,1490.0,1604.9658203125,1604.0,3031.0,1496.0
126506,E2E8F,300,4.0,10.0,X,0.0,0.85,0.95,0.0,0.0,7.0,4.0,28.0,1465.0,1490.0,1603.279541015625,1608.0,2199.0,1502.0
126505,E2E8F,300,3.0,10.0,X,0.0,0.85,0.95,0.0,0.0,3.0,3.0,3.0,1465.0,1490.0,1615.9693603515625,1618.0,700.0,1496.0
126504,E2E8F,300,2.0,10.0,X,0.0,0.85,0.95,0.0,0.0,21.0,8.0,64.0,1465.0,1490.0,1610.6951904296875,1608.0,6788.0,1498.0
126503,E2E8F,300,1.0,10.0,X,0.0,0.85,0.95,0.0,0.0,1.0,7.0,53.0,1465.0,1490.0,1640.594482421875,1638.0,0.0,1502.0
126502,889AE,300,4.0,4.0,B,0.02,0.16,0.18,0.012,0.01,9.0,1.0,9.0,1507.0,1532.0,1641.6029052734375,1649.0,2726.0,1547.0
126501,889AE,300,3.0,4.0,B,0.02,0.16,0.18,0.012,0.01,6.0,4.0,27.0,1507.0,1532.0,1644.1168212890625,1647.0,1918.0,1542.0
126500,889AE,300,2.0,4.0,B,0.02,0.16,0.18,0.012,0.01,2.0,3.0,2.0,1507.0,1532.0,1653.9029541015625,1650.0,416.0,1544.0
126499,889AE,300,1.0,4.0,B,0.02,0.16,0.18,0.012,0.01,1.0,6.0,40.0,1507.0,1532.0,1686.71044921875,1680.0,0.0,1555.0
126498,47D7D,300,5.0,5.0,X,0.0,0.37,0.41,0.011,0.08,20.0,8.0,63.0,1480.0,1525.0,1629.3138427734375,1632.0,6328.0,1535.0
126497,9A58C,300,4.0,5.0,X,0.0,0.37,0.45,0.008,0.08,8.0,1.0,8.0,1480.0,1525.0,1633.277099609375,1632.0,2316.0,1528.0
126496,9A58C,300,3.0,5.0,X,0.0,0.37,0.45,0.008,0.08,5.0,4.0,26.0,1480.0,1525.0,1629.0462646484375,1636.0,1497.0,1528.0
126495,9A58C,300,2.0,5.0,X,0.0,0.37,0.45,0.008,0.08,1.0,3.0,1.0,1480.0,1525.0,1649.9864501953125,1653.0,0.0,1539.0
126494,9A58C,300,1.0,5.0,X,0.0,0.37,0.45,0.008,0.08,20.0,7.0,52.0,1480.0,1525.0,1641.7015380859375,1645.0,5943.0,1526.0
126493,E2E8F,300,10.0,10.0,X,0.0,0.85,0.95,0.0,0.0,19.0,8.0,62.0,1465.0,1490.0,1612.2386474609375,1612.0,5894.0,1485.0
126492,E2E8F,300,9.0,10.0,X,0.0,0.85,0.95,0.0,0.0,7.0,1.0,7.0,1465.0,1490.0,1608.4776611328125,1611.0,1878.0,1503.0
126491,E2E8F,300,8.0,10.0,X,0.0,0.85,0.95,0.0,0.0,4.0,4.0,25.0,1465.0,1490.0,1606.2740478515625,1607.0,1065.0,1490.0
126490,E2E8F,300,7.0,10.0,X,0.0,0.85,0.95,0.0,0.0,2.0,6.0,39.0,1465.0,1490.0,1607.03857421875,1612.0,343.0,1501.0
126489,E2E8F,300,6.0,10.0,X,0.0,0.85,0.95,0.0,0.0,19.0,7.0,51.0,1465.0,1490.0,1603.8896484375,1601.0,5519.0,1485.0
126488,E2E8F,300,5.0,10.0,X,0.0,0.85,0.95,0.0,0.0,6.0,1.0,6.0,1465.0,1490.0,1604.400390625,1610.0,1625.0,1492.0
126487,E2E8F,300,4.0,10.0,X,0.0,0.85,0.95,0.0,0.0,18.0,8.0,61.0,1465.0,1490.0,1605.609375,1615.0,5495.0,1488.0
126486,E2E8F,300,3.0,10.0,X,0.0,0.85,0.95,0.0,0.0,3.0,4.0,24.0,1465.0,1490.0,1608.399658203125,1617.0,740.0,30.0
126485,E2E8F,300,2.0,10.0,X,0.0,0.85,0.95,0.0,0.0,1.0,6.0,38.0,1465.0,1490.0,1630.389404296875,1630.0,0.0,1514.0
126484,9A58C,300,3.0,7.0,X,0.0,0.37,0.45,0.008,0.08,18.0,7.0,50.0,1480.0,1525.0,1629.52978515625,1621.0,5174.0,1509.0
126483,9A58C,300,2.0,7.0,X,0.0,0.37,0.45,0.008,0.08,5.0,1.0,5.0,1480.0,1525.0,1620.6463623046875,1624.0,1221.0,1525.0
126482,9A58C,300,1.0,7.0,X,0.0,0.37,0.45,0.008,0.08,2.0,4.0,23.0,1480.0,1525.0,1638.93408203125,1628.0,327.0,1524.0
126481,889AE,300,5.0,5.0,B,0.02,0.16,0.18,0.012,0.01,16.0,6.0,37.0,1507.0,1532.0,1639.9141845703125,1656.0,4166.0,1544.0
126480,889AE,300,4.0,5.0,B,0.02,0.16,0.18,0.012,0.01,17.0,8.0,60.0,1507.0,1532.0,1633.2445068359375,1669.0,4928.0,1550.0
126479,889AE,300,3.0,5.0,B,0.02,0.16,0.18,0.012,0.01,17.0,7.0,49.0,1507.0,1532.0,1642.144775390625,1639.0,4739.0,1524.0
126478,889AE,300,2.0,5.0,B,0.02,0.16,0.18,0.012,0.01,4.0,1.0,4.0,1507.0,1532.0,1640.86083984375,1646.0,839.0,1544.0
126477,889AE,300,1.0,4.0,B,0.02,0.16,0.18,0.012,0.01,1.0,4.0,22.0,1507.0,1532.0,1693.825927734375,1712.0,0.0,1549.0
126476,E2E8F,300,6.0,6.0,X,0.0,0.85,0.95,0.0,0.0,15.0,6.0,36.0,1465.0,1490.0,1612.1748046875,1612.0,3824.0,1498.0
126475,E2E8F,300,5.0,6.0,X,0.0,0.85,0.95,0.0,0.0,16.0,8.0,59.0,1465.0,1490.0,1606.382080078125,1607.0,4580.0,1505.0
126474,E2E8F,300,4.0,6.0,X,0.0,0.85,0.95,0.0,0.0,3.0,1.0,3.0,1465.0,1490.0,1618.884521484375,1622.0,551.0,1497.0
126473,E2E8F,300,3.0,6.0,X,0.0,0.85,0.95,0.0,0.0,16.0,7.0,48.0,1465.0,1490.0,1609.7286376953125,1608.0,4321.0,1491.0
126472,E2E8F,300,2.0,6.0,X,0.0,0.85,0.95,0.0,0.0,14.0,6.0,35.0,1465.0,1490.0,1609.7286376953125,1610.0,3550.0,1499.0
126471,E2E8F,300,1.0,6.0,X,0.0,0.85,0.95,0.0,0.0,15.0,8.0,58.0,1465.0,1490.0,1615.9415283203125,1617.0,4300.0,1494.0
126470,E2E8F,300,5.0,5.0,X,0.0,0.85,0.95,0.0,0.0,2.0,1.0,2.0,1465.0,1490.0,1630.3201904296875,1630.0,266.0,1503.0
126469,E2E8F,300,4.0,5.0,X,0.0,0.85,0.95,0.0,0.0,15.0,7.0,47.0,1465.0,1490.0,1607.03857421875,1608.0,4017.0,1500.0
126468,E2E8F,300,3.0,5.0,X,0.0,0.85,0.95,0.0,0.0,13.0,6.0,34.0,1465.0,1490.0,1612.625732421875,1614.0,3264.0,1508.0
126467,E2E8F,300,2.0,5.0,X,0.0,0.85,0.95,0.0,0.0,14.0,8.0,57.0,1465.0,1490.0,0.0,1601.0,4015.0,1511.0
126466,E2E8F,300,1.0,5.0,X,0.0,0.85,0.95,0.0,0.0,1.0,1.0,1.0,1465.0,1490.0,0.0,1641.0,0.0,1501.0
126465,FE1F9,300,4.0,4.0,B,0.005,0.33,0.36,0.0,0.015,14.0,7.0,46.0,1491.0,1531.0,0.0,1641.0,3830.0,1546.0
126464,FE1F9,300,3.0,4.0,B,0.005,0.33,0.36,0.0,0.015,12.0,6.0,33.0,1491.0,1531.0,0.0,1630.0,3030.0,1540.0
126463,1E6E6,300,2.0,4.0,X,0.025,0.19,0.23,0.01,0.015,12.0,2.0,63.0,1505.0,1545.0,1647.6656494140625,1656.0,3029.0,1564.0
126462,1E6E6,300,1.0,4.0,X,0.025,0.19,0.23,0.01,0.015,13.0,8.0,56.0,1505.0,1545.0,1679.3087158203125,1680.0,3737.0,1556.0
126461,248B5,300,5.0,5.0,X,0.02,0.21,0.23,0.009,0.02,13.0,7.0,45.0,1506.0,1551.0,1667.55859375,1669.0,3593.0,1559.0
126460,248B5,300,4.0,5.0,X,0.02,0.21,0.23,0.009,0.02,11.0,6.0,32.0,1506.0,1551.0,1667.7435302734375,1666.0,2799.0,1558.0
126459,248B5,300,3.0,5.0,X,0.02,0.21,0.23,0.009,0.02,11.0,2.0,62.0,1506.0,1551.0,1667.662353515625,1670.0,2800.0,1563.0
126458,248B5,300,2.0,5.0,X,0.02,0.21,0.23,0.009,0.02,12.0,8.0,55.0,1506.0,1551.0,1666.9320068359375,1670.0,3502.0,1562.0
126457,248B5,300,1.0,5.0,X,0.02,0.21,0.23,0.009,0.02,12.0,7.0,44.0,1506.0,1551.0,1684.3653564453125,1684.0,3368.0,1556.0
126456,D63DF,300,8.0,8.0,V,0.005,0.37,0.4,0.01,0.03,10.0,6.0,31.0,1480.0,1525.0,1623.80078125,1627.0,2559.0,1533.0
126455,D63DF,300,7.0,8.0,V,0.005,0.37,0.4,0.01,0.03,10.0,2.0,61.0,1480.0,1525.0,1627.205078125,1628.0,2560.0,1538.0
126454,D63DF,300,6.0,8.0,V,0.005,0.37,0.4,0.01,0.03,11.0,8.0,54.0,1480.0,1525.0,1627.633056640625,1622.0,3260.0,1538.0
126453,D63DF,300,5.0,8.0,V,0.005,0.37,0.4,0.01,0.03,11.0,7.0,43.0,1480.0,1525.0,1631.3546142578125,1628.0,3129.0,1541.0
126452,D63DF,300,4.0,8.0,V,0.005,0.37,0.4,0.01,0.03,9.0,6.0,30.0,1480.0,1525.0,1634.6240234375,1638.0,2331.0,1522.0
126451,D63DF,300,3.0,8.0,V,0.005,0.37,0.4,0.01,0.03,9.0,2.0,60.0,1480.0,1525.0,1634.8380126953125,1638.0,2334.0,1529.0
126450,D63DF,300,2.0,8.0,V,0.005,0.37,0.4,0.01,0.03,10.0,8.0,53.0,1480.0,1525.0,1631.6719970703125,1636.0,3051.0,1526.0
126449,D63DF,300,1.0,8.0,V,0.005,0.37,0.4,0.01,0.03,10.0,7.0,42.0,1480.0,1525.0,1654.3602294921875,1662.0,2916.0,1526.0
126448,889AE,300,4.0,4.0,B,0.02,0.16,0.18,0.012,0.01,8.0,6.0,29.0,1507.0,1532.0,1634.3720703125,1641.0,2060.0,1549.0
126447,889AE,300,3.0,4.0,B,0.02,0.16,0.18,0.012,0.01,8.0,2.0,59.0,1507.0,1532.0,1639.7340087890625,1643.0,2052.0,1539.0
126446,889AE,300,2.0,4.0,B,0.02,0.16,0.18,0.012,0.01,9.0,8.0,52.0,1507.0,1532.0,1632.0179443359375,1639.0,2692.0,1551.0
126445,889AE,300,1.0,4.0,B,0.02,0.16,0.18,0.012,0.01,9.0,7.0,41.0,1507.0,1532.0,1671.7242431640625,1679.0,2566.0,1548.0
126444,E0B89,300,6.0,6.0,X,0.02,0.22,0.25,0.01,0.015,7.0,6.0,28.0,1501.0,1546.0,1662.7080078125,1665.0,1775.0,1561.0
126443,CA2FD,300,5.0,6.0,X,0.02,0.15,0.17,0.009,0.02,7.0,2.0,58.0,1507.0,1552.0,1666.7099609375,1665.0,1782.0,1567.0
126442,CA2FD,300,4.0,6.0,X,0.02,0.15,0.17,0.009,0.02,8.0,8.0,51.0,1507.0,1552.0,1665.987548828125,1659.0,2501.0,1564.0
126441,CA2FD,300,3.0,6.0,X,0.02,0.15,0.17,0.009,0.02,7.0,4.0,21.0,1507.0,1552.0,1665.7335205078125,1662.0,1748.0,1563.0
126440,CA2FD,300,2.0,6.0,X,0.02,0.15,0.17,0.009,0.02,8.0,7.0,40.0,1507.0,1552.0,1666.2430419921875,1666.0,2318.0,1557.0
126439,CA2FD,300,1.0,6.0,X,0.02,0.15,0.17,0.009,0.02,6.0,6.0,27.0,1507.0,1552.0,1680.8533935546875,1675.0,1522.0,1544.0
126438,889AE,300,4.0,4.0,B,0.02,0.16,0.18,0.012,0.01,6.0,2.0,57.0,1507.0,1532.0,1637.3736572265625,1646.0,1529.0,1546.0
126437,889AE,300,3.0,4.0,B,0.02,0.16,0.18,0.012,0.01,6.0,4.0,20.0,1507.0,1532.0,1633.878662109375,1646.0,1478.0,1536.0
126436,889AE,300,2.0,4.0,B,0.02,0.16,0.18,0.012,0.01,7.0,7.0,39.0,1507.0,1532.0,1634.69970703125,1642.0,2037.0,1529.0
126435,889AE,300,1.0,4.0,B,0.02,0.16,0.18,0.012,0.01,7.0,8.0,50.0,1507.0,1532.0,1666.232177734375,1635.0,2050.0,1551.0
126434,CB239,300,5.0,5.0,V,0.0,0.69,0.73,0.012,0.06,5.0,6.0,26.0,1474.0,1509.0,1616.883056640625,1618.0,1172.0,1521.0
126433,4A0F0,300,4.0,5.0,X,0.0,0.39,0.43,0.0,0.03,5.0,2.0,56.0,1488.0,1528.0,1652.4437255859375,1650.0,1172.0,1540.0
126432,4A0F0,300,3.0,5.0,X,0.0,0.39,0.43,0.0,0.03,5.0,4.0,19.0,1488.0,1528.0,1643.789794921875,1647.0,1173.0,1535.0
126431,4A0F0,300,2.0,5.0,X,0.0,0.39,0.43,0.0,0.03,6.0,7.0,38.0,1488.0,1528.0,1644.1151123046875,1646.0,1731.0,1538.0
126430,4A0F0,300,1.0,5.0,X,0.0,0.39,0.43,0.0,0.03,6.0,8.0,49.0,1488.0,1528.0,1658.7703857421875,1656.0,1756.0,1534.0
126429,EEE12,300,7.0,7.0,X,0.0,0.69,0.72,0.0,0.02,4.0,6.0,25.0,1475.0,1510.0,1627.196044921875,1626.0,872.0,1515.0
126428,EEE12,300,6.0,7.0,X,0.0,0.69,0.72,0.0,0.02,4.0,2.0,55.0,1475.0,1510.0,1623.3447265625,1619.0,874.0,1514.0
126427,B131E,300,5.0,7.0,X,0.02,0.46,0.49,0.005,0.02,4.0,4.0,18.0,1483.0,1518.0,1629.49853515625,1642.0,883.0,1527.0
126426,A2DFA,300,4.0,7.0,X,0.005,0.43,0.5,0.0,0.0,5.0,7.0,37.0,1480.0,1525.0,1641.50634765625,1646.0,1455.0,1531.0
126425,A2DFA,300,3.0,7.0,X,0.005,0.43,0.5,0.0,0.0,5.0,8.0,48.0,1480.0,1525.0,1642.0556640625,1642.0,1485.0,1519.0
126424,81834,300,2.0,7.0,X,0.015,0.43,0.47,0.0,0.0,3.0,6.0,24.0,1483.0,1528.0,1650.9910888671875,1657.0,612.0,1533.0
126423,81834,300,1.0,7.0,X,0.015,0.43,0.47,0.0,0.0,3.0,2.0,54.0,1483.0,1528.0,1666.8385009765625,1669.0,588.0,1533.0
126422,2D42F,300,6.0,6.0,B,0.005,0.36,0.39,0.0,0.01,3.0,4.0,17.0,1492.0,1547.0,1669.558837890625,1665.0,597.0,1559.0
126421,2D42F,300,5.0,6.0,B,0.005,0.36,0.39,0.0,0.01,4.0,7.0,36.0,1492.0,1547.0,1669.17724609375,1666.0,1167.0,1564.0
126420,2D42F,300,4.0,6.0,B,0.005,0.36,0.39,0.0,0.01,4.0,8.0,47.0,1492.0,1547.0,1668.8369140625,1652.0,1190.0,1550.0
126419,2D42F,300,3.0,6.0,B,0.005,0.36,0.39,0.0,0.01,2.0,6.0,23.0,1492.0,1547.0,1669.371826171875,1668.0,316.0,1547.0
126418,2D42F,300,2.0,6.0,B,0.005,0.36,0.39,0.0,0.01,2.0,2.0,53.0,1492.0,1547.0,1668.0816650390625,1665.0,317.0,1554.0
126417,2D42F,300,1.0,6.0,B,0.005,0.36,0.39,0.0,0.01,2.0,4.0,16.0,1492.0,1547.0,1692.4520263671875,1684.0,302.0,1545.0
126416,6D507,300,4.0,4.0,X,0.02,0.27,0.29,0.009,0.02,3.0,7.0,35.0,1500.0,1540.0,1661.8541259765625,1668.0,865.0,1547.0
126415,5146B,300,3.0,4.0,X,0.005,0.45,0.48,0.0,0.0,3.0,8.0,46.0,1481.0,1526.0,1655.38427734375,1658.0,879.0,1540.0
126414,5146B,300,2.0,4.0,X,0.005,0.45,0.48,0.0,0.0,1.0,6.0,22.0,1481.0,1526.0,1661.181396484375,1672.0,0.0,1530.0
126413,5146B,300,1.0,4.0,X,0.005,0.45,0.48,0.0,0.0,1.0,2.0,52.0,1481.0,1526.0,1687.6724853515625,1682.0,0.0,1546.0
126412,889AE,300,3.0,3.0,B,0.02,0.16,0.18,0.012,0.01,1.0,4.0,15.0,1507.0,1532.0,1651.474609375,1657.0,0.0,1548.0
126411,889AE,300,3.0,4.0,B,0.02,0.16,0.18,0.012,0.01,2.0,7.0,34.0,1507.0,1532.0,1632.048583984375,1632.0,286.0,1545.0
126410,889AE,300,2.0,4.0,B,0.02,0.16,0.18,0.012,0.01,2.0,8.0,45.0,1507.0,1532.0,1629.6632080078125,1666.0,311.0,1547.0
126409,889AE,300,1.0,4.0,B,0.02,0.16,0.18,0.012,0.01,1.0,6.0,21.0,1507.0,1532.0,1691.5902099609375,1701.0,0.0,1527.0
126408,9411A,300,3.0,3.0,X,0.015,0.38,0.42,0.0,0.02,1.0,4.0,14.0,1485.0,1530.0,1657.1396484375,1674.0,0.0,1535.0
126407,36AD7,300,2.0,3.0,X,0.01,0.47,0.52,0.0,0.02,1.0,7.0,33.0,1474.0,1530.0,1656.203369140625,1659.0,0.0,1557.0
126406,5AF4D,300,1.0,3.0,V,0.006,0.43,0.46,0.015,0.06,1.0,8.0,44.0,1470.0,1515.0,1671.09814453125,1675.0,0.0,1524.0
126405,5AF4D,300,4.0,4.0,V,0.006,0.43,0.46,0.015,0.06,5.0,2.0,51.0,1470.0,1515.0,1632.60986328125,1633.0,1393.0,1514.0
126404,5AF4D,300,3.0,4.0,V,0.006,0.43,0.46,0.015,0.06,5.0,6.0,20.0,1470.0,1515.0,1628.8944091796875,1636.0,1472.0,1524.0
126403,5AF4D,300,2.0,7.0,V,0.006,0.43,0.46,0.015,0.06,5.0,7.0,32.0,1470.0,1515.0,1629.9329833984375,1627.0,1223.0,1528.0
126402,5AF4D,300,1.0,7.0,V,0.006,0.43,0.46,0.015,0.06,3.0,4.0,13.0,1470.0,1515.0,1655.2564697265625,1659.0,647.0,1525.0
126401,B0EC5,300,7.0,7.0,V,0.01,0.36,0.39,0.015,0.02,25.0,8.0,43.0,1480.0,1530.0,1643.5965576171875,1656.0,7268.0,1537.0
126400,23AD2,300,6.0,7.0,X,0.015,0.5,0.55,0.0,0.04,4.0,2.0,50.0,1487.0,1527.0,1620.2764892578125,1621.0,983.0,1528.0
126399,EB957,300,5.0,7.0,X,0.015,0.53,0.56,0.0,0.01,4.0,6.0,19.0,1486.0,1536.0,1666.6297607421875,1665.0,1056.0,1547.0
126398,EB957,300,4.0,7.0,X,0.015,0.53,0.56,0.0,0.01,4.0,7.0,31.0,1486.0,1536.0,1662.297607421875,1663.0,911.0,1543.0
126397,EB957,300,3.0,7.0,X,0.015,0.53,0.56,0.0,0.01,2.0,4.0,12.0,1486.0,1536.0,1656.3939208984375,1663.0,326.0,1544.0
126396,EB957,300,2.0,7.0,X,0.015,0.53,0.56,0.0,0.01,24.0,8.0,42.0,1486.0,1536.0,1660.95166015625,1673.0,6952.0,1535.0
126395,EB957,300,1.0,7.0,X,0.015,0.53,0.56,0.0,0.01,3.0,2.0,49.0,1486.0,1536.0,1669.06884765625,1672.0,666.0,1538.0
126394,37136,300,7.0,7.0,X,0.02,0.44,0.46,0.0,0.02,3.0,6.0,18.0,1476.0,1521.0,1629.3287353515625,1659.0,748.0,1538.0
126393,D033D,300,6.0,7.0,X,0.02,0.47,0.49,0.009,0.0,3.0,7.0,30.0,1480.0,1515.0,1626.049072265625,1626.0,598.0,1521.0
126392,D033D,300,5.0,7.0,X,0.02,0.47,0.49,0.009,0.0,1.0,4.0,11.0,1480.0,1515.0,1640.6654052734375,1649.0,0.0,1535.0
126391,D033D,300,4.0,7.0,X,0.02,0.47,0.49,0.009,0.0,23.0,8.0,41.0,1480.0,1515.0,1627.2425537109375,1630.0,6624.0,1522.0
126390,D033D,300,3.0,7.0,X,0.02,0.47,0.49,0.009,0.0,2.0,2.0,48.0,1480.0,1515.0,1626.634521484375,1629.0,299.0,1533.0
126389,116A5,300,3.0,8.0,X,0.02,0.5,0.52,0.0,0.0,2.0,7.0,29.0,1488.0,1528.0,1643.24169921875,1651.0,291.0,1525.0
126388,116A5,300,2.0,8.0,X,0.02,0.5,0.52,0.0,0.0,2.0,6.0,17.0,1488.0,1528.0,1639.8944091796875,1643.0,312.0,1547.0
126387,116A5,300,1.0,8.0,X,0.02,0.5,0.52,0.0,0.0,10.0,4.0,10.0,1488.0,1528.0,1658.8828125,1662.0,2984.0,1557.0
126386,44B90,300,4.0,4.0,X,0.01,0.28,0.31,0.0,0.02,22.0,8.0,40.0,1496.0,1541.0,1661.1895751953125,1668.0,6282.0,1546.0
126385,A0D69,300,3.0,4.0,X,0.02,0.18,0.21,0.0,0.0,1.0,2.0,47.0,1510.0,1550.0,1673.5208740234375,1673.0,0.0,1560.0
126384,A0D69,300,2.0,4.0,X,0.02,0.18,0.21,0.0,0.0,1.0,7.0,28.0,1510.0,1550.0,1672.920166015625,1675.0,0.0,1557.0
126383,A0D69,300,1.0,4.0,X,0.02,0.18,0.21,0.0,0.0,1.0,6.0,16.0,1510.0,1550.0,1698.6025390625,1688.0,0.0,1554.0
126382,889AE,300,3.0,4.0,B,0.02,0.16,0.18,0.012,0.01,9.0,4.0,9.0,1507.0,1532.0,1636.084228515625,1639.0,2467.0,1548.0
126381,889AE,300,2.0,4.0,B,0.02,0.16,0.18,0.012,0.01,21.0,8.0,39.0,1507.0,1532.0,1634.2178955078125,1672.0,5773.0,1543.0
126380,889AE,300,1.0,4.0,B,0.02,0.16,0.18,0.012,0.01,21.0,2.0,46.0,1507.0,1532.0,1666.2205810546875,1669.0,5776.0,1541.0
126379,A63F7,300,7.0,7.0,V,0.01,0.41,0.43,0.014,0.02,21.0,7.0,27.0,1475.0,1525.0,1640.5040283203125,1640.0,5785.0,1522.0
126378,A63F7,300,6.0,7.0,V,0.01,0.41,0.43,0.014,0.02,15.0,6.0,15.0,1475.0,1525.0,1636.9033203125,1635.0,3851.0,1520.0
126377,A63F7,300,5.0,7.0,V,0.01,0.41,0.43,0.014,0.02,8.0,4.0,8.0,1475.0,1525.0,1637.4381103515625,1646.0,2139.0,1522.0
126376,44D42,300,4.0,7.0,V,0.01,0.34,0.37,0.01,0.02,20.0,8.0,38.0,1489.0,1534.0,1649.4259033203125,1667.0,5437.0,1536.0
126375,44D42,300,3.0,7.0,V,0.01,0.34,0.37,0.01,0.02,20.0,2.0,45.0,1489.0,1534.0,1645.6361083984375,1655.0,5428.0,1541.0
126374,44D42,300,2.0,7.0,V,0.01,0.34,0.37,0.01,0.02,20.0,7.0,26.0,1489.0,1534.0,1643.7093505859375,1656.0,5503.0,1531.0
126373,6CBE8,300,1.0,7.0,B,0.01,0.36,0.38,0.0,0.02,14.0,6.0,14.0,1486.0,1526.0,1663.261474609375,1649.0,3565.0,1533.0
126372,05E76,300,3.0,3.0,X,0.005,0.94,0.99,0.0,0.0,7.0,4.0,7.0,1463.0,1503.0,1609.5291748046875,1609.0,1845.0,1499.0
126371,1A0C8,300,2.0,3.0,X,0.01,0.75,0.88,0.0,0.01,19.0,8.0,37.0,1470.0,1510.0,1622.870361328125,1631.0,5145.0,1517.0
126370,3CF26,300,1.0,3.0,X,0.015,0.96,1.05,0.006,0.0,19.0,2.0,44.0,1460.0,1485.0,1615.8353271484375,1619.0,5147.0,1507.0
126369,BF6EC,300,7.0,7.0,X,0.02,0.19,0.23,0.009,0.015,19.0,7.0,25.0,1504.0,1549.0,1663.6085205078125,1662.0,5225.0,1550.0
126368,BF6EC,300,6.0,7.0,X,0.02,0.19,0.23,0.009,0.015,13.0,6.0,13.0,1504.0,1549.0,1663.2672119140625,1663.0,3291.0,1557.0
126367,E0B89,300,5.0,7.0,X,0.02,0.22,0.25,0.01,0.015,6.0,4.0,6.0,1501.0,1546.0,1660.9144287109375,1668.0,1574.0,1547.0
126366,E0B89,300,4.0,7.0,X,0.02,0.22,0.25,0.01,0.015,18.0,8.0,36.0,1501.0,1546.0,1665.518798828125,1664.0,4868.0,1543.0
126365,E0B89,300,3.0,7.0,X,0.02,0.22,0.25,0.01,0.015,18.0,2.0,43.0,1501.0,1546.0,1657.6356201171875,1663.0,4865.0,1568.0
126364,60329,300,2.0,7.0,X,0.02,0.22,0.25,0.01,0.015,18.0,7.0,24.0,1501.0,1536.0,1650.750244140625,1653.0,4936.0,1552.0
126363,60329,300,1.0,7.0,X,0.02,0.22,0.25,0.01,0.015,12.0,6.0,12.0,1501.0,1536.0,1679.115478515625,1671.0,3008.0,1548.0
126362,889AE,300,4.0,4.0,B,0.02,0.16,0.18,0.012,0.01,5.0,4.0,5.0,1507.0,1532.0,1636.960693359375,1645.0,1292.0,1544.0
126361,889AE,300,3.0,4.0,B,0.02,0.16,0.18,0.012,0.01,17.0,2.0,42.0,1507.0,1532.0,1640.203125,1643.0,4645.0,1552.0
126360,889AE,300,2.0,4.0,B,0.02,0.16,0.18,0.012,0.01,17.0,8.0,35.0,1507.0,1532.0,1640.6990966796875,1643.0,4535.0,1549.0
126359,889AE,300,1.0,4.0,B,0.02,0.16,0.18,0.012,0.01,17.0,7.0,23.0,1507.0,1532.0,1670.9676513671875,1676.0,4661.0,1547.0
126358,3D92C,300,4.0,4.0,X,0.01,0.39,0.41,0.0,0.02,11.0,6.0,11.0,1485.0,1520.0,1627.5904541015625,1639.0,2724.0,1539.0
126357,3D92C,300,3.0,4.0,X,0.01,0.39,0.41,0.0,0.02,4.0,4.0,4.0,1485.0,1520.0,1625.050537109375,1631.0,1011.0,1512.0
126356,AD69B,300,2.0,4.0,X,0.015,0.42,0.44,0.0,0.0,16.0,2.0,41.0,1483.0,1523.0,1642.72265625,1649.0,4349.0,1537.0
126355,108A8,300,1.0,4.0,X,0.02,0.27,0.29,0.009,0.015,16.0,8.0,34.0,1501.0,1546.0,1686.733154296875,1691.0,4225.0,1556.0
126354,F7C5E,300,5.0,5.0,X,0.015,0.27,0.29,0.009,0.0,16.0,7.0,22.0,1501.0,1551.0,1696.3236083984375,1710.0,4341.0,1572.0
126353,F7C5E,300,4.0,5.0,X,0.015,0.27,0.29,0.009,0.0,10.0,6.0,10.0,1501.0,1551.0,1693.40380859375,1703.0,2403.0,1574.0
126352,F7C5E,300,3.0,5.0,X,0.015,0.27,0.29,0.009,0.0,3.0,4.0,3.0,1501.0,1551.0,1692.8316650390625,1722.0,684.0,1545.0
126351,F7C5E,300,2.0,5.0,X,0.015,0.27,0.29,0.009,0.0,15.0,2.0,40.0,1501.0,1551.0,1695.6885986328125,1704.0,4028.0,1557.0
126350,F7C5E,300,1.0,5.0,X,0.015,0.27,0.29,0.009,0.0,15.0,8.0,33.0,1501.0,1551.0,1695.2821044921875,1714.0,3916.0,1546.0
126349,CE16F,300,8.0,8.0,X,0.02,0.15,0.17,0.008,0.02,9.0,6.0,9.0,1507.0,1552.0,1669.8297119140625,1681.0,2059.0,1561.0
126348,C8A86,300,7.0,8.0,X,0.022,0.2,0.22,0.0,0.02,15.0,7.0,21.0,1505.0,1545.0,1661.1754150390625,1671.0,3884.0,1553.0
126347,37C6E,300,6.0,8.0,X,0.02,0.17,0.2,0.009,0.02,2.0,4.0,2.0,1502.0,1542.0,1663.5093994140625,1663.0,293.0,1553.0
126346,77C04,300,5.0,8.0,X,0.02,0.17,0.22,0.01,0.01,14.0,2.0,39.0,1502.0,1547.0,1666.244873046875,1681.0,3648.0,1562.0
126345,77C04,300,4.0,8.0,X,0.02,0.17,0.22,0.01,0.01,14.0,8.0,32.0,1502.0,1547.0,1665.193359375,1670.0,3525.0,1560.0
126344,77C04,300,3.0,8.0,X,0.02,0.17,0.22,0.01,0.01,8.0,6.0,8.0,1502.0,1547.0,1664.1539306640625,1672.0,1767.0,1553.0
126343,77C04,300,2.0,8.0,X,0.02,0.17,0.22,0.01,0.01,14.0,7.0,20.0,1502.0,1547.0,1657.6490478515625,1676.0,3587.0,1553.0
126342,77C04,300,1.0,8.0,X,0.02,0.17,0.22,0.01,0.01,1.0,4.0,1.0,1502.0,1547.0,1715.596923828125,1721.0,0.0,1567.0
126341,248B5,300,2.0,2.0,X,0.02,0.21,0.23,0.009,0.02,13.0,2.0,38.0,1506.0,1551.0,1669.1807861328125,1670.0,3340.0,1554.0
126340,248B5,300,1.0,2.0,X,0.02,0.21,0.23,0.009,0.02,13.0,8.0,31.0,1506.0,1551.0,1683.077392578125,1685.0,3234.0,1543.0
126339,248B5,300,5.0,7.0,X,0.02,0.21,0.23,0.009,0.02,7.0,6.0,7.0,1506.0,1551.0,1664.5634765625,1665.0,1431.0,1552.0
126338,248B5,300,4.0,7.0,X,0.02,0.21,0.23,0.009,0.02,13.0,7.0,19.0,1506.0,1551.0,1665.1197509765625,1658.0,3250.0,1557.0
126337,248B5,300,3.0,7.0,X,0.02,0.21,0.23,0.009,0.02,12.0,8.0,30.0,1506.0,1551.0,1665.781494140625,1658.0,3012.0,1564.0
126336,248B5,300,2.0,7.0,X,0.02,0.21,0.23,0.009,0.02,12.0,2.0,37.0,1506.0,1551.0,1661.447998046875,1658.0,3016.0,1557.0
126335,603D2,300,1.0,7.0,X,0.01,0.26,0.29,0.009,0.02,6.0,6.0,6.0,1496.0,1536.0,1664.5308837890625,1669.0,1215.0,1539.0
126334,889AE,300,4.0,4.0,B,0.02,0.16,0.18,0.012,0.01,12.0,7.0,18.0,1507.0,1532.0,1634.81787109375,1649.0,3040.0,1548.0
126333,889AE,300,3.0,4.0,B,0.02,0.16,0.18,0.012,0.01,11.0,8.0,29.0,1507.0,1532.0,1631.83154296875,1638.0,2791.0,1541.0
126332,889AE,300,2.0,4.0,B,0.02,0.16,0.18,0.012,0.01,11.0,2.0,36.0,1507.0,1532.0,1638.235107421875,1633.0,2792.0,1544.0
126331,889AE,300,1.0,4.0,B,0.02,0.16,0.18,0.012,0.01,5.0,6.0,5.0,1507.0,1532.0,1673.494384765625,1681.0,984.0,1544.0
126330,AD69B,300,6.0,6.0,X,0.015,0.42,0.44,0.0,0.0,11.0,7.0,17.0,1483.0,1523.0,1625.4163818359375,1633.0,2800.0,1540.0
126329,AD69B,300,5.0,6.0,X,0.015,0.42,0.44,0.0,0.0,10.0,8.0,28.0,1483.0,1523.0,1627.0443115234375,1642.0,2556.0,1543.0
126328,AD69B,300,4.0,6.0,X,0.015,0.42,0.44,0.0,0.0,10.0,2.0,35.0,1483.0,1523.0,1625.805419921875,1634.0,2557.0,1538.0
126327,AD69B,300,3.0,6.0,X,0.015,0.42,0.44,0.0,0.0,4.0,6.0,4.0,1483.0,1523.0,1626.304443359375,1631.0,753.0,1541.0
126326,AD69B,300,2.0,6.0,X,0.015,0.42,0.44,0.0,0.0,10.0,7.0,16.0,1483.0,1523.0,1625.91796875,1635.0,2572.0,1535.0
126325,AD69B,300,1.0,6.0,X,0.015,0.42,0.44,0.0,0.0,9.0,8.0,27.0,1483.0,1523.0,1649.1611328125,1647.0,2334.0,1527.0
126324,AD69B,300,7.0,7.0,X,0.015,0.42,0.44,0.0,0.0,9.0,2.0,34.0,1483.0,1523.0,1628.9373779296875,1638.0,2333.0,1532.0
126323,AD69B,300,6.0,7.0,X,0.015,0.42,0.44,0.0,0.0,3.0,6.0,3.0,1483.0,1523.0,1628.649658203125,1643.0,528.0,1533.0
126322,AD69B,300,5.0,7.0,X,0.015,0.42,0.44,0.0,0.0,9.0,7.0,15.0,1483.0,1523.0,1633.8563232421875,1635.0,2346.0,1531.0
126321,AD69B,300,4.0,7.0,X,0.015,0.42,0.44,0.0,0.0,8.0,8.0,26.0,1483.0,1523.0,1633.868408203125,1634.0,2106.0,1531.0
126320,AD69B,300,3.0,7.0,X,0.015,0.42,0.44,0.0,0.0,8.0,2.0,33.0,1483.0,1523.0,1633.9649658203125,1636.0,2101.0,1533.0
126319,AD69B,300,2.0,7.0,X,0.015,0.42,0.44,0.0,0.0,2.0,6.0,2.0,1483.0,1523.0,1640.10546875,1636.0,285.0,1537.0
126318,AD69B,300,1.0,7.0,X,0.015,0.42,0.44,0.0,0.0,1.0,5.0,56.0,1483.0,1523.0,1666.4217529296875,1660.0,0.0,1526.0
126317,5F0F6,300,4.0,4.0,X,0.005,0.42,0.44,0.0,0.028,8.0,7.0,14.0,1487.0,1527.0,1634.384521484375,1646.0,2040.0,1542.0
126316,F7AB5,300,3.0,4.0,X,0.015,0.42,0.44,0.0,0.02,7.0,8.0,25.0,1481.0,1526.0,1640.93408203125,1644.0,1803.0,1531.0
126315,B3CD5,300,2.0,4.0,X,0.015,0.41,0.44,0.0,0.02,7.0,2.0,32.0,1484.0,1519.0,1626.6181640625,1635.0,1805.0,1536.0
126314,B3CD5,300,1.0,4.0,X,0.015,0.41,0.44,0.0,0.02,1.0,6.0,1.0,1484.0,1519.0,1677.4879150390625,1684.0,0.0,1522.0
126313,889AE,300,4.0,4.0,B,0.02,0.16,0.18,0.012,0.01,7.0,7.0,13.0,1507.0,1532.0,1637.599365234375,1637.0,1823.0,1540.0
126312,889AE,300,3.0,4.0,B,0.02,0.16,0.18,0.012,0.01,5.0,14.0,60.0,1507.0,1532.0,1636.4285888671875,1646.0,1310.0,1539.0
126311,889AE,300,2.0,4.0,B,0.02,0.16,0.18,0.012,0.01,6.0,8.0,24.0,1507.0,1532.0,1642.9561767578125,1640.0,1493.0,1544.0
126310,889AE,300,1.0,4.0,B,0.02,0.16,0.18,0.012,0.01,6.0,2.0,31.0,1507.0,1532.0,1676.9356689453125,1680.0,1491.0,1545.0
126309,0BFF6,300,4.0,4.0,X,0.0,0.93,1.0,0.006,0.0,6.0,7.0,12.0,1462.0,1488.0,1604.9666748046875,1612.0,1554.0,1498.0
126308,0BFF6,300,3.0,4.0,X,0.0,0.93,1.0,0.006,0.0,5.0,5.0,55.0,1462.0,1488.0,1602.510986328125,1609.0,1248.0,1492.0
126307,0BFF6,300,2.0,4.0,X,0.0,0.93,1.0,0.006,0.0,4.0,14.0,59.0,1462.0,1488.0,1601.760498046875,1604.0,965.0,1484.0
126306,0BFF6,300,1.0,4.0,X,0.0,0.93,1.0,0.006,0.0,5.0,8.0,23.0,1462.0,1488.0,1617.5828857421875,1623.0,1185.0,1494.0
126305,0BFF6,300,6.0,6.0,X,0.0,0.93,1.0,0.006,0.0,5.0,2.0,30.0,1462.0,1488.0,1604.2454833984375,1608.0,1178.0,1498.0
126304,0BFF6,300,5.0,6.0,X,0.0,0.93,1.0,0.006,0.0,5.0,7.0,11.0,1462.0,1488.0,1602.7547607421875,1610.0,1243.0,1506.0
126303,0BFF6,300,4.0,6.0,X,0.0,0.93,1.0,0.006,0.0,4.0,5.0,54.0,1462.0,1488.0,1601.6458740234375,1608.0,941.0,1504.0
126302,0BFF6,300,3.0,6.0,X,0.0,0.93,1.0,0.006,0.0,3.0,14.0,58.0,1462.0,1488.0,1608.4923095703125,1613.0,671.0,1491.0
126301,0BFF6,300,2.0,6.0,X,0.0,0.93,1.0,0.006,0.0,4.0,8.0,22.0,1462.0,1488.0,1607.20263671875,1610.0,889.0,1486.0
126300,0BFF6,300,1.0,6.0,X,0.0,0.93,1.0,0.006,0.0,4.0,2.0,29.0,1462.0,1488.0,1617.898193359375,1615.0,881.0,1489.0
126299,E86A6,300,2.0,2.0,X,0.018,0.28,0.31,0.007,0.015,4.0,7.0,10.0,1497.0,1537.0,1651.422607421875,1654.0,947.0,1546.0
126298,E86A6,300,1.0,2.0,X,0.018,0.28,0.31,0.007,0.015,3.0,5.0,53.0,1497.0,1537.0,1667.0784912109375,1669.0,653.0,1539.0
126297,E86A6,300,3.0,5.0,X,0.018,0.28,0.31,0.007,0.015,2.0,14.0,57.0,1497.0,1537.0,1653.9849853515625,1656.0,303.0,1547.0
126296,E86A6,300,2.0,5.0,X,0.018,0.28,0.31,0.007,0.015,3.0,8.0,21.0,1497.0,1537.0,1654.2769775390625,1654.0,514.0,1544.0
126295,E86A6,300,1.0,5.0,X,0.018,0.28,0.31,0.007,0.015,3.0,2.0,28.0,1497.0,1537.0,1667.1263427734375,1664.0,521.0,1539.0
126294,9E44C,300,1.0,1.0,X,0.02,0.18,0.2,0.01,0.02,3.0,7.0,9.0,1500.0,1540.0,1670.715087890625,1672.0,591.0,1546.0
126293,E86A6,300,2.0,7.0,X,0.018,0.28,0.31,0.007,0.015,2.0,5.0,52.0,1497.0,1537.0,1658.64013671875,1661.0,263.0,1545.0
126292,E86A6,300,1.0,7.0,X,0.018,0.28,0.31,0.007,0.015,1.0,14.0,56.0,1497.0,1537.0,1686.8739013671875,1686.0,0.0,1524.0
126291,37728,300,6.0,6.0,X,0.015,0.21,0.23,0.008,0.02,2.0,8.0,20.0,1504.0,1544.0,1651.578125,1658.0,228.0,1548.0
126290,FE39B,300,5.0,6.0,X,0.02,0.21,0.23,0.0,0.02,2.0,2.0,27.0,1503.0,1548.0,1659.6385498046875,1666.0,231.0,1555.0
126289,FE39B,300,4.0,6.0,X,0.02,0.21,0.23,0.0,0.02,2.0,7.0,8.0,1503.0,1548.0,1666.2911376953125,1670.0,300.0,1553.0
126288,51FF2,300,3.0,6.0,X,0.015,0.21,0.23,0.0,0.02,1.0,5.0,51.0,1503.0,1543.0,1667.4013671875,1671.0,0.0,1541.0
126287,9C4F0,300,2.0,6.0,X,0.015,0.18,0.23,0.01,0.0,1.0,8.0,19.0,1504.0,1544.0,1666.6614990234375,1686.0,0.0,1555.0
126286,9C4F0,300,1.0,6.0,X,0.015,0.18,0.23,0.01,0.0,1.0,2.0,26.0,1504.0,1544.0,1697.766845703125,1694.0,0.0,1555.0
126285,3575C,300,1.0,1.0,X,0.015,0.19,0.22,0.005,0.03,1.0,7.0,7.0,1500.0,1540.0,1691.419677734375,1703.0,0.0,1547.0
126284,27A7C,150,10.0,10.0,X,0.02,0.43,0.47,0.0,0.015,12.0,14.0,55.0,1480.0,1530.0,1635.1182861328125,1645.0,3190.0,1526.0
126283,27A7C,150,9.0,10.0,X,0.02,0.43,0.47,0.0,0.015,18.0,8.0,18.0,1480.0,1530.0,1633.2066650390625,1635.0,5249.0,1530.0
126282,27A7C,150,8.0,10.0,X,0.02,0.43,0.47,0.0,0.015,14.0,5.0,50.0,1480.0,1530.0,1634.309814453125,1637.0,4126.0,1542.0
126281,27A7C,150,7.0,10.0,X,0.02,0.43,0.47,0.0,0.015,25.0,2.0,25.0,1480.0,1530.0,1635.1773681640625,1637.0,7314.0,1542.0
126280,27A7C,150,6.0,10.0,X,0.02,0.43,0.47,0.0,0.015,6.0,7.0,6.0,1480.0,1530.0,1635.6094970703125,1638.0,1444.0,1534.0
126279,3B7FC,150,5.0,10.0,X,0.005,0.46,0.5,0.0,0.015,11.0,14.0,54.0,1480.0,1525.0,1618.656982421875,1620.0,2902.0,1534.0
126278,3B7FC,150,4.0,10.0,X,0.005,0.46,0.5,0.0,0.015,17.0,8.0,17.0,1480.0,1525.0,1617.3360595703125,1618.0,4992.0,1534.0
126277,3B7FC,150,3.0,10.0,X,0.005,0.46,0.5,0.0,0.015,13.0,5.0,49.0,1480.0,1525.0,1617.5682373046875,1620.0,3869.0,1541.0
126276,3B7FC,150,2.0,10.0,X,0.005,0.46,0.5,0.0,0.015,24.0,2.0,24.0,1480.0,1525.0,1615.46875,1618.0,7057.0,1533.0
126275,3B7FC,150,1.0,10.0,X,0.005,0.46,0.5,0.0,0.015,5.0,7.0,5.0,1480.0,1525.0,1632.8155517578125,1636.0,1186.0,1523.0
126274,27A7C,150,8.0,8.0,X,0.02,0.43,0.47,0.0,0.015,10.0,14.0,53.0,1480.0,1530.0,1633.2237548828125,1637.0,2639.0,1530.0
126273,27A7C,150,7.0,9.0,X,0.02,0.43,0.47,0.0,0.015,16.0,8.0,16.0,1480.0,1530.0,1635.702880859375,1632.0,4729.0,1530.0
126272,27A7C,150,6.0,9.0,X,0.02,0.43,0.47,0.0,0.015,12.0,5.0,48.0,1480.0,1530.0,1635.0745849609375,1644.0,3587.0,1543.0
126271,27A7C,150,5.0,9.0,X,0.02,0.43,0.47,0.0,0.015,23.0,2.0,23.0,1480.0,1530.0,1634.32861328125,1639.0,6769.0,1538.0
126270,27A7C,150,4.0,9.0,X,0.02,0.43,0.47,0.0,0.015,4.0,7.0,4.0,1480.0,1530.0,1636.416259765625,1648.0,894.0,1546.0
126269,27A7C,150,3.0,9.0,X,0.02,0.43,0.47,0.0,0.015,9.0,14.0,52.0,1480.0,1530.0,1635.2054443359375,1635.0,2343.0,1532.0
126268,B7DF0,150,2.0,9.0,X,0.015,0.38,0.42,0.0,0.02,15.0,8.0,15.0,1486.0,1531.0,1628.2802734375,1632.0,4426.0,1531.0
126267,B7DF0,150,1.0,9.0,X,0.015,0.38,0.42,0.0,0.02,11.0,5.0,47.0,1486.0,1531.0,1644.7109375,1642.0,3305.0,1544.0
126266,71628,150,5.0,5.0,X,0.02,0.51,0.55,0.0,0.0,22.0,2.0,22.0,1488.0,1533.0,1637.0450439453125,1650.0,6489.0,1531.0
126265,4D097,150,4.0,5.0,X,0.015,0.51,0.55,0.0,0.01,3.0,7.0,3.0,1487.0,1537.0,1655.16162109375,1662.0,617.0,1535.0
126264,4D097,150,3.0,5.0,X,0.015,0.51,0.55,0.0,0.01,8.0,14.0,51.0,1487.0,1537.0,1641.9454345703125,1644.0,2063.0,1536.0
126263,4D097,150,2.0,5.0,X,0.015,0.51,0.55,0.0,0.01,14.0,8.0,14.0,1487.0,1537.0,1641.372314453125,1646.0,4121.0,1530.0
126262,4D097,150,1.0,5.0,X,0.015,0.51,0.55,0.0,0.01,10.0,5.0,46.0,1487.0,1537.0,1656.7928466796875,1657.0,2985.0,1531.0
126261,4D097,150,8.0,8.0,X,0.015,0.51,0.55,0.0,0.01,21.0,2.0,21.0,1487.0,1537.0,1643.791015625,1653.0,6166.0,1545.0
126260,4D097,150,7.0,8.0,X,0.015,0.51,0.55,0.0,0.01,2.0,7.0,2.0,1487.0,1537.0,1654.07177734375,1657.0,288.0,1550.0
126259,4D097,150,6.0,8.0,X,0.015,0.51,0.55,0.0,0.01,7.0,14.0,50.0,1487.0,1537.0,1641.927978515625,1643.0,1735.0,1547.0
126258,4D097,150,5.0,8.0,X,0.015,0.51,0.55,0.0,0.01,13.0,8.0,13.0,1487.0,1537.0,1649.1671142578125,1652.0,3816.0,1548.0
126257,4D097,150,4.0,8.0,X,0.015,0.51,0.55,0.0,0.01,9.0,5.0,45.0,1487.0,1537.0,1642.287353515625,1644.0,2691.0,1549.0
126256,4D097,150,3.0,8.0,X,0.015,0.51,0.55,0.0,0.01,20.0,2.0,20.0,1487.0,1537.0,1644.6285400390625,1648.0,5872.0,1544.0
126255,4D097,150,2.0,8.0,X,0.015,0.51,0.55,0.0,0.01,1.0,7.0,1.0,1487.0,1537.0,1658.6678466796875,1663.0,0.0,1543.0
126254,4D097,150,1.0,8.0,X,0.015,0.51,0.55,0.0,0.01,6.0,14.0,49.0,1487.0,1537.0,1657.0220947265625,1660.0,1455.0,1544.0
126253,4A0F0,150,9.0,9.0,X,0.0,0.39,0.43,0.0,0.03,12.0,8.0,12.0,1488.0,1533.0,1621.699951171875,1631.0,3493.0,1549.0
126252,4A0F0,150,8.0,9.0,X,0.0,0.39,0.43,0.0,0.03,8.0,5.0,44.0,1488.0,1533.0,1622.3260498046875,1634.0,2365.0,1545.0
126251,D9D2B,150,7.0,9.0,X,0.005,0.46,0.48,0.0,0.02,19.0,2.0,19.0,1480.0,1525.0,1620.791259765625,1640.0,5541.0,1534.0
126250,FC47C,150,6.0,9.0,X,0.015,0.45,0.48,0.0,0.01,5.0,14.0,48.0,1482.0,1537.0,1642.5989990234375,1649.0,1168.0,1543.0
126249,FC47C,150,5.0,9.0,X,0.015,0.45,0.48,0.0,0.01,5.0,3.0,63.0,1482.0,1537.0,1639.9281005859375,1646.0,1198.0,1545.0
126248,FC47C,150,4.0,9.0,X,0.015,0.45,0.48,0.0,0.01,11.0,8.0,11.0,1482.0,1537.0,1642.1224365234375,1647.0,3190.0,1541.0
126247,FC47C,150,3.0,9.0,X,0.015,0.45,0.48,0.0,0.01,7.0,5.0,43.0,1482.0,1537.0,1641.2952880859375,1642.0,2062.0,1546.0
126246,FC47C,150,2.0,9.0,X,0.015,0.45,0.48,0.0,0.01,18.0,2.0,18.0,1482.0,1537.0,1640.7427978515625,1637.0,5239.0,1537.0
126245,FC47C,150,1.0,9.0,X,0.015,0.45,0.48,0.0,0.01,4.0,14.0,47.0,1482.0,1537.0,1660.15771484375,1663.0,869.0,1540.0
126244,CB239,150,5.0,5.0,V,0.0,0.69,0.73,0.012,0.06,4.0,3.0,62.0,1474.0,1509.0,1612.3994140625,1616.0,894.0,1524.0
126243,CB239,150,4.0,5.0,V,0.0,0.69,0.73,0.012,0.06,10.0,8.0,10.0,1474.0,1509.0,1615.373046875,1611.0,2884.0,1514.0
126242,CB239,150,3.0,5.0,V,0.0,0.69,0.73,0.012,0.06,6.0,5.0,42.0,1474.0,1509.0,1608.9796142578125,1619.0,1762.0,1519.0
126241,EEED2,150,2.0,5.0,X,0.005,0.5,0.52,0.0,0.06,17.0,2.0,17.0,1485.0,1535.0,1627.2406005859375,1634.0,4949.0,1540.0
126240,EEED2,150,1.0,5.0,X,0.005,0.5,0.52,0.0,0.06,3.0,14.0,46.0,1485.0,1535.0,1650.87353515625,1638.0,585.0,1544.0
126239,A2DFA,150,5.0,5.0,X,0.005,0.43,0.5,0.0,0.0,3.0,3.0,61.0,1480.0,1525.0,1616.9652099609375,1620.0,616.0,1544.0
126238,A2DFA,150,4.0,5.0,X,0.005,0.43,0.5,0.0,0.0,9.0,8.0,9.0,1480.0,1525.0,1617.2314453125,1617.0,2606.0,1523.0
126237,11307,150,3.0,5.0,X,0.01,0.45,0.5,0.0,0.02,5.0,5.0,41.0,1480.0,1525.0,1620.5950927734375,1630.0,1478.0,1534.0
126236,11307,150,2.0,5.0,X,0.01,0.45,0.5,0.0,0.02,16.0,2.0,16.0,1480.0,1525.0,1617.172119140625,1617.0,4661.0,1524.0
126235,8ECFF,150,1.0,5.0,X,0.01,0.46,0.48,0.0,0.02,2.0,14.0,45.0,1476.0,1521.0,1636.1943359375,1639.0,292.0,1527.0
126234,D63DF,150,6.0,6.0,V,0.005,0.37,0.4,0.01,0.03,2.0,3.0,60.0,1480.0,1535.0,1640.55029296875,1643.0,320.0,1537.0
126233,D63DF,150,5.0,6.0,V,0.005,0.37,0.4,0.01,0.03,8.0,8.0,8.0,1480.0,1535.0,1639.2847900390625,1641.0,2314.0,1540.0
126232,D63DF,150,4.0,6.0,V,0.005,0.37,0.4,0.01,0.03,4.0,5.0,40.0,1480.0,1535.0,1637.16162109375,1637.0,1181.0,1544.0
126231,44D42,150,3.0,6.0,V,0.01,0.34,0.37,0.01,0.02,15.0,2.0,15.0,1489.0,1534.0,1633.7698974609375,1638.0,4365.0,1535.0
126230,D2F4A,150,2.0,6.0,V,0.01,0.36,0.39,0.012,0.02,1.0,14.0,44.0,1481.0,1536.0,1656.83056640625,1683.0,0.0,1560.0
126229,D2F4A,150,1.0,6.0,V,0.01,0.36,0.39,0.012,0.02,1.0,3.0,59.0,1481.0,1536.0,1671.392333984375,1678.0,0.0,1547.0
126228,D2F4A,150,1.0,7.0,V,0.01,0.36,0.39,0.012,0.02,7.0,8.0,7.0,1481.0,1536.0,1665.09814453125,1665.0,1734.0,1554.0
126227,BB21B,150,7.0,7.0,V,0.0,0.45,0.48,0.018,0.05,3.0,5.0,39.0,1472.0,1517.0,1630.5435791015625,1629.0,602.0,1538.0
126226,BB21B,150,6.0,7.0,V,0.0,0.45,0.48,0.018,0.05,14.0,2.0,14.0,1472.0,1517.0,1627.0728759765625,1625.0,3783.0,1538.0
126225,F4A5E,150,5.0,7.0,V,0.01,0.35,0.37,0.01,0.045,18.0,14.0,43.0,1482.0,1542.0,1650.3331298828125,1666.0,4978.0,1548.0
126224,F4A5E,150,4.0,7.0,V,0.01,0.35,0.37,0.01,0.045,4.0,3.0,58.0,1482.0,1542.0,1650.7235107421875,1662.0,885.0,1540.0
126223,EB567,150,3.0,7.0,V,0.01,0.35,0.38,0.016,0.04,6.0,8.0,6.0,1480.0,1540.0,1650.280029296875,1655.0,1440.0,1553.0
126222,EB567,150,2.0,7.0,V,0.01,0.35,0.38,0.016,0.04,2.0,5.0,38.0,1480.0,1540.0,1649.5489501953125,1653.0,302.0,1548.0
126221,6CBE8,150,1.0,7.0,B,0.01,0.36,0.38,0.0,0.02,13.0,2.0,13.0,1486.0,1531.0,1658.8519287109375,1666.0,3485.0,1552.0
126220,7FEAB,150,4.0,4.0,X,0.02,0.19,0.21,0.009,0.02,17.0,14.0,42.0,1506.0,1551.0,1672.9228515625,1676.0,4679.0,1552.0
126219,7FEAB,150,3.0,4.0,X,0.02,0.19,0.21,0.009,0.02,3.0,3.0,57.0,1506.0,1551.0,1670.479736328125,1674.0,577.0,1545.0
126218,7FEAB,150,2.0,4.0,X,0.02,0.19,0.21,0.009,0.02,5.0,8.0,5.0,1506.0,1551.0,1672.426513671875,1670.0,1128.0,1545.0
126217,59A4E,150,1.0,4.0,X,0.01,0.19,0.21,0.01,0.02,1.0,5.0,37.0,1503.0,1543.0,1677.8370361328125,1694.0,0.0,1539.0
126216,D398B,150,7.0,7.0,X,0.02,0.2,0.22,0.009,0.02,12.0,2.0,12.0,1506.0,1551.0,1665.9281005859375,1658.0,3186.0,1548.0
126215,D398B,150,6.0,7.0,X,0.02,0.2,0.22,0.009,0.02,16.0,14.0,41.0,1506.0,1551.0,1663.3763427734375,1664.0,4377.0,1564.0
126214,D398B,150,5.0,7.0,X,0.02,0.2,0.22,0.009,0.02,2.0,3.0,56.0,1506.0,1551.0,1662.259033203125,1662.0,279.0,1561.0
126213,D398B,150,4.0,7.0,X,0.02,0.2,0.22,0.009,0.02,4.0,8.0,4.0,1506.0,1551.0,1663.958740234375,1663.0,835.0,1557.0
126212,D398B,150,3.0,7.0,X,0.02,0.2,0.22,0.009,0.02,16.0,1.0,67.0,1506.0,1551.0,1661.7750244140625,1665.0,4374.0,1559.0
126211,603D2,150,2.0,7.0,X,0.01,0.26,0.29,0.009,0.02,11.0,2.0,11.0,1496.0,1536.0,1639.900390625,1641.0,2895.0,1550.0
126210,05ED3,150,1.0,7.0,X,0.01,0.25,0.28,0.009,0.02,15.0,14.0,40.0,1498.0,1538.0,1663.22265625,1666.0,4093.0,1547.0
126209,4B82B,150,6.0,6.0,X,0.02,0.3,0.33,0.006,0.02,1.0,3.0,55.0,1495.0,1545.0,1666.880126953125,1664.0,0.0,1554.0
126208,4B82B,150,5.0,6.0,X,0.02,0.3,0.33,0.006,0.02,3.0,8.0,3.0,1495.0,1545.0,1662.3944091796875,1663.0,561.0,1558.0
126207,4B82B,150,4.0,6.0,X,0.02,0.3,0.33,0.006,0.02,15.0,1.0,66.0,1495.0,1545.0,1650.6209716796875,1654.0,4097.0,1552.0
126206,4B82B,150,3.0,6.0,X,0.02,0.3,0.33,0.006,0.02,10.0,2.0,10.0,1495.0,1545.0,1651.123779296875,1658.0,2621.0,1556.0
126205,4B82B,150,2.0,6.0,X,0.02,0.3,0.33,0.006,0.02,14.0,14.0,39.0,1495.0,1545.0,1649.7965087890625,1660.0,3812.0,1554.0
126204,4B82B,150,1.0,6.0,X,0.02,0.3,0.33,0.006,0.02,1.0,5.0,36.0,1495.0,1545.0,1687.94482421875,1683.0,0.0,1550.0
126203,E0B89,150,7.0,7.0,X,0.02,0.22,0.25,0.01,0.015,2.0,8.0,2.0,1501.0,1541.0,1660.26953125,1671.0,276.0,1559.0
126202,E0B89,150,6.0,7.0,X,0.02,0.22,0.25,0.01,0.015,14.0,1.0,65.0,1501.0,1541.0,1643.9339599609375,1651.0,3815.0,1550.0
126201,8E733,150,5.0,7.0,X,0.02,0.17,0.19,0.01,0.02,9.0,2.0,9.0,1506.0,1551.0,1659.1986083984375,1661.0,2339.0,1560.0
126200,8E733,150,4.0,7.0,X,0.02,0.17,0.19,0.01,0.02,13.0,14.0,38.0,1506.0,1551.0,1656.84130859375,1663.0,3534.0,1562.0
126199,8E733,150,3.0,7.0,X,0.02,0.17,0.19,0.01,0.02,13.0,3.0,54.0,1506.0,1551.0,1657.9730224609375,1660.0,3592.0,1558.0
126198,8E733,150,2.0,7.0,X,0.02,0.17,0.19,0.01,0.02,1.0,8.0,1.0,1506.0,1551.0,1674.3343505859375,1685.0,0.0,1555.0
126197,FEDC9,150,1.0,7.0,X,0.02,0.17,0.19,0.01,0.01,13.0,1.0,64.0,1506.0,1551.0,1684.5625,1700.0,3530.0,1570.0
126196,1E6E6,150,8.0,8.0,X,0.025,0.19,0.23,0.01,0.015,8.0,2.0,8.0,1505.0,1550.0,1654.5460205078125,1660.0,1984.0,1560.0
126195,1E6E6,150,7.0,8.0,X,0.025,0.19,0.23,0.01,0.015,12.0,14.0,37.0,1505.0,1550.0,1652.3980712890625,1651.0,3173.0,1559.0
126194,5692D,150,6.0,8.0,X,0.01,0.39,0.41,0.0,0.01,13.0,5.0,35.0,1486.0,1531.0,1636.5941162109375,1644.0,3340.0,1542.0
126193,57414,150,5.0,8.0,X,0.01,0.38,0.43,0.0,0.02,12.0,3.0,53.0,1486.0,1531.0,1630.9039306640625,1636.0,3173.0,1548.0
126192,57414,150,4.0,8.0,X,0.01,0.38,0.43,0.0,0.02,12.0,1.0,63.0,1486.0,1531.0,1631.5201416015625,1635.0,3172.0,1547.0
126191,57414,150,3.0,8.0,X,0.01,0.38,0.43,0.0,0.02,7.0,2.0,7.0,1486.0,1531.0,1630.202880859375,1634.0,1693.0,1544.0
126190,105F9,150,2.0,8.0,X,0.015,0.4,0.43,0.0,0.02,11.0,14.0,36.0,1486.0,1531.0,1635.2960205078125,1635.0,2888.0,1531.0
126189,734B0,150,1.0,8.0,X,0.01,0.4,0.43,0.0,0.02,12.0,5.0,34.0,1486.0,1531.0,1653.5953369140625,1656.0,3064.0,1541.0
126188,F10E0,150,8.0,8.0,X,0.02,0.15,0.18,0.008,0.0,11.0,3.0,52.0,1511.0,1552.0,1644.3232421875,1648.0,2903.0,1563.0
126187,FB109,150,7.0,8.0,X,0.02,0.18,0.2,0.008,0.02,11.0,1.0,62.0,1507.0,1552.0,1657.3292236328125,1660.0,2908.0,1560.0
126186,AB910,150,6.0,8.0,X,0.02,0.4,0.45,0.0,0.02,6.0,2.0,6.0,1483.0,1538.0,1642.9267578125,1646.0,1417.0,1548.0
126185,AB910,150,5.0,8.0,X,0.02,0.4,0.45,0.0,0.02,11.0,5.0,33.0,1483.0,1538.0,1642.7689208984375,1643.0,2848.0,1549.0
126184,AB910,150,4.0,8.0,X,0.02,0.4,0.45,0.0,0.02,10.0,14.0,35.0,1483.0,1538.0,1644.5699462890625,1640.0,2562.0,1543.0
126183,AB910,150,3.0,8.0,X,0.02,0.4,0.45,0.0,0.02,10.0,3.0,51.0,1483.0,1538.0,1643.526611328125,1641.0,2624.0,1544.0
126182,AB910,150,2.0,8.0,X,0.02,0.4,0.45,0.0,0.02,10.0,1.0,61.0,1483.0,1538.0,1644.107666015625,1648.0,2624.0,1546.0
126181,AB910,150,1.0,8.0,X,0.02,0.4,0.45,0.0,0.02,5.0,2.0,5.0,1483.0,1538.0,1664.191650390625,1666.0,1146.0,1531.0
126180,91896,150,8.0,8.0,X,0.023,0.17,0.19,0.009,0.02,10.0,5.0,32.0,1502.0,1552.0,1660.6258544921875,1666.0,2569.0,1556.0
126179,C2394,150,7.0,8.0,X,0.02,0.17,0.22,0.01,0.01,9.0,14.0,34.0,1502.0,1547.0,1649.987060546875,1657.0,2284.0,1549.0
126178,C2394,150,6.0,8.0,X,0.02,0.17,0.22,0.01,0.01,9.0,3.0,50.0,1502.0,1547.0,1648.583251953125,1659.0,2348.0,1550.0
126177,E109B,150,5.0,8.0,X,0.02,0.2,0.22,0.0,0.02,9.0,1.0,60.0,1502.0,1552.0,1662.860107421875,1665.0,2346.0,1559.0
126176,E109B,150,4.0,8.0,X,0.02,0.2,0.22,0.0,0.02,4.0,2.0,4.0,1502.0,1552.0,1659.497314453125,1660.0,878.0,1550.0
126175,FA128,150,3.0,8.0,X,0.02,0.18,0.21,0.009,0.02,9.0,5.0,31.0,1504.0,1544.0,1646.7264404296875,1658.0,2300.0,1554.0
126174,FA128,150,2.0,8.0,X,0.02,0.18,0.21,0.009,0.02,8.0,14.0,33.0,1504.0,1544.0,1644.4134521484375,1646.0,2019.0,1548.0
126173,FA128,150,1.0,8.0,X,0.02,0.18,0.21,0.009,0.02,8.0,3.0,49.0,1504.0,1544.0,1666.331298828125,1665.0,2078.0,1541.0
126172,80160,150,6.0,6.0,X,0.015,0.4,0.45,0.0,0.02,8.0,1.0,59.0,1487.0,1542.0,1645.3907470703125,1645.0,2076.0,1546.0
126171,80160,150,5.0,6.0,X,0.015,0.4,0.45,0.0,0.02,3.0,2.0,3.0,1487.0,1542.0,1650.0220947265625,1652.0,578.0,1546.0
126170,80160,150,4.0,6.0,X,0.015,0.4,0.45,0.0,0.02,8.0,5.0,30.0,1487.0,1542.0,1644.4434814453125,1647.0,2001.0,1547.0
126169,80160,150,3.0,6.0,X,0.015,0.4,0.45,0.0,0.02,7.0,14.0,32.0,1487.0,1542.0,1642.566162109375,1643.0,1708.0,1547.0
126168,80160,150,2.0,6.0,X,0.015,0.4,0.45,0.0,0.02,7.0,3.0,48.0,1487.0,1542.0,1642.5567626953125,1645.0,1770.0,1549.0
126167,80160,150,1.0,6.0,X,0.015,0.4,0.45,0.0,0.02,7.0,1.0,58.0,1487.0,1542.0,1663.108642578125,1664.0,1770.0,1539.0
126166,80160,150,6.0,6.0,X,0.015,0.4,0.45,0.0,0.02,2.0,2.0,2.0,1487.0,1542.0,1657.618896484375,1658.0,297.0,1554.0
126165,80160,150,5.0,6.0,X,0.015,0.4,0.45,0.0,0.02,7.0,5.0,29.0,1487.0,1542.0,1644.4434814453125,1647.0,1720.0,1557.0
126164,80160,150,4.0,6.0,X,0.015,0.4,0.45,0.0,0.02,6.0,14.0,31.0,1487.0,1542.0,1644.94775390625,1647.0,1437.0,1547.0
126163,80160,150,3.0,6.0,X,0.015,0.4,0.45,0.0,0.02,6.0,3.0,47.0,1487.0,1542.0,1643.215087890625,1643.0,1492.0,1543.0
126162,80160,150,2.0,6.0,X,0.015,0.4,0.45,0.0,0.02,6.0,1.0,57.0,1487.0,1542.0,1642.6295166015625,1645.0,1482.0,1543.0
126161,80160,150,1.0,6.0,X,0.015,0.4,0.45,0.0,0.02,1.0,2.0,1.0,1487.0,1542.0,1689.09033203125,1692.0,0.0,1552.0
126160,68448,150,9.0,9.0,X,0.02,0.15,0.17,0.008,0.02,6.0,5.0,28.0,1507.0,1551.0,1662.0592041015625,1664.0,1423.0,1567.0
126159,CA2FD,150,8.0,9.0,X,0.02,0.15,0.17,0.009,0.02,5.0,14.0,30.0,1507.0,1551.0,1664.77685546875,1665.0,1130.0,1563.0
126158,CA2FD,150,7.0,9.0,X,0.02,0.15,0.17,0.009,0.02,11.0,4.0,58.0,1507.0,1551.0,1662.2445068359375,1657.0,3144.0,1562.0
126157,CA2FD,150,6.0,9.0,X,0.02,0.15,0.17,0.009,0.02,5.0,3.0,46.0,1507.0,1551.0,1660.1766357421875,1667.0,1134.0,1559.0
126156,CA2FD,150,5.0,9.0,X,0.02,0.15,0.17,0.009,0.02,5.0,1.0,56.0,1507.0,1551.0,1661.191650390625,1662.0,1131.0,1553.0
126155,CA2FD,150,4.0,9.0,X,0.02,0.15,0.17,0.009,0.02,5.0,5.0,27.0,1507.0,1551.0,1661.6334228515625,1675.0,1131.0,1554.0
126154,CA2FD,150,3.0,9.0,X,0.02,0.15,0.17,0.009,0.02,4.0,14.0,29.0,1507.0,1551.0,1661.5130615234375,1667.0,843.0,1566.0
126153,CA2FD,150,2.0,9.0,X,0.02,0.15,0.17,0.009,0.02,10.0,4.0,57.0,1507.0,1551.0,1661.45068359375,1671.0,2846.0,1556.0
126152,CA2FD,150,1.0,9.0,X,0.02,0.15,0.17,0.009,0.02,4.0,3.0,45.0,1507.0,1551.0,1675.5721435546875,1690.0,842.0,1563.0
126151,E7999,150,8.0,8.0,X,0.02,0.16,0.18,0.012,0.01,4.0,1.0,55.0,1502.0,1551.0,1660.06396484375,1668.0,843.0,1543.0
126150,E7999,150,7.0,8.0,X,0.02,0.16,0.18,0.012,0.01,4.0,5.0,26.0,1506.0,1551.0,1668.3829345703125,1665.0,833.0,1558.0
126149,E7999,150,6.0,8.0,X,0.02,0.16,0.18,0.012,0.01,3.0,14.0,28.0,1506.0,1551.0,1668.5465087890625,1679.0,545.0,1560.0
126148,E7999,150,5.0,7.0,X,0.02,0.16,0.18,0.012,0.01,9.0,4.0,56.0,1506.0,1551.0,1671.03662109375,1673.0,2565.0,1561.0
126147,E7999,150,4.0,7.0,X,0.02,0.16,0.18,0.012,0.01,3.0,3.0,44.0,1506.0,1551.0,1670.3974609375,1676.0,553.0,1555.0
126146,E7999,150,3.0,7.0,X,0.02,0.16,0.18,0.012,0.01,3.0,1.0,54.0,1506.0,1551.0,1669.146484375,1676.0,560.0,1544.0
126145,E7999,150,2.0,7.0,X,0.02,0.16,0.18,0.012,0.01,3.0,5.0,25.0,1506.0,1551.0,1669.6927490234375,1670.0,569.0,1550.0
126144,E7999,150,1.0,7.0,X,0.02,0.16,0.18,0.012,0.01,2.0,14.0,27.0,1506.0,1551.0,1690.3323974609375,1682.0,291.0,1549.0
126143,3B7FC,150,9.0,9.0,X,0.005,0.46,0.5,0.0,0.015,8.0,4.0,55.0,1480.0,1525.0,1620.387451171875,1618.0,2297.0,1527.0
126142,3B7FC,150,8.0,9.0,X,0.005,0.46,0.5,0.0,0.015,2.0,3.0,43.0,1480.0,1525.0,1619.112060546875,1626.0,273.0,1540.0
126141,3B7FC,150,7.0,9.0,X,0.005,0.46,0.5,0.0,0.015,2.0,1.0,53.0,1480.0,1525.0,1618.6903076171875,1618.0,277.0,1532.0
126140,3B7FC,150,6.0,9.0,X,0.005,0.46,0.5,0.0,0.015,2.0,5.0,24.0,1480.0,1525.0,1616.1983642578125,1618.0,277.0,1539.0
126139,3B7FC,150,5.0,9.0,X,0.005,0.46,0.5,0.0,0.015,1.0,14.0,26.0,1480.0,1525.0,1638.3267822265625,1639.0,0.0,1545.0
126138,3B7FC,150,4.0,9.0,X,0.005,0.46,0.5,0.0,0.015,7.0,4.0,54.0,1480.0,1525.0,1622.12646484375,1624.0,2010.0,1526.0
126137,E1B6A,150,3.0,9.0,X,0.02,0.18,0.2,0.0,0.015,1.0,3.0,42.0,1501.0,1546.0,1668.3563232421875,1672.0,0.0,1564.0
126136,E1B6A,150,2.0,9.0,X,0.02,0.18,0.2,0.0,0.015,1.0,1.0,52.0,1501.0,1546.0,1667.641845703125,1670.0,0.0,1554.0
126135,A72C7,150,1.0,9.0,X,0.015,0.41,0.43,0.0,0.015,1.0,5.0,23.0,1481.0,1536.0,1656.6485595703125,1660.0,0.0,1540.0
126134,4E04A,300,2.0,2.0,X,0.005,0.55,0.59,0.007,0.0,6.0,4.0,53.0,1486.0,1541.0,1679.948486328125,1702.0,1566.0,1554.0
126133,4E04A,300,1.0,2.0,X,0.005,0.55,0.59,0.007,0.0,6.0,14.0,25.0,1486.0,1541.0,1697.4652099609375,1696.0,1438.0,1546.0
126132,4E04A,300,3.0,3.0,X,0.005,0.55,0.59,0.007,0.0,6.0,3.0,41.0,1486.0,1541.0,1680.5733642578125,1707.0,1503.0,1549.0
126131,4E04A,300,2.0,3.0,X,0.005,0.55,0.59,0.007,0.0,4.0,1.0,51.0,1486.0,1541.0,1681.5211181640625,1704.0,980.0,1548.0
126130,4E04A,300,1.0,3.0,X,0.005,0.55,0.59,0.007,0.0,5.0,5.0,22.0,1486.0,1541.0,1689.9583740234375,1713.0,1189.0,1550.0
126129,4E04A,300,3.0,3.0,X,0.005,0.55,0.59,0.007,0.0,5.0,4.0,52.0,1486.0,1541.0,1683.8817138671875,1698.0,1244.0,1542.0
126128,4E04A,300,3.0,3.0,X,0.005,0.55,0.59,0.007,0.0,5.0,14.0,24.0,1486.0,1541.0,1684.4630126953125,1708.0,1062.0,1555.0
126127,4E04A,300,2.0,3.0,X,0.005,0.55,0.59,0.007,0.0,5.0,3.0,40.0,1486.0,1541.0,1683.127197265625,1710.0,1122.0,1568.0
126126,4E04A,300,1.0,3.0,X,0.005,0.55,0.59,0.007,0.0,3.0,1.0,50.0,1486.0,1541.0,1687.9671630859375,1706.0,607.0,1553.0
126125,2D42F,300,5.0,5.0,B,0.005,0.36,0.39,0.0,0.01,4.0,5.0,21.0,1492.0,1547.0,1673.0062255859375,1674.0,825.0,1550.0
126124,2D42F,300,4.0,5.0,B,0.005,0.36,0.39,0.0,0.01,4.0,4.0,51.0,1492.0,1547.0,1668.5487060546875,1666.0,895.0,1542.0
126123,2D42F,300,3.0,5.0,B,0.005,0.36,0.39,0.0,0.01,4.0,14.0,23.0,1492.0,1547.0,1667.8404541015625,1681.0,758.0,1563.0
126122,2D42F,300,2.0,5.0,B,0.005,0.36,0.39,0.0,0.01,4.0,3.0,39.0,1492.0,1547.0,1669.554443359375,1671.0,830.0,1556.0
126121,2D42F,300,1.0,5.0,B,0.005,0.36,0.39,0.0,0.01,2.0,1.0,49.0,1492.0,1547.0,1693.673583984375,1679.0,306.0,1539.0
126120,2D42F,300,5.0,5.0,B,0.005,0.36,0.39,0.0,0.01,3.0,5.0,20.0,1492.0,1547.0,1670.51611328125,1665.0,525.0,1551.0
126119,2D42F,300,4.0,5.0,B,0.005,0.36,0.39,0.0,0.01,3.0,14.0,22.0,1492.0,1547.0,1666.676513671875,1664.0,529.0,1551.0
126118,2D42F,300,3.0,5.0,B,0.005,0.36,0.39,0.0,0.01,3.0,4.0,50.0,1492.0,1547.0,1668.5806884765625,1672.0,525.0,1564.0
126117,2D42F,300,2.0,5.0,B,0.005,0.36,0.39,0.0,0.01,3.0,3.0,38.0,1492.0,1547.0,1667.1148681640625,1663.0,524.0,1559.0
126116,2D42F,300,1.0,5.0,B,0.005,0.36,0.39,0.0,0.01,1.0,1.0,48.0,1492.0,1547.0,1708.0721435546875,1700.0,0.0,1547.0
126115,1B622,300,1.0,1.0,X,0.005,0.2,0.24,0.0,0.0,2.0,5.0,19.0,1494.0,1534.0,1666.663818359375,1666.0,217.0,1538.0
126114,DE12C,300,7.0,7.0,X,0.02,0.53,0.55,0.0,0.02,2.0,14.0,21.0,1486.0,1536.0,1643.2392578125,1656.0,215.0,1546.0
126113,DE12C,300,6.0,7.0,X,0.02,0.53,0.55,0.0,0.02,2.0,4.0,49.0,1486.0,1536.0,1644.5809326171875,1645.0,232.0,1546.0
126112,DE12C,300,5.0,7.0,X,0.02,0.53,0.55,0.0,0.02,2.0,3.0,37.0,1486.0,1536.0,1643.4620361328125,1643.0,233.0,1542.0
126111,A2DFA,300,4.0,7.0,X,0.005,0.43,0.5,0.0,0.0,1.0,5.0,18.0,1480.0,1525.0,1635.910400390625,1639.0,0.0,1538.0
126110,A2DFA,300,3.0,7.0,X,0.005,0.43,0.5,0.0,0.0,1.0,14.0,20.0,1480.0,1525.0,1635.774658203125,1642.0,0.0,1517.0
126109,11307,300,2.0,7.0,X,0.01,0.45,0.5,0.0,0.02,1.0,4.0,48.0,1480.0,1520.0,1644.880859375,1660.0,0.0,1536.0
126108,11307,300,1.0,7.0,X,0.01,0.45,0.5,0.0,0.02,1.0,3.0,36.0,1480.0,1520.0,1666.6474609375,1670.0,0.0,1522.0
126107,A2DFA,300,4.0,4.0,X,0.005,0.43,0.5,0.0,0.0,17.0,1.0,47.0,1480.0,1525.0,1618.783935546875,1621.0,5128.0,1523.0
126106,A2DFA,300,2.0,7.0,X,0.005,0.43,0.5,0.0,0.0,18.0,4.0,47.0,1480.0,1525.0,1617.935791015625,1620.0,5525.0,1536.0
126105,A2DFA,300,4.0,10.0,X,0.005,0.43,0.5,0.0,0.0,17.0,14.0,19.0,1480.0,1525.0,1612.2657470703125,1647.0,4818.0,1532.0
126104,A2DFA,300,3.0,10.0,X,0.005,0.43,0.5,0.0,0.0,17.0,5.0,17.0,1480.0,1525.0,1611.4696044921875,1611.0,4893.0,1540.0
126103,116A5,300,2.0,10.0,X,0.02,0.5,0.52,0.0,0.0,16.0,1.0,46.0,1488.0,1528.0,1640.266357421875,1643.0,4778.0,1541.0
126102,116A5,300,1.0,10.0,X,0.02,0.5,0.52,0.0,0.0,17.0,4.0,46.0,1488.0,1528.0,1658.5791015625,1659.0,5311.0,1538.0
126101,E1B6A,300,6.0,6.0,X,0.02,0.18,0.2,0.0,0.015,27.0,3.0,35.0,1501.0,1546.0,1655.5980224609375,1668.0,8803.0,1556.0
126100,E1B6A,300,5.0,6.0,X,0.02,0.18,0.2,0.0,0.015,16.0,14.0,18.0,1501.0,1546.0,1654.5994873046875,1665.0,4554.0,1559.0
126099,E1B6A,300,4.0,6.0,X,0.02,0.18,0.2,0.0,0.015,16.0,5.0,16.0,1501.0,1546.0,1656.6502685546875,1664.0,4623.0,1541.0
126098,B7DF0,300,3.0,6.0,X,0.015,0.38,0.42,0.0,0.02,15.0,1.0,45.0,1486.0,1531.0,1650.9873046875,1654.0,4504.0,1543.0
126097,B7DF0,300,2.0,6.0,X,0.015,0.38,0.42,0.0,0.02,16.0,4.0,45.0,1486.0,1531.0,1641.445556640625,1650.0,5022.0,1536.0
126096,B7DF0,300,1.0,6.0,X,0.015,0.38,0.42,0.0,0.02,26.0,3.0,34.0,1486.0,1531.0,1666.1671142578125,1669.0,8499.0,1539.0
126095,5146B,300,8.0,8.0,X,0.005,0.45,0.48,0.0,0.0,15.0,14.0,17.0,1481.0,1526.0,1656.9215087890625,1663.0,4241.0,1538.0
126094,5146B,300,7.0,8.0,X,0.005,0.45,0.48,0.0,0.0,15.0,5.0,15.0,1481.0,1526.0,1652.9132080078125,1656.0,4308.0,1534.0
126093,5146B,300,6.0,8.0,X,0.005,0.45,0.48,0.0,0.0,14.0,1.0,44.0,1481.0,1526.0,1640.66650390625,1659.0,4189.0,1536.0
126092,5146B,300,5.0,8.0,X,0.005,0.45,0.48,0.0,0.0,15.0,4.0,44.0,1481.0,1526.0,1641.9482421875,1655.0,4707.0,1534.0
126091,5146B,300,4.0,8.0,X,0.005,0.45,0.48,0.0,0.0,25.0,3.0,33.0,1481.0,1526.0,1649.3717041015625,1654.0,8189.0,1536.0
126090,5146B,300,3.0,8.0,X,0.005,0.45,0.48,0.0,0.0,14.0,14.0,16.0,1481.0,1526.0,1655.167724609375,1656.0,3908.0,1535.0
126089,5146B,300,2.0,8.0,X,0.005,0.45,0.48,0.0,0.0,14.0,5.0,14.0,1481.0,1526.0,1640.3428955078125,1654.0,3970.0,1541.0
126088,5146B,300,1.0,8.0,X,0.005,0.45,0.48,0.0,0.0,13.0,1.0,43.0,1481.0,1526.0,1664.5936279296875,1668.0,3861.0,1545.0
126087,83A35,300,4.0,4.0,X,0.005,0.37,0.45,0.0,0.08,14.0,4.0,43.0,1480.0,1520.0,1629.52978515625,1634.0,4380.0,1532.0
126086,9A58C,300,3.0,4.0,X,0.0,0.37,0.45,0.008,0.08,24.0,3.0,32.0,1480.0,1525.0,1620.6798095703125,1628.0,7867.0,1522.0
126085,9A58C,300,2.0,4.0,X,0.0,0.37,0.45,0.008,0.08,13.0,14.0,15.0,1480.0,1525.0,1623.09619140625,1621.0,3611.0,1525.0
126084,9A58C,300,1.0,4.0,X,0.0,0.37,0.45,0.008,0.08,13.0,5.0,13.0,1480.0,1525.0,1647.494873046875,1648.0,3667.0,1533.0
126083,EA23B,300,7.0,7.0,V,0.01,0.36,0.4,0.013,0.05,12.0,1.0,42.0,1480.0,1540.0,1652.2301025390625,1654.0,3553.0,1545.0
126082,EA23B,300,6.0,7.0,V,0.01,0.36,0.4,0.013,0.05,13.0,4.0,42.0,1480.0,1540.0,1654.7169189453125,1656.0,4082.0,1552.0
126081,EA23B,300,5.0,7.0,V,0.01,0.36,0.4,0.013,0.05,23.0,3.0,31.0,1480.0,1540.0,1649.09521484375,1649.0,7571.0,1543.0
126080,EA23B,300,4.0,7.0,V,0.01,0.36,0.4,0.013,0.05,12.0,14.0,14.0,1480.0,1540.0,1650.5760498046875,1653.0,3320.0,1539.0
126079,000DC,300,3.0,7.0,V,0.006,0.43,0.46,0.015,0.055,12.0,5.0,12.0,1470.0,1515.0,1629.13037109375,1636.0,3388.0,1513.0
126078,000DC,300,2.0,7.0,V,0.006,0.43,0.46,0.015,0.055,11.0,1.0,41.0,1470.0,1515.0,1622.3267822265625,1630.0,3271.0,1517.0
126077,000DC,300,1.0,7.0,V,0.006,0.43,0.46,0.015,0.055,12.0,4.0,41.0,1470.0,1515.0,1647.1043701171875,1649.0,3783.0,1527.0
126076,D63DF,300,7.0,7.0,V,0.005,0.37,0.4,0.01,0.03,22.0,3.0,30.0,1480.0,1525.0,1629.7882080078125,1631.0,7209.0,1535.0
126075,D63DF,300,6.0,7.0,V,0.005,0.37,0.4,0.01,0.03,11.0,14.0,13.0,1480.0,1525.0,1627.937255859375,1633.0,2961.0,1534.0
126074,D63DF,300,5.0,7.0,V,0.005,0.37,0.4,0.01,0.03,11.0,5.0,11.0,1480.0,1525.0,1626.998779296875,1630.0,3030.0,1543.0
126073,D63DF,300,4.0,7.0,V,0.005,0.37,0.4,0.01,0.03,10.0,1.0,40.0,1480.0,1525.0,1633.867919921875,1646.0,2911.0,1528.0
126072,D63DF,300,3.0,7.0,V,0.005,0.37,0.4,0.01,0.03,11.0,4.0,40.0,1480.0,1525.0,1632.6387939453125,1643.0,3438.0,1530.0
126071,D63DF,300,2.0,7.0,V,0.005,0.37,0.4,0.01,0.03,21.0,3.0,29.0,1480.0,1525.0,1634.2906494140625,1643.0,6914.0,1538.0
126070,D63DF,300,1.0,7.0,V,0.005,0.37,0.4,0.01,0.03,10.0,14.0,12.0,1480.0,1525.0,1654.1749267578125,1658.0,2665.0,1528.0
126069,E1CE3,300,4.0,4.0,X,0.01,0.37,0.39,0.0,0.0,10.0,5.0,10.0,1485.0,1525.0,1642.890625,1665.0,2727.0,1533.0
126068,F7C5E,300,3.0,4.0,X,0.015,0.27,0.29,0.009,0.0,9.0,1.0,39.0,1501.0,1551.0,1688.926025390625,1704.0,2603.0,1558.0
126067,F7C5E,300,2.0,4.0,X,0.015,0.27,0.29,0.009,0.0,10.0,4.0,39.0,1501.0,1551.0,1690.482177734375,1698.0,3134.0,1551.0
126066,F7C5E,300,1.0,4.0,X,0.015,0.27,0.29,0.009,0.0,20.0,3.0,28.0,1501.0,1551.0,1703.607177734375,1704.0,6622.0,1541.0
126065,5AF4D,300,8.0,8.0,V,0.006,0.43,0.46,0.015,0.06,9.0,14.0,11.0,1470.0,1515.0,1632.9326171875,1634.0,2372.0,1517.0
126064,5AF4D,300,7.0,8.0,V,0.006,0.43,0.46,0.015,0.06,9.0,5.0,9.0,1470.0,1515.0,1627.2120361328125,1632.0,2439.0,1521.0
126063,5AF4D,300,6.0,8.0,V,0.006,0.43,0.46,0.015,0.06,8.0,1.0,38.0,1470.0,1515.0,1625.1400146484375,1628.0,2319.0,1521.0
126062,5AF4D,300,5.0,8.0,V,0.006,0.43,0.46,0.015,0.06,9.0,4.0,38.0,1470.0,1515.0,1625.1400146484375,1628.0,2842.0,1514.0
126061,5AF4D,300,4.0,8.0,V,0.006,0.43,0.46,0.015,0.06,19.0,3.0,27.0,1470.0,1515.0,1625.477294921875,1633.0,6327.0,1517.0
126060,5AF4D,300,3.0,8.0,V,0.006,0.43,0.46,0.015,0.06,8.0,14.0,10.0,1470.0,1515.0,1631.0474853515625,1626.0,2067.0,1515.0
126059,5AF4D,300,2.0,8.0,V,0.006,0.43,0.46,0.015,0.06,8.0,5.0,8.0,1470.0,1515.0,1629.482177734375,1631.0,2127.0,1528.0
126058,5AF4D,300,1.0,8.0,V,0.006,0.43,0.46,0.015,0.06,7.0,1.0,37.0,1470.0,1515.0,1652.517333984375,1655.0,2019.0,1527.0
126057,D63DF,300,6.0,6.0,V,0.005,0.37,0.4,0.01,0.03,8.0,4.0,37.0,1480.0,1525.0,1629.5804443359375,1631.0,2557.0,1537.0
126056,D63DF,300,5.0,6.0,V,0.005,0.37,0.4,0.01,0.03,18.0,3.0,26.0,1480.0,1525.0,1630.124755859375,1628.0,6050.0,1520.0
126055,D63DF,300,4.0,6.0,V,0.005,0.37,0.4,0.01,0.03,7.0,14.0,9.0,1480.0,1525.0,1628.841064453125,1631.0,1801.0,1533.0
126054,D63DF,300,3.0,6.0,V,0.005,0.37,0.4,0.01,0.03,7.0,5.0,7.0,1480.0,1525.0,1629.331787109375,1638.0,1872.0,1533.0
126053,D63DF,300,2.0,6.0,V,0.005,0.37,0.4,0.01,0.03,7.0,4.0,36.0,1480.0,1525.0,1627.654541015625,1649.0,2328.0,1528.0
126052,D63DF,300,1.0,6.0,V,0.005,0.37,0.4,0.01,0.03,6.0,1.0,35.0,1480.0,1525.0,1662.5831298828125,1671.0,1685.0,1513.0
126051,889AE,300,2.0,2.0,B,0.02,0.16,0.18,0.012,0.01,17.0,3.0,25.0,1507.0,1532.0,1640.77783203125,1648.0,5758.0,1533.0
126050,889AE,300,1.0,2.0,B,0.02,0.16,0.18,0.012,0.01,6.0,14.0,8.0,1507.0,1532.0,1673.8436279296875,1688.0,1501.0,1545.0
126049,889AE,300,2.0,4.0,B,0.02,0.16,0.18,0.012,0.01,6.0,5.0,6.0,1507.0,1532.0,1636.1116943359375,1651.0,1516.0,1546.0
126048,889AE,300,1.0,4.0,B,0.02,0.16,0.18,0.012,0.01,6.0,4.0,35.0,1507.0,1532.0,1670.314208984375,1684.0,1976.0,1536.0
126047,2D42F,300,6.0,6.0,B,0.005,0.36,0.39,0.0,0.01,5.0,1.0,34.0,1492.0,1547.0,1668.34033203125,1663.0,1319.0,1542.0
126046,2D42F,300,5.0,6.0,B,0.005,0.36,0.39,0.0,0.01,16.0,3.0,24.0,1492.0,1547.0,1669.411865234375,1676.0,5386.0,1549.0
126045,2D42F,300,4.0,6.0,B,0.005,0.36,0.39,0.0,0.01,5.0,14.0,7.0,1492.0,1547.0,1669.992919921875,1674.0,1137.0,1549.0
126044,2D42F,300,3.0,6.0,B,0.005,0.36,0.39,0.0,0.01,5.0,5.0,5.0,1492.0,1547.0,1670.5439453125,1678.0,1201.0,1554.0
126043,2D42F,300,2.0,6.0,B,0.005,0.36,0.39,0.0,0.01,5.0,4.0,34.0,1492.0,1547.0,1668.51318359375,1673.0,1672.0,1547.0
126042,2D42F,300,1.0,6.0,B,0.005,0.36,0.39,0.0,0.01,4.0,1.0,33.0,1492.0,1547.0,1693.0177001953125,1695.0,1022.0,1538.0
126041,E0E22,300,2.0,2.0,X,0.02,0.19,0.21,0.009,0.02,15.0,3.0,23.0,1505.0,1550.0,1669.042724609375,1673.0,5042.0,1555.0
126040,7FEAB,300,5.0,6.0,X,0.02,0.19,0.21,0.009,0.02,4.0,14.0,6.0,1506.0,1546.0,1669.828125,1689.0,800.0,1547.0
126039,7FEAB,300,4.0,6.0,X,0.02,0.19,0.21,0.009,0.02,4.0,5.0,4.0,1506.0,1546.0,1670.631103515625,1667.0,878.0,1536.0
126038,7FEAB,300,3.0,6.0,X,0.02,0.19,0.21,0.009,0.02,4.0,4.0,33.0,1506.0,1546.0,1655.8695068359375,1674.0,1330.0,1552.0
126037,7FEAB,300,2.0,6.0,X,0.02,0.19,0.21,0.009,0.02,14.0,3.0,22.0,1506.0,1546.0,1659.6307373046875,1693.0,4796.0,1551.0
126036,7FEAB,300,1.0,6.0,X,0.02,0.19,0.21,0.009,0.02,3.0,1.0,31.0,1506.0,1546.0,1688.556640625,1662.0,609.0,1557.0
126035,889AE,300,4.0,4.0,B,0.02,0.16,0.18,0.012,0.01,3.0,14.0,5.0,1507.0,1532.0,1632.5401611328125,1636.0,494.0,1534.0
126034,889AE,300,3.0,4.0,B,0.02,0.16,0.18,0.012,0.01,3.0,5.0,3.0,1507.0,1532.0,1643.089599609375,1659.0,566.0,1537.0
126033,889AE,300,2.0,4.0,B,0.02,0.16,0.18,0.012,0.01,3.0,4.0,32.0,1507.0,1532.0,1635.909423828125,1645.0,1043.0,1534.0
126032,889AE,300,1.0,4.0,B,0.02,0.16,0.18,0.012,0.01,13.0,3.0,21.0,1507.0,1532.0,1672.1065673828125,1665.0,4536.0,1530.0
126031,57414,300,8.0,8.0,X,0.01,0.38,0.43,0.0,0.02,2.0,14.0,4.0,1486.0,1526.0,1642.2125244140625,1654.0,292.0,1534.0
126030,AD69B,300,7.0,8.0,X,0.015,0.42,0.44,0.0,0.0,2.0,1.0,30.0,1483.0,1523.0,1634.5054931640625,1638.0,294.0,1533.0
126029,AD69B,300,6.0,8.0,X,0.015,0.42,0.44,0.0,0.0,2.0,5.0,2.0,1483.0,1523.0,1642.5777587890625,1657.0,300.0,1525.0
126028,AD69B,300,5.0,8.0,X,0.015,0.42,0.44,0.0,0.0,2.0,4.0,31.0,1483.0,1523.0,1632.955810546875,1648.0,760.0,1520.0
126027,AD69B,300,4.0,8.0,X,0.015,0.42,0.44,0.0,0.0,12.0,3.0,20.0,1483.0,1523.0,1634.3314208984375,1643.0,4250.0,1521.0
126026,57414,300,3.0,8.0,X,0.01,0.38,0.43,0.0,0.02,1.0,14.0,3.0,1486.0,1526.0,0.0,1674.0,0.0,1536.0
126025,AD69B,300,2.0,8.0,X,0.015,0.42,0.44,0.0,0.0,1.0,1.0,29.0,1483.0,1523.0,0.0,1662.0,0.0,1533.0
126024,AD69B,300,1.0,8.0,X,0.015,0.42,0.44,0.0,0.0,1.0,5.0,1.0,1483.0,1523.0,0.0,1699.0,0.0,1542.0
126023,60329,300,3.0,4.0,X,0.02,0.22,0.25,0.01,0.015,1.0,14.0,3.0,1501.0,1536.0,1671.0648193359375,1660.0,0.0,1558.0
126022,60329,300,3.0,5.0,X,0.02,0.22,0.25,0.01,0.015,1.0,4.0,30.0,1501.0,1536.0,1660.695068359375,1656.0,0.0,1544.0
126021,734B0,300,3.0,6.0,X,0.01,0.4,0.43,0.0,0.02,2.0,1.0,27.0,1486.0,1526.0,1647.63818359375,1661.0,383.0,1527.0
126020,F7AB5,300,3.0,7.0,X,0.015,0.42,0.44,0.0,0.02,1.0,14.0,3.0,1481.0,1526.0,1660.2535400390625,1658.0,0.0,
126019,734B0,300,3.0,8.0,X,0.01,0.4,0.43,0.0,0.02,1.0,4.0,29.0,1486.0,1526.0,1657.989013671875,1677.0,0.0,1528.0
126018,734B0,300,2.0,8.0,X,0.01,0.4,0.43,0.0,0.02,10.0,3.0,17.0,1486.0,1526.0,1652.280517578125,1669.0,2656.0,1528.0
126017,734B0,300,1.0,8.0,X,0.01,0.4,0.43,0.0,0.02,1.0,1.0,26.0,1486.0,1526.0,1678.1253662109375,1690.0,0.0,1531.0
126016,57414,300,8.0,8.0,X,0.01,0.38,0.43,0.0,0.02,9.0,6.0,66.0,1486.0,1526.0,1642.997802734375,1660.0,2268.0,1528.0
126015,57414,300,7.0,8.0,X,0.01,0.38,0.43,0.0,0.02,9.0,3.0,16.0,1486.0,1526.0,1640.8603515625,1640.0,2275.0,1539.0
126014,57414,300,6.0,8.0,X,0.01,0.38,0.43,0.0,0.02,2.0,14.0,2.0,1486.0,1526.0,1651.12158203125,1650.0,286.0,1534.0
126013,57414,300,5.0,8.0,X,0.01,0.38,0.43,0.0,0.02,9.0,4.0,28.0,1486.0,1526.0,1640.94189453125,1650.0,2283.0,1524.0
126012,57414,300,4.0,8.0,X,0.01,0.38,0.43,0.0,0.02,6.0,7.0,56.0,1486.0,1526.0,1646.0072021484375,1645.0,1530.0,1533.0
126011,57414,300,3.0,8.0,X,0.01,0.38,0.43,0.0,0.02,8.0,6.0,65.0,1486.0,1526.0,1638.3740234375,1642.0,1990.0,1541.0
126010,57414,300,2.0,8.0,X,0.01,0.38,0.43,0.0,0.02,8.0,3.0,15.0,1486.0,1526.0,1642.192626953125,1652.0,1993.0,1538.0
126009,57414,300,1.0,8.0,X,0.01,0.38,0.43,0.0,0.02,1.0,14.0,1.0,1486.0,1526.0,1684.51953125,1692.0,0.0,1533.0
126008,248B5,300,3.0,3.0,X,0.02,0.21,0.23,0.009,0.02,8.0,4.0,27.0,1506.0,1551.0,1668.87939453125,1671.0,1993.0,1555.0
126007,248B5,300,2.0,3.0,X,0.02,0.21,0.23,0.009,0.02,7.0,6.0,64.0,1506.0,1551.0,1669.3521728515625,1664.0,1758.0,1557.0
126006,248B5,300,1.0,3.0,X,0.02,0.21,0.23,0.009,0.02,5.0,7.0,55.0,1506.0,1551.0,1682.21044921875,1681.0,1192.0,1551.0
126005,889AE,300,4.0,4.0,B,0.02,0.16,0.18,0.012,0.01,7.0,3.0,14.0,1507.0,1532.0,1636.1942138671875,1645.0,1718.0,1539.0
126004,889AE,300,3.0,4.0,B,0.02,0.16,0.18,0.012,0.01,7.0,1.0,25.0,1507.0,1532.0,1635.3748779296875,1644.0,1717.0,1543.0
126003,889AE,300,2.0,4.0,B,0.02,0.16,0.18,0.012,0.01,7.0,4.0,26.0,1507.0,1532.0,1635.2164306640625,1659.0,1720.0,1548.0
126002,889AE,300,1.0,4.0,B,0.02,0.16,0.18,0.012,0.01,6.0,6.0,63.0,1507.0,1532.0,1670.9195556640625,1673.0,1474.0,1547.0
126001,B248F,300,6.0,6.0,X,0.0,0.93,0.97,0.0,0.0,4.0,7.0,54.0,1462.0,1488.0,1609.4967041015625,1615.0,906.0,1491.0
126000,0BFF6,300,5.0,6.0,X,0.0,0.93,1.0,0.006,0.0,6.0,3.0,13.0,1462.0,1488.0,1604.46728515625,1613.0,1424.0,1502.0
125999,0BFF6,300,4.0,6.0,X,0.0,0.93,1.0,0.006,0.0,6.0,1.0,24.0,1462.0,1488.0,1601.81640625,1609.0,1412.0,1495.0
125998,0BFF6,300,3.0,6.0,X,0.0,0.93,1.0,0.006,0.0,6.0,4.0,25.0,1462.0,1488.0,1602.204833984375,1610.0,1433.0,1488.0
125997,0BFF6,300,2.0,6.0,X,0.0,0.93,1.0,0.006,0.0,5.0,6.0,62.0,1462.0,1488.0,1606.4705810546875,1609.0,1194.0,1485.0
125996,0BFF6,300,1.0,6.0,X,0.0,0.93,1.0,0.006,0.0,3.0,7.0,53.0,1462.0,1488.0,1618.935791015625,1626.0,617.0,1478.0
125995,E36E1,300,3.0,3.0,X,0.02,0.34,0.37,0.0,0.02,5.0,3.0,12.0,1489.0,1534.0,1655.439208984375,1662.0,1140.0,1530.0
125994,87A17,300,2.0,3.0,X,0.022,0.2,0.22,0.0,0.02,5.0,1.0,23.0,1505.0,1535.0,1650.4814453125,1651.0,1132.0,1533.0
125993,37C6E,300,1.0,3.0,X,0.02,0.17,0.2,0.009,0.02,5.0,4.0,24.0,1502.0,1542.0,1672.9239501953125,1670.0,1150.0,1548.0
125992,C2394,300,2.0,2.0,X,0.02,0.17,0.22,0.01,0.01,4.0,6.0,61.0,1502.0,1537.0,1650.665283203125,1654.0,869.0,1541.0
125991,C2394,300,1.0,5.0,X,0.02,0.17,0.22,0.01,0.01,2.0,7.0,52.0,1502.0,1537.0,1671.712158203125,1659.0,292.0,1537.0
125990,80160,300,7.0,7.0,X,0.015,0.4,0.45,0.0,0.02,4.0,3.0,11.0,1487.0,1522.0,1643.672119140625,1646.0,800.0,1542.0
125989,80160,300,6.0,7.0,X,0.015,0.4,0.45,0.0,0.02,4.0,1.0,22.0,1487.0,1522.0,1641.411376953125,1642.0,794.0,1537.0
125988,FA128,300,5.0,7.0,X,0.02,0.18,0.21,0.009,0.02,4.0,4.0,23.0,1504.0,1544.0,1661.682373046875,1664.0,816.0,1563.0
125987,FA128,300,4.0,7.0,X,0.02,0.18,0.21,0.009,0.02,3.0,6.0,60.0,1504.0,1544.0,1660.3369140625,1663.0,577.0,1563.0
125986,FA128,300,3.0,7.0,X,0.02,0.18,0.21,0.009,0.02,1.0,7.0,51.0,1504.0,1544.0,1673.36376953125,1673.0,0.0,1552.0
125985,FA128,300,2.0,7.0,X,0.02,0.18,0.21,0.009,0.02,3.0,3.0,10.0,1504.0,1544.0,1656.0985107421875,1654.0,520.0,1552.0
125984,FA128,300,1.0,7.0,X,0.02,0.18,0.21,0.009,0.02,3.0,1.0,21.0,1504.0,1544.0,1674.565673828125,1675.0,502.0,1546.0
125983,C635C,300,4.0,4.0,X,0.0,0.9,0.94,0.0,0.0,3.0,4.0,22.0,1460.0,1485.0,1608.29736328125,1608.0,523.0,
125982,C635C,300,3.0,4.0,X,0.0,0.9,0.94,0.0,0.0,2.0,6.0,59.0,1460.0,1485.0,1602.78564453125,1605.0,272.0,1494.0
125981,C635C,300,2.0,4.0,X,0.0,0.9,0.94,0.0,0.0,2.0,3.0,9.0,1460.0,1485.0,1601.282470703125,1599.0,260.0,1489.0
125980,C635C,300,1.0,4.0,X,0.0,0.9,0.94,0.0,0.0,2.0,1.0,20.0,1460.0,1485.0,1620.5140380859375,1623.0,254.0,1496.0
125979,D033D,300,5.0,5.0,X,0.02,0.47,0.49,0.009,0.0,2.0,4.0,21.0,1480.0,1515.0,1623.133056640625,1626.0,251.0,1531.0
125978,D033D,300,4.0,5.0,X,0.02,0.47,0.49,0.009,0.0,1.0,6.0,58.0,1480.0,1515.0,1641.7501220703125,1643.0,0.0,1530.0
125977,D033D,300,3.0,5.0,X,0.02,0.47,0.49,0.009,0.0,1.0,3.0,8.0,1480.0,1515.0,1642.1064453125,1638.0,0.0,1523.0
125976,D033D,300,2.0,5.0,X,0.02,0.47,0.49,0.009,0.0,1.0,1.0,19.0,1480.0,1515.0,1641.4161376953125,1650.0,0.0,1532.0
125975,DDC4A,300,1.0,5.0,X,0.01,0.32,0.38,0.0,0.0,1.0,4.0,20.0,1493.0,1543.0,1686.8448486328125,1681.0,0.0,1554.0
125974,D6B63,300,1.0,1.0,X,0.01,0.05,0.08,0.0,0.0,11.0,6.0,57.0,1527.0,1572.0,1686.3331298828125,1683.0,2815.0,1568.0
125973,FE39B,300,5.0,5.0,X,0.02,0.21,0.23,0.0,0.02,7.0,3.0,7.0,1503.0,1548.0,1663.1275634765625,1668.0,1745.0,1555.0
125972,FE39B,300,4.0,5.0,X,0.02,0.21,0.23,0.0,0.02,11.0,7.0,50.0,1503.0,1548.0,1665.003662109375,1676.0,2650.0,1551.0
125971,FE39B,300,3.0,5.0,X,0.02,0.21,0.23,0.0,0.02,10.0,1.0,18.0,1503.0,1548.0,1665.3880615234375,1667.0,2488.0,1544.0
125970,FE39B,300,2.0,5.0,X,0.02,0.21,0.23,0.0,0.02,10.0,4.0,19.0,1503.0,1548.0,1661.7347412109375,1672.0,2493.0,1545.0
125969,FE39B,300,1.0,5.0,X,0.02,0.21,0.23,0.0,0.02,6.0,3.0,6.0,1503.0,1548.0,1692.50439453125,1692.0,1527.0,1552.0
125968,51FF2,300,5.0,5.0,X,0.015,0.21,0.23,0.0,0.02,10.0,6.0,56.0,1503.0,1543.0,1655.274169921875,1653.0,2487.0,1550.0
125967,51FF2,300,4.0,5.0,X,0.015,0.21,0.23,0.0,0.02,10.0,7.0,49.0,1503.0,1543.0,1655.2158203125,1646.0,2382.0,1537.0
125966,FE39B,300,3.0,5.0,X,0.02,0.21,0.23,0.0,0.02,9.0,1.0,17.0,1503.0,1548.0,1668.194580078125,1662.0,2219.0,1549.0
125965,FE39B,300,2.0,5.0,X,0.02,0.21,0.23,0.0,0.02,9.0,4.0,18.0,1503.0,1548.0,1670.77490234375,1669.0,2230.0,1541.0
125964,FE39B,300,1.0,5.0,X,0.02,0.21,0.23,0.0,0.02,5.0,3.0,5.0,1503.0,1548.0,1690.005859375,1692.0,1254.0,1552.0
125963,E86A6,300,3.0,8.0,X,0.018,0.28,0.31,0.007,0.015,9.0,6.0,55.0,1497.0,1537.0,1651.99560546875,1652.0,2172.0,1552.0
125962,E86A6,300,2.0,8.0,X,0.018,0.28,0.31,0.007,0.015,9.0,7.0,48.0,1497.0,1537.0,1649.3790283203125,1663.0,2056.0,1533.0
125961,E86A6,300,1.0,3.0,X,0.018,0.28,0.31,0.007,0.015,8.0,1.0,16.0,1497.0,1537.0,1668.0035400390625,1669.0,1875.0,1529.0
125960,E86A6,300,5.0,8.0,X,0.018,0.28,0.31,0.007,0.015,8.0,4.0,17.0,1497.0,1537.0,1652.7252197265625,1657.0,1880.0,1545.0
125959,E86A6,300,4.0,8.0,X,0.018,0.28,0.31,0.007,0.015,4.0,3.0,4.0,1497.0,1537.0,1651.0404052734375,1648.0,896.0,1535.0
125958,E86A6,300,3.0,8.0,X,0.018,0.28,0.31,0.007,0.015,8.0,6.0,54.0,1497.0,1537.0,1652.6588134765625,1650.0,1860.0,1541.0
125957,E86A6,300,2.0,8.0,X,0.018,0.28,0.31,0.007,0.015,8.0,7.0,47.0,1497.0,1537.0,1653.58740234375,1647.0,1756.0,1545.0
125956,E86A6,300,1.0,8.0,X,0.018,0.28,0.31,0.007,0.015,7.0,1.0,15.0,1497.0,1537.0,1665.06103515625,1664.0,1590.0,1550.0
125955,1697B,300,6.0,6.0,X,0.02,0.18,0.22,0.009,0.015,7.0,4.0,16.0,1501.0,1536.0,1647.908447265625,1649.0,1592.0,1536.0
125954,1697B,300,5.0,6.0,X,0.02,0.18,0.22,0.009,0.015,3.0,3.0,3.0,1501.0,1536.0,1650.448974609375,1660.0,623.0,1540.0
125953,1697B,300,4.0,6.0,X,0.02,0.18,0.22,0.009,0.015,7.0,6.0,53.0,1501.0,1536.0,1646.876220703125,1652.0,1591.0,1533.0
125952,9E44C,300,3.0,6.0,X,0.02,0.18,0.2,0.01,0.02,7.0,7.0,46.0,1500.0,1540.0,1654.1925048828125,1664.0,1482.0,1554.0
125951,9E44C,300,2.0,6.0,X,0.02,0.18,0.2,0.01,0.02,6.0,1.0,14.0,1500.0,1540.0,1652.5631103515625,1657.0,1312.0,1550.0
125950,9E44C,300,1.0,6.0,X,0.02,0.18,0.2,0.01,0.02,6.0,4.0,15.0,1500.0,1540.0,1664.7197265625,1663.0,1300.0,1534.0
125949,9E44C,150,6.0,6.0,X,0.02,0.18,0.2,0.01,0.02,2.0,3.0,2.0,1500.0,1540.0,1661.3779296875,1660.0,281.0,1549.0
125948,9E44C,150,5.0,6.0,X,0.02,0.18,0.2,0.01,0.02,6.0,6.0,52.0,1500.0,1540.0,1648.024169921875,1649.0,1236.0,1551.0
125947,9E44C,150,4.0,6.0,X,0.02,0.18,0.2,0.01,0.02,6.0,7.0,45.0,1500.0,1540.0,1642.6436767578125,1655.0,1127.0,1562.0
125946,9E44C,150,3.0,6.0,X,0.02,0.18,0.2,0.01,0.02,5.0,1.0,13.0,1500.0,1540.0,1648.9710693359375,1651.0,952.0,1546.0
125945,4F121,150,2.0,6.0,X,0.01,0.38,0.43,0.0,0.0,5.0,4.0,14.0,1480.0,1525.0,1636.4476318359375,1639.0,962.0,1536.0
125944,4F121,150,1.0,6.0,X,0.01,0.38,0.43,0.0,0.0,1.0,3.0,1.0,1480.0,1525.0,1681.6204833984375,1692.0,0.0,1519.0
125943,8F8C3,150,4.0,4.0,X,0.015,0.19,0.22,0.009,0.025,5.0,7.0,44.0,1502.0,1557.0,1658.38623046875,1652.0,906.0,1555.0
125942,8F8C3,150,3.0,4.0,X,0.015,0.19,0.22,0.009,0.025,5.0,6.0,51.0,1502.0,1557.0,1658.1385498046875,1665.0,911.0,1568.0
125941,8F8C3,150,2.0,4.0,X,0.015,0.19,0.22,0.009,0.025,4.0,1.0,12.0,1502.0,1557.0,1658.1385498046875,1658.0,686.0,1560.0
125940,8F8C3,150,1.0,4.0,X,0.015,0.19,0.22,0.009,0.025,4.0,4.0,13.0,1502.0,1557.0,1686.37158203125,1684.0,694.0,1564.0
125939,AA222,150,6.0,6.0,X,0.018,0.19,0.22,0.0,0.025,4.0,7.0,43.0,1502.0,1542.0,1649.7344970703125,1662.0,688.0,1562.0
125938,AA222,150,5.0,6.0,X,0.018,0.19,0.22,0.0,0.025,4.0,6.0,50.0,1502.0,1542.0,1649.190185546875,1655.0,693.0,1560.0
125937,AA222,150,4.0,6.0,X,0.018,0.19,0.22,0.0,0.025,3.0,1.0,11.0,1502.0,1542.0,1657.4564208984375,1651.0,468.0,1558.0
125936,AA222,150,3.0,6.0,X,0.018,0.19,0.22,0.0,0.025,3.0,4.0,12.0,1502.0,1542.0,1650.419677734375,1652.0,454.0,1561.0
125935,AA222,150,2.0,6.0,X,0.018,0.19,0.22,0.0,0.025,3.0,7.0,42.0,1502.0,1542.0,1654.2010498046875,1653.0,455.0,1558.0
125934,AA222,150,1.0,6.0,X,0.018,0.19,0.22,0.0,0.025,3.0,6.0,49.0,1502.0,1542.0,1650.886962890625,1653.0,457.0,1558.0
125933,7FEAB,150,6.0,6.0,X,0.02,0.19,0.21,0.009,0.02,2.0,1.0,10.0,1506.0,1551.0,1671.9609375,1680.0,228.0,1545.0
125932,7FEAB,150,5.0,6.0,X,0.02,0.19,0.21,0.009,0.02,2.0,4.0,11.0,1506.0,1551.0,1665.312744140625,1688.0,232.0,1541.0
125931,7FEAB,150,4.0,6.0,X,0.02,0.19,0.21,0.009,0.02,2.0,7.0,41.0,1506.0,1551.0,1669.1405029296875,1678.0,226.0,1547.0
125930,7FEAB,150,3.0,6.0,X,0.02,0.19,0.21,0.009,0.02,2.0,6.0,48.0,1506.0,1551.0,1669.0625,1672.0,220.0,1558.0
125929,E483A,150,2.0,6.0,X,0.02,0.21,0.23,0.009,0.025,1.0,1.0,9.0,1500.0,1545.0,1665.1280517578125,1669.0,0.0,1555.0
125928,509A2,150,1.0,6.0,X,0.015,0.42,0.44,0.0,0.015,1.0,4.0,10.0,1482.0,1527.0,1658.3050537109375,1661.0,0.0,1549.0
125927,DDC4A,150,2.0,2.0,X,0.01,0.32,0.38,0.0,0.0,1.0,7.0,40.0,1493.0,1543.0,1652.966796875,1660.0,0.0,1561.0
125926,A0D69,150,1.0,2.0,X,0.02,0.18,0.21,0.0,0.0,1.0,6.0,47.0,1510.0,1555.0,1683.7984619140625,1687.0,0.0,1571.0
125925,3B7FC,150,4.0,4.0,X,0.005,0.46,0.5,0.0,0.015,8.0,1.0,8.0,1480.0,1525.0,1618.845458984375,1633.0,1976.0,1548.0
125924,3B7FC,150,3.0,6.0,X,0.005,0.46,0.5,0.0,0.015,19.0,6.0,46.0,1480.0,1525.0,1624.1695556640625,1630.0,5641.0,1549.0
125923,3B7FC,150,2.0,6.0,X,0.005,0.46,0.5,0.0,0.015,9.0,4.0,9.0,1480.0,1525.0,1621.51318359375,1628.0,2285.0,1538.0
125922,3B7FC,150,1.0,6.0,X,0.005,0.46,0.5,0.0,0.015,18.0,7.0,39.0,1480.0,1525.0,1643.714111328125,1644.0,5454.0,1537.0
125921,F9D23,150,9.0,9.0,X,0.01,0.5,0.54,0.0,0.02,7.0,1.0,7.0,1482.0,1527.0,1612.0235595703125,1634.0,1751.0,1550.0
125920,DE12C,150,8.0,9.0,X,0.02,0.53,0.55,0.0,0.02,18.0,6.0,45.0,1486.0,1531.0,1633.2938232421875,1646.0,5410.0,1549.0
125919,DE12C,150,7.0,9.0,X,0.02,0.53,0.55,0.0,0.02,8.0,4.0,8.0,1486.0,1531.0,1630.55029296875,1641.0,2045.0,1542.0
125918,4D097,150,6.0,9.0,X,0.015,0.51,0.55,0.0,0.01,17.0,7.0,38.0,1487.0,1537.0,1638.2431640625,1646.0,5214.0,1545.0
125917,4D097,150,5.0,9.0,X,0.015,0.51,0.55,0.0,0.01,6.0,1.0,6.0,1487.0,1537.0,1639.685546875,1641.0,1514.0,1538.0
125916,4D097,150,4.0,9.0,X,0.015,0.51,0.55,0.0,0.01,17.0,6.0,44.0,1487.0,1537.0,1640.072021484375,1638.0,5172.0,1542.0
125915,4D097,150,3.0,9.0,X,0.015,0.51,0.55,0.0,0.01,7.0,4.0,7.0,1487.0,1537.0,1640.072021484375,1641.0,1801.0,1535.0
125914,4D097,150,2.0,9.0,X,0.015,0.51,0.55,0.0,0.01,16.0,7.0,37.0,1487.0,1537.0,1639.685546875,1645.0,4975.0,1537.0
125913,4D097,150,1.0,9.0,X,0.015,0.51,0.55,0.0,0.01,5.0,1.0,5.0,1487.0,1537.0,1656.2086181640625,1656.0,1274.0,1531.0
125912,112E4,150,3.0,3.0,B,0.008,0.18,0.2,0.007,0.0,16.0,6.0,43.0,1509.0,1554.0,1656.76025390625,1667.0,4932.0,1571.0
125911,2737C,150,6.0,7.0,X,0.005,0.45,0.49,0.0,0.015,15.0,7.0,36.0,1480.0,1525.0,1610.4246826171875,1624.0,4778.0,1528.0
125910,2737C,150,5.0,7.0,X,0.005,0.45,0.49,0.0,0.015,6.0,4.0,6.0,1480.0,1525.0,1611.1070556640625,1625.0,1498.0,1541.0
125909,FC47C,150,4.0,7.0,X,0.015,0.45,0.48,0.0,0.01,4.0,1.0,4.0,1482.0,1537.0,1645.703857421875,1653.0,990.0,1543.0
125908,FC47C,150,3.0,7.0,X,0.015,0.45,0.48,0.0,0.01,15.0,6.0,42.0,1482.0,1537.0,1645.2249755859375,1647.0,4647.0,1547.0
125907,FC47C,150,2.0,7.0,X,0.015,0.45,0.48,0.0,0.01,14.0,7.0,35.0,1482.0,1537.0,1645.2249755859375,1647.0,4523.0,1543.0
125906,FC47C,150,1.0,7.0,X,0.015,0.45,0.48,0.0,0.01,2.0,2.0,50.0,1482.0,1537.0,1650.3834228515625,1651.0,419.0,1540.0
125905,FC47C,150,2.0,9.0,X,0.015,0.45,0.48,0.0,0.01,5.0,4.0,5.0,1482.0,1537.0,1632.6993408203125,1644.0,1117.0,1541.0
125904,FC47C,150,1.0,9.0,X,0.015,0.45,0.48,0.0,0.01,3.0,1.0,3.0,1482.0,1537.0,1645.9130859375,1650.0,629.0,1542.0
125903,44D42,150,5.0,5.0,V,0.01,0.34,0.37,0.01,0.02,14.0,6.0,41.0,1489.0,1534.0,1631.44677734375,1650.0,4224.0,1558.0
125902,44D42,150,4.0,5.0,V,0.01,0.34,0.37,0.01,0.02,13.0,7.0,34.0,1489.0,1534.0,1629.7625732421875,1635.0,4098.0,1535.0
125901,D2F4A,150,3.0,5.0,V,0.01,0.36,0.38,0.012,0.02,1.0,2.0,49.0,1481.0,1536.0,1657.9981689453125,1681.0,0.0,1553.0
125900,D2F4A,150,2.0,5.0,V,0.01,0.36,0.38,0.012,0.02,4.0,4.0,4.0,1481.0,1536.0,1647.155029296875,1644.0,758.0,1546.0
125899,D2F4A,150,1.0,5.0,V,0.01,0.36,0.38,0.012,0.02,2.0,1.0,2.0,1481.0,1536.0,1675.951416015625,1676.0,289.0,1544.0
125898,603D2,150,5.0,5.0,X,0.01,0.26,0.29,0.009,0.02,13.0,6.0,40.0,1496.0,1536.0,1638.193359375,1654.0,3941.0,1552.0
125897,F7AB5,150,4.0,5.0,X,0.015,0.42,0.44,0.0,0.02,12.0,7.0,33.0,1481.0,1526.0,0.0,1633.0,3810.0,1530.0
125896,F7AB5,150,3.0,5.0,X,0.015,0.42,0.44,0.0,0.02,7.0,8.0,53.0,1481.0,1526.0,0.0,1625.0,1972.0,1535.0
125895,F7AB5,150,2.0,5.0,X,0.015,0.42,0.44,0.0,0.02,3.0,4.0,3.0,1481.0,1526.0,0.0,1637.0,633.0,1535.0
125894,F7AB5,150,1.0,5.0,X,0.015,0.42,0.44,0.0,0.02,1.0,1.0,1.0,1481.0,1526.0,1678.849365234375,1675.0,0.0,1539.0
125893,B3CD5,150,4.0,4.0,X,0.015,0.41,0.44,0.0,0.02,12.0,6.0,39.0,1484.0,1519.0,1622.6478271484375,1629.0,3656.0,1529.0
125892,B3CD5,150,3.0,4.0,X,0.015,0.41,0.44,0.0,0.02,7.0,2.0,48.0,1484.0,1519.0,1620.097412109375,1621.0,1804.0,1519.0
125891,3D92C,150,2.0,4.0,X,0.01,0.39,0.41,0.0,0.02,11.0,7.0,32.0,1485.0,1530.0,1631.46630859375,1633.0,3468.0,1537.0
125890,3D92C,150,1.0,4.0,X,0.01,0.39,0.41,0.0,0.02,6.0,8.0,52.0,1485.0,1530.0,1650.9739990234375,1654.0,1623.0,1537.0
125889,CA2FD,150,6.0,6.0,X,0.02,0.15,0.17,0.009,0.02,2.0,4.0,2.0,1507.0,1551.0,1683.9482421875,1684.0,284.0,1563.0
125888,CA2FD,150,5.0,6.0,X,0.02,0.15,0.17,0.009,0.02,11.0,6.0,38.0,1507.0,1551.0,1660.4306640625,1667.0,3371.0,1566.0
125887,CA2FD,150,4.0,6.0,X,0.02,0.15,0.17,0.009,0.02,6.0,2.0,47.0,1507.0,1551.0,1658.921875,1662.0,1514.0,1559.0
125886,87A17,150,3.0,6.0,X,0.022,0.2,0.22,0.0,0.02,10.0,7.0,31.0,1505.0,1555.0,1676.9725341796875,1684.0,3175.0,1562.0
125885,87A17,150,2.0,6.0,X,0.022,0.2,0.22,0.0,0.02,5.0,8.0,51.0,1505.0,1555.0,1667.727783203125,1666.0,1343.0,1560.0
125884,87A17,150,1.0,6.0,X,0.022,0.2,0.22,0.0,0.02,1.0,4.0,1.0,1505.0,1555.0,1689.616943359375,1692.0,0.0,1551.0
125883,80160,150,6.0,6.0,X,0.015,0.4,0.45,0.0,0.02,10.0,6.0,37.0,1487.0,1542.0,1645.86376953125,1646.0,3085.0,1552.0
125882,80160,150,5.0,6.0,X,0.015,0.4,0.45,0.0,0.02,5.0,2.0,46.0,1487.0,1542.0,1642.911865234375,1646.0,1229.0,1543.0
125881,80160,150,4.0,6.0,X,0.015,0.4,0.45,0.0,0.02,9.0,7.0,30.0,1487.0,1542.0,1643.817626953125,1647.0,2897.0,1538.0
125880,4B82B,150,3.0,6.0,X,0.02,0.3,0.33,0.006,0.02,7.0,5.0,65.0,1495.0,1545.0,1653.19482421875,1670.0,2311.0,1558.0
125879,4B82B,150,2.0,6.0,X,0.02,0.3,0.33,0.006,0.02,9.0,6.0,36.0,1495.0,1545.0,1650.9945068359375,1665.0,2856.0,1552.0
125878,4B82B,150,1.0,6.0,X,0.02,0.3,0.33,0.006,0.02,4.0,8.0,50.0,1495.0,1545.0,1674.3287353515625,1672.0,947.0,1545.0
125877,E7999,150,3.0,3.0,X,0.02,0.16,0.18,0.012,0.01,4.0,2.0,45.0,1506.0,1551.0,1670.7562255859375,1667.0,946.0,1558.0
125876,E7999,150,2.0,3.0,X,0.02,0.16,0.18,0.012,0.01,8.0,7.0,29.0,1506.0,1551.0,1666.2474365234375,1667.0,2613.0,1559.0
125875,E7999,150,1.0,3.0,X,0.02,0.16,0.18,0.012,0.01,6.0,5.0,64.0,1506.0,1551.0,1689.367919921875,1691.0,2026.0,1551.0
125874,E109B,150,4.0,4.0,X,0.02,0.2,0.22,0.0,0.02,8.0,6.0,35.0,1502.0,1552.0,1664.4718017578125,1671.0,2582.0,1551.0
125873,E109B,150,3.0,4.0,X,0.02,0.2,0.22,0.0,0.02,3.0,8.0,49.0,1502.0,1552.0,1660.679443359375,1657.0,585.0,1555.0
125872,C2394,150,3.0,5.0,X,0.02,0.17,0.22,0.01,0.01,3.0,2.0,44.0,1502.0,1547.0,1650.708740234375,1659.0,561.0,1565.0
125871,C2394,150,2.0,5.0,X,0.02,0.17,0.22,0.01,0.01,7.0,7.0,28.0,1502.0,1547.0,1647.938232421875,1650.0,2223.0,1546.0
125870,C2394,150,1.0,5.0,X,0.02,0.17,0.22,0.01,0.01,5.0,5.0,63.0,1502.0,1547.0,1671.1004638671875,1670.0,1636.0,1545.0
125869,8D915,150,3.0,3.0,X,0.0,0.93,1.0,0.0,0.0,7.0,6.0,34.0,1462.0,1497.0,1609.14501953125,1624.0,2187.0,1507.0
125868,8D915,150,2.0,3.0,X,0.0,0.93,1.0,0.0,0.0,2.0,8.0,48.0,1462.0,1497.0,1605.451904296875,1606.0,278.0,1491.0
125867,8D915,150,1.0,3.0,X,0.0,0.93,1.0,0.0,0.0,2.0,2.0,43.0,1462.0,1497.0,1633.65087890625,1621.0,268.0,1486.0
125866,A2DFA,150,8.0,8.0,X,0.005,0.43,0.5,0.0,0.0,6.0,7.0,27.0,1480.0,1525.0,1617.051025390625,1627.0,1930.0,1539.0
125865,27A7C,150,7.0,8.0,X,0.02,0.43,0.47,0.0,0.015,4.0,5.0,62.0,1480.0,1530.0,1631.043212890625,1633.0,1344.0,1543.0
125864,27A7C,150,6.0,8.0,X,0.02,0.43,0.47,0.0,0.015,6.0,6.0,33.0,1480.0,1530.0,1635.9381103515625,1639.0,1905.0,1547.0
125863,27A7C,150,5.0,8.0,X,0.02,0.43,0.47,0.0,0.015,1.0,8.0,47.0,1480.0,1530.0,1651.1171875,1653.0,0.0,1541.0
125862,B131E,150,4.0,8.0,X,0.02,0.46,0.49,0.005,0.02,1.0,2.0,42.0,1483.0,1528.0,1640.82275390625,1643.0,0.0,1542.0
125861,B131E,150,3.0,8.0,X,0.02,0.46,0.49,0.005,0.02,5.0,7.0,26.0,1483.0,1528.0,1633.4345703125,1635.0,1490.0,1548.0
125860,B131E,150,2.0,8.0,X,0.02,0.46,0.49,0.005,0.02,3.0,5.0,61.0,1483.0,1528.0,1636.591796875,1624.0,911.0,1542.0
125859,15370,150,1.0,8.0,X,0.01,0.45,0.48,0.0,0.02,5.0,6.0,32.0,1480.0,1525.0,1642.3140869140625,1661.0,1416.0,1546.0
125858,0F9E0,300,3.0,3.0,X,0.01,0.75,0.88,0.0,0.01,4.0,8.0,46.0,1470.0,1510.0,1637.93115234375,1643.0,1045.0,1516.0
125857,EEE12,300,2.0,3.0,X,0.0,0.69,0.72,0.0,0.02,1.0,2.0,41.0,1475.0,1510.0,1636.3525390625,1651.0,0.0,1533.0
125856,EEE12,300,4.0,6.0,X,0.0,0.69,0.72,0.0,0.02,4.0,7.0,25.0,1475.0,1510.0,1624.4613037109375,1640.0,1019.0,1518.0
125855,DE12C,300,3.0,6.0,X,0.02,0.53,0.55,0.0,0.02,2.0,5.0,60.0,1486.0,1536.0,1649.90478515625,1656.0,416.0,1550.0
125854,DE12C,300,2.0,6.0,X,0.02,0.53,0.55,0.0,0.02,4.0,6.0,31.0,1486.0,1536.0,1649.45361328125,1650.0,864.0,1549.0
125853,81834,300,1.0,6.0,X,0.015,0.43,0.47,0.0,0.0,3.0,8.0,45.0,1483.0,1528.0,1670.0684814453125,1660.0,545.0,1530.0
125852,81834,300,3.0,8.0,X,0.015,0.43,0.47,0.0,0.0,3.0,2.0,40.0,1483.0,1528.0,1646.7701416015625,1647.0,537.0,1520.0
125851,81834,300,2.0,8.0,X,0.015,0.43,0.47,0.0,0.0,3.0,7.0,24.0,1483.0,1528.0,1640.584228515625,1643.0,589.0,1529.0
125850,81834,300,1.0,8.0,X,0.015,0.43,0.47,0.0,0.0,1.0,5.0,59.0,1483.0,1528.0,1689.3353271484375,1688.0,0.0,1536.0
125849,FE1F9,300,7.0,7.0,B,0.005,0.33,0.36,0.0,0.015,3.0,6.0,30.0,1491.0,1531.0,1636.3505859375,1639.0,559.0,1543.0
125848,FE1F9,300,6.0,7.0,B,0.005,0.33,0.36,0.0,0.015,2.0,8.0,44.0,1491.0,1531.0,1635.3941650390625,1636.0,229.0,1537.0
125847,FE1F9,300,5.0,7.0,B,0.005,0.33,0.36,0.0,0.015,2.0,2.0,39.0,1491.0,1531.0,1636.234619140625,1639.0,234.0,1538.0
125846,FE1F9,300,4.0,7.0,B,0.005,0.33,0.36,0.0,0.015,2.0,7.0,23.0,1491.0,1531.0,1638.33740234375,1637.0,299.0,1541.0
125845,28B54,300,3.0,7.0,B,0.01,0.32,0.35,0.0,0.015,2.0,6.0,29.0,1490.0,1535.0,1647.4696044921875,1649.0,318.0,1551.0
125844,28B54,300,2.0,7.0,B,0.01,0.32,0.35,0.0,0.015,1.0,8.0,43.0,1490.0,1535.0,1661.399658203125,1664.0,0.0,1545.0
125843,28B54,300,1.0,7.0,B,0.01,0.32,0.35,0.0,0.015,1.0,2.0,38.0,1490.0,1535.0,1688.0460205078125,1686.0,0.0,1545.0
125842,E0B89,300,2.0,2.0,X,0.02,0.22,0.25,0.01,0.015,1.0,7.0,22.0,1501.0,1546.0,1677.7900390625,1686.0,0.0,1555.0
125841,E0B89,300,1.0,2.0,X,0.02,0.22,0.25,0.01,0.015,1.0,6.0,28.0,1501.0,1546.0,1705.8905029296875,1709.0,0.0,1553.0
125840,1FFF4,300,3.0,3.0,X,0.015,0.21,0.24,0.009,0.025,6.0,2.0,37.0,1502.0,1542.0,1657.6710205078125,1667.0,1679.0,1557.0
125839,E0B89,300,2.0,3.0,X,0.02,0.22,0.25,0.01,0.015,5.0,7.0,21.0,1501.0,1546.0,1658.562255859375,1671.0,1138.0,1554.0
125838,E36E1,300,1.0,3.0,X,0.02,0.34,0.37,0.0,0.02,5.0,8.0,42.0,1489.0,1534.0,1666.872802734375,1657.0,1176.0,1548.0
125837,1E6E6,300,7.0,7.0,X,0.025,0.19,0.23,0.01,0.015,5.0,5.0,58.0,1505.0,1545.0,1654.9859619140625,1653.0,1221.0,
125836,1E6E6,300,6.0,7.0,X,0.025,0.19,0.23,0.01,0.015,4.0,6.0,27.0,1505.0,1545.0,1652.632568359375,1653.0,829.0,1540.0
125835,1E6E6,300,5.0,7.0,X,0.025,0.19,0.23,0.01,0.015,5.0,2.0,36.0,1505.0,1545.0,1654.746337890625,1658.0,1381.0,1557.0
125834,1E6E6,300,4.0,7.0,X,0.025,0.19,0.23,0.01,0.015,4.0,7.0,20.0,1505.0,1545.0,1654.0205078125,1657.0,842.0,1559.0
125833,1E6E6,300,3.0,7.0,X,0.025,0.19,0.23,0.01,0.015,4.0,8.0,41.0,1505.0,1545.0,1654.4771728515625,1654.0,902.0,1544.0
125832,31262,300,2.0,7.0,X,0.01,0.46,0.48,0.01,0.0,4.0,5.0,57.0,1480.0,1525.0,1637.4144287109375,1637.0,953.0,1532.0
125831,31262,300,1.0,7.0,X,0.01,0.46,0.48,0.01,0.0,3.0,6.0,26.0,1480.0,1525.0,1654.9945068359375,1655.0,559.0,1530.0
125830,E0B89,300,7.0,7.0,X,0.02,0.22,0.25,0.01,0.015,4.0,2.0,35.0,1501.0,1546.0,1666.272705078125,1669.0,1105.0,1553.0
125829,E0B89,300,6.0,7.0,X,0.02,0.22,0.25,0.01,0.015,3.0,7.0,19.0,1501.0,1546.0,1664.4241943359375,1667.0,567.0,1554.0
125828,E0B89,300,5.0,7.0,X,0.02,0.22,0.25,0.01,0.015,3.0,8.0,40.0,1501.0,1546.0,1662.181640625,1669.0,637.0,1549.0
125827,E0B89,300,4.0,7.0,X,0.02,0.22,0.25,0.01,0.015,3.0,5.0,56.0,1501.0,1546.0,1664.936279296875,1665.0,690.0,1553.0
125826,E0B89,300,3.0,7.0,X,0.02,0.22,0.25,0.01,0.015,2.0,6.0,25.0,1501.0,1546.0,1663.490234375,1663.0,287.0,1552.0
125825,E0B89,300,2.0,7.0,X,0.02,0.22,0.25,0.01,0.015,3.0,2.0,34.0,1501.0,1546.0,1665.45166015625,1662.0,833.0,1543.0
125824,E0B89,300,1.0,7.0,X,0.02,0.22,0.25,0.01,0.015,2.0,7.0,18.0,1501.0,1546.0,1681.9915771484375,1685.0,298.0,1543.0
125823,CB239,300,5.0,5.0,V,0.0,0.69,0.73,0.012,0.06,2.0,8.0,39.0,1474.0,1509.0,1617.429931640625,1619.0,359.0,1512.0
125822,CB239,300,4.0,5.0,V,0.0,0.69,0.73,0.012,0.06,2.0,5.0,55.0,1474.0,1509.0,1616.7867431640625,1620.0,411.0,1509.0
125821,CB239,300,3.0,5.0,V,0.0,0.69,0.73,0.012,0.06,1.0,6.0,24.0,1474.0,1509.0,1635.3485107421875,1632.0,0.0,1520.0
125820,CB239,300,2.0,5.0,V,0.0,0.69,0.73,0.012,0.06,5.0,6.0,24.0,1474.0,1509.0,1624.31640625,1620.0,1575.0,1504.0
125819,F5743,300,1.0,5.0,V,0.0,0.69,0.72,0.008,0.055,1.0,7.0,17.0,1476.0,1501.0,1644.7681884765625,1643.0,0.0,1503.0
125818,27A7C,300,3.0,3.0,X,0.02,0.43,0.47,0.0,0.015,1.0,8.0,38.0,1480.0,1515.0,1644.0877685546875,1658.0,0.0,1525.0
125817,11307,300,3.0,4.0,X,0.01,0.45,0.5,0.0,0.02,1.0,5.0,54.0,1480.0,1520.0,1640.0068359375,1654.0,0.0,1539.0
125816,44B90,300,2.0,4.0,X,0.01,0.28,0.31,0.0,0.02,1.0,2.0,32.0,1496.0,1541.0,1663.7574462890625,1674.0,0.0,1553.0
125815,D6B63,300,1.0,4.0,X,0.01,0.05,0.08,0.0,0.0,1.0,7.0,16.0,1527.0,1572.0,1711.6329345703125,1715.0,0.0,
125814,7FEAB,300,4.0,4.0,X,0.02,0.19,0.21,0.009,0.02,4.0,6.0,23.0,1506.0,1546.0,1662.343505859375,1655.0,953.0,1526.0
125813,7FEAB,300,3.0,4.0,X,0.02,0.19,0.21,0.009,0.02,17.0,8.0,37.0,1506.0,1546.0,1660.9254150390625,1659.0,4622.0,1553.0
125812,7FEAB,300,2.0,4.0,X,0.02,0.19,0.21,0.009,0.02,13.0,14.0,67.0,1506.0,1546.0,1668.4705810546875,1692.0,3650.0,1561.0
125811,7FEAB,300,1.0,4.0,X,0.02,0.19,0.21,0.009,0.02,17.0,5.0,53.0,1506.0,1546.0,1695.2647705078125,1699.0,4649.0,1556.0
125810,E483A,300,7.0,7.0,X,0.02,0.21,0.23,0.009,0.025,16.0,2.0,31.0,1500.0,1540.0,1660.3758544921875,1668.0,4395.0,1547.0
125809,59A4E,300,6.0,7.0,X,0.01,0.19,0.21,0.01,0.02,3.0,6.0,22.0,1503.0,1543.0,1669.101318359375,1666.0,676.0,1549.0
125808,59A4E,300,5.0,7.0,X,0.01,0.19,0.21,0.01,0.02,16.0,8.0,36.0,1503.0,1543.0,1665.608642578125,1669.0,4340.0,1535.0
125807,D398B,300,4.0,7.0,X,0.02,0.2,0.22,0.009,0.02,12.0,14.0,66.0,1506.0,1551.0,1672.8338623046875,1673.0,3380.0,1559.0
125806,D398B,300,3.0,7.0,X,0.02,0.2,0.22,0.009,0.02,16.0,5.0,52.0,1506.0,1551.0,1671.804443359375,1671.0,4373.0,1543.0
125805,C33FA,300,2.0,7.0,X,0.015,0.24,0.27,0.008,0.02,15.0,2.0,30.0,1499.0,1539.0,1662.84130859375,1663.0,4106.0,1545.0
125804,C33FA,300,1.0,7.0,X,0.015,0.24,0.27,0.008,0.02,1.0,7.0,15.0,1499.0,1539.0,1680.0301513671875,1697.0,0.0,1541.0
125803,F7C5E,300,3.0,3.0,X,0.015,0.27,0.29,0.009,0.0,2.0,6.0,21.0,1501.0,1551.0,1692.5418701171875,1710.0,302.0,1570.0
125802,F7C5E,300,2.0,3.0,X,0.015,0.27,0.29,0.009,0.0,15.0,8.0,35.0,1501.0,1551.0,1685.0728759765625,1704.0,3968.0,1564.0
125801,F7C5E,300,1.0,3.0,X,0.015,0.27,0.29,0.009,0.0,11.0,14.0,65.0,1501.0,1551.0,1695.722412109375,1703.0,2998.0,1561.0
125800,F7C5E,300,3.0,3.0,X,0.015,0.27,0.29,0.009,0.0,15.0,5.0,51.0,1501.0,1551.0,1692.256591796875,1704.0,3986.0,1564.0
125799,F7C5E,300,2.0,3.0,X,0.015,0.27,0.29,0.009,0.0,14.0,2.0,29.0,1501.0,1551.0,1682.2921142578125,1690.0,3723.0,1562.0
125798,F7C5E,300,1.0,3.0,X,0.015,0.27,0.29,0.009,0.0,1.0,6.0,20.0,1501.0,1551.0,1718.63916015625,1720.0,0.0,1548.0
125797,5692D,300,6.0,6.0,X,0.01,0.39,0.41,0.0,0.01,14.0,8.0,34.0,1486.0,1521.0,1632.357666015625,1642.0,3675.0,1535.0
125796,5692D,300,5.0,6.0,X,0.01,0.39,0.41,0.0,0.01,14.0,7.0,14.0,1486.0,1521.0,1633.1959228515625,1642.0,3667.0,1515.0
125795,57414,300,4.0,6.0,X,0.01,0.38,0.43,0.0,0.02,10.0,14.0,64.0,1486.0,1526.0,1646.50390625,1656.0,2626.0,1536.0
125794,57414,300,3.0,6.0,X,0.01,0.38,0.43,0.0,0.02,14.0,5.0,50.0,1486.0,1526.0,1644.89990234375,1654.0,3630.0,1533.0
125793,B3CD5,300,2.0,6.0,X,0.015,0.41,0.44,0.0,0.02,13.0,2.0,28.0,1484.0,1519.0,1628.0577392578125,1637.0,3373.0,1534.0
125792,B3CD5,300,1.0,6.0,X,0.015,0.41,0.44,0.0,0.02,13.0,8.0,33.0,1484.0,1519.0,1652.896240234375,1656.0,3351.0,1535.0
125791,5EDBA,300,1.0,1.0,V,0.005,0.46,0.49,0.0,0.015,13.0,7.0,13.0,1474.0,1519.0,1649.8134765625,1652.0,3344.0,1520.0
125790,CA2FD,300,4.0,4.0,X,0.02,0.15,0.17,0.009,0.02,9.0,14.0,63.0,1507.0,1552.0,1668.1923828125,1672.0,2326.0,1556.0
125789,FA128,300,3.0,4.0,X,0.02,0.18,0.21,0.009,0.02,13.0,5.0,49.0,1504.0,1544.0,1658.6396484375,1655.0,3299.0,1553.0
125788,FA128,300,2.0,4.0,X,0.02,0.18,0.21,0.009,0.02,12.0,2.0,27.0,1504.0,1544.0,1658.207275390625,1667.0,3029.0,1558.0
125787,FA128,300,4.0,7.0,X,0.02,0.18,0.21,0.009,0.02,12.0,8.0,32.0,1504.0,1544.0,1662.0494384765625,1676.0,2986.0,1560.0
125786,C2394,300,3.0,7.0,X,0.02,0.17,0.22,0.01,0.01,12.0,7.0,12.0,1502.0,1537.0,1644.6400146484375,1659.0,2986.0,1552.0
125785,77C04,300,2.0,7.0,X,0.02,0.17,0.22,0.01,0.01,8.0,14.0,62.0,1502.0,1547.0,1658.9490966796875,1665.0,1963.0,1550.0
125784,37C6E,300,1.0,7.0,X,0.02,0.17,0.2,0.009,0.02,12.0,5.0,48.0,1502.0,1542.0,1674.916748046875,1672.0,2956.0,1552.0
125783,248B5,300,6.0,6.0,X,0.02,0.21,0.23,0.009,0.02,11.0,2.0,26.0,1506.0,1551.0,1669.0919189453125,1667.0,2698.0,1559.0
125782,248B5,300,5.0,6.0,X,0.02,0.21,0.23,0.009,0.02,11.0,8.0,31.0,1506.0,1551.0,1669.7774658203125,1673.0,2702.0,1562.0
125781,248B5,300,4.0,6.0,X,0.02,0.21,0.23,0.009,0.02,11.0,7.0,11.0,1506.0,1551.0,1670.59716796875,1670.0,2702.0,1560.0
125780,248B5,300,3.0,6.0,X,0.02,0.21,0.23,0.009,0.02,7.0,14.0,61.0,1506.0,1551.0,1669.953369140625,1663.0,1681.0,1554.0
125779,248B5,300,2.0,6.0,X,0.02,0.21,0.23,0.009,0.02,11.0,5.0,47.0,1506.0,1551.0,1669.7169189453125,1669.0,2687.0,1547.0
125778,248B5,300,1.0,6.0,X,0.02,0.21,0.23,0.009,0.02,10.0,2.0,25.0,1506.0,1551.0,1684.548828125,1688.0,2432.0,1550.0
125777,889AE,300,5.0,5.0,B,0.02,0.16,0.18,0.012,0.01,10.0,8.0,30.0,1507.0,1532.0,1636.7535400390625,1640.0,2438.0,1543.0
125776,889AE,300,4.0,5.0,B,0.02,0.16,0.18,0.012,0.01,10.0,7.0,10.0,1507.0,1532.0,1636.9796142578125,1634.0,2437.0,1534.0
125775,889AE,300,3.0,5.0,B,0.02,0.16,0.18,0.012,0.01,6.0,14.0,60.0,1507.0,1532.0,1636.7655029296875,1640.0,1416.0,1544.0
125774,889AE,300,2.0,5.0,B,0.02,0.16,0.18,0.012,0.01,10.0,5.0,46.0,1507.0,1532.0,1637.45849609375,1640.0,2412.0,1542.0
125773,889AE,300,1.0,4.0,B,0.02,0.16,0.18,0.012,0.01,9.0,2.0,24.0,1507.0,1532.0,1672.45947265625,1666.0,2148.0,1547.0
125772,EB041,300,5.0,5.0,X,0.0,0.94,1.0,0.0,0.0,9.0,8.0,29.0,1463.0,1489.0,1609.593994140625,1613.0,2145.0,1515.0
125771,EB041,300,4.0,5.0,X,0.0,0.94,1.0,0.0,0.0,9.0,7.0,9.0,1463.0,1489.0,1610.6353759765625,1612.0,2135.0,1506.0
125770,0BFF6,300,3.0,5.0,X,0.0,0.93,1.0,0.006,0.0,5.0,14.0,59.0,1462.0,1488.0,1604.6263427734375,1604.0,1112.0,1499.0
125769,0BFF6,300,2.0,5.0,X,0.0,0.93,1.0,0.006,0.0,9.0,5.0,45.0,1462.0,1488.0,1602.1143798828125,1605.0,2118.0,1496.0
125768,0BFF6,300,1.0,5.0,X,0.0,0.93,1.0,0.006,0.0,8.0,2.0,23.0,1462.0,1488.0,1618.72900390625,1619.0,1858.0,1502.0
125767,E86A6,300,6.0,6.0,X,0.018,0.28,0.31,0.007,0.015,8.0,8.0,28.0,1497.0,1537.0,1651.01953125,1653.0,1854.0,1549.0
125766,E86A6,300,5.0,6.0,X,0.018,0.28,0.31,0.007,0.015,8.0,7.0,8.0,1497.0,1537.0,1650.35498046875,1647.0,1860.0,1541.0
125765,E86A6,300,4.0,6.0,X,0.018,0.28,0.31,0.007,0.015,4.0,14.0,58.0,1497.0,1537.0,1651.1309814453125,1654.0,840.0,1550.0
125764,E86A6,300,3.0,6.0,X,0.018,0.28,0.31,0.007,0.015,8.0,5.0,44.0,1497.0,1537.0,1652.2509765625,1653.0,1838.0,1553.0
125763,E86A6,300,2.0,6.0,X,0.018,0.28,0.31,0.007,0.015,7.0,2.0,22.0,1497.0,1537.0,1651.4361572265625,1660.0,1577.0,1554.0
125762,E86A6,300,1.0,6.0,X,0.018,0.28,0.31,0.007,0.015,7.0,8.0,27.0,1497.0,1537.0,1665.7806396484375,1660.0,1582.0,1533.0
125761,FE39B,300,6.0,6.0,X,0.02,0.21,0.23,0.0,0.02,7.0,7.0,7.0,1503.0,1548.0,1664.3748779296875,1681.0,1592.0,1550.0
125760,FE39B,300,5.0,6.0,X,0.02,0.21,0.23,0.0,0.02,3.0,14.0,57.0,1503.0,1548.0,1659.939697265625,1660.0,572.0,1553.0
125759,FE39B,300,4.0,6.0,X,0.02,0.21,0.23,0.0,0.02,7.0,5.0,43.0,1503.0,1548.0,1661.3292236328125,1676.0,1574.0,1548.0
125758,FE39B,300,3.0,6.0,X,0.02,0.21,0.23,0.0,0.02,6.0,2.0,21.0,1503.0,1548.0,1660.5645751953125,1663.0,1315.0,1555.0
125757,9C4F0,300,2.0,6.0,X,0.015,0.18,0.23,0.01,0.0,6.0,8.0,26.0,1504.0,1544.0,1656.40771484375,1673.0,1312.0,1553.0
125756,A7B3C,300,1.0,6.0,X,0.025,0.2,0.23,0.01,0.01,6.0,7.0,6.0,1504.0,1549.0,1682.5477294921875,1693.0,1311.0,1552.0
125755,37728,300,3.0,3.0,X,0.015,0.21,0.23,0.008,0.02,2.0,14.0,56.0,1504.0,1544.0,1656.7906494140625,1666.0,293.0,1534.0
125754,15493,300,2.0,3.0,X,0.01,0.38,0.43,0.0,0.0,6.0,5.0,42.0,1485.0,1525.0,1644.8272705078125,1655.0,1276.0,1536.0
125753,15493,300,1.0,3.0,X,0.01,0.38,0.43,0.0,0.0,5.0,2.0,20.0,1485.0,1525.0,1661.0806884765625,1668.0,1019.0,1526.0
125752,8F8C3,300,3.0,3.0,X,0.015,0.19,0.22,0.009,0.025,5.0,8.0,25.0,1502.0,1547.0,1660.999267578125,1669.0,1027.0,1544.0
125751,8F8C3,300,2.0,3.0,X,0.015,0.19,0.22,0.009,0.025,5.0,7.0,5.0,1502.0,1547.0,1664.08056640625,1668.0,1015.0,1545.0
125750,4F121,300,1.0,3.0,X,0.01,0.38,0.43,0.0,0.0,1.0,14.0,55.0,1480.0,1520.0,1671.639892578125,1685.0,0.0,1520.0
125749,A0C37,300,2.0,2.0,X,0.02,0.15,0.17,0.006,0.02,5.0,5.0,41.0,1504.0,1544.0,1649.061767578125,1662.0,992.0,1553.0
125748,A0C37,300,1.0,2.0,X,0.02,0.15,0.17,0.006,0.02,4.0,2.0,19.0,1504.0,1544.0,1669.7476806640625,1666.0,733.0,1543.0
125747,57DF3,300,5.0,5.0,B,0.005,0.4,0.42,0.0,0.01,4.0,8.0,24.0,1486.0,1526.0,1637.144775390625,1640.0,740.0,1542.0
125746,DCC51,300,4.0,5.0,V,0.01,0.29,0.32,0.012,0.03,4.0,7.0,4.0,1486.0,1536.0,1645.4530029296875,1647.0,724.0,1544.0
125745,BCEE1,300,3.0,5.0,X,0.02,0.23,0.25,0.0,0.017,4.0,5.0,40.0,1497.0,1537.0,1642.6376953125,1646.0,749.0,1550.0
125744,44D42,300,2.0,5.0,V,0.01,0.34,0.37,0.01,0.02,3.0,2.0,18.0,1489.0,1534.0,1652.9810791015625,1656.0,493.0,1548.0
125743,44D42,300,1.0,5.0,V,0.01,0.34,0.37,0.01,0.02,3.0,8.0,23.0,1489.0,1534.0,1665.371826171875,1668.0,499.0,1545.0
125742,7B0D4,300,5.0,5.0,X,0.01,0.47,0.5,0.0,0.02,3.0,7.0,3.0,1483.0,1523.0,1638.7528076171875,1647.0,500.0,1538.0
125741,7B0D4,300,4.0,5.0,X,0.01,0.47,0.5,0.0,0.02,3.0,5.0,39.0,1483.0,1523.0,1633.3504638671875,1630.0,534.0,1513.0
125740,D033D,300,3.0,5.0,X,0.02,0.47,0.49,0.009,0.0,2.0,2.0,17.0,1480.0,1515.0,1632.27099609375,1634.0,250.0,1525.0
125739,D033D,300,2.0,5.0,X,0.02,0.47,0.49,0.009,0.0,2.0,8.0,22.0,1480.0,1515.0,1623.4171142578125,1623.0,231.0,1524.0
125738,D033D,300,1.0,5.0,X,0.02,0.47,0.49,0.009,0.0,2.0,7.0,2.0,1480.0,1515.0,1656.4901123046875,1652.0,228.0,1524.0
125737,47D7D,300,5.0,5.0,X,0.0,0.37,0.41,0.011,0.08,2.0,5.0,38.0,1480.0,1520.0,1613.7818603515625,1629.0,259.0,1537.0
125736,47D7D,300,4.0,5.0,X,0.0,0.37,0.41,0.011,0.08,1.0,2.0,16.0,1480.0,1520.0,1637.5030517578125,1642.0,0.0,1524.0
125735,47D7D,300,3.0,5.0,X,0.0,0.37,0.41,0.011,0.08,1.0,8.0,21.0,1480.0,1520.0,1639.25,1641.0,0.0,1538.0
125734,47D7D,300,2.0,2.0,X,0.0,0.37,0.41,0.011,0.08,1.0,7.0,1.0,1480.0,1520.0,1638.153076171875,1660.0,0.0,1533.0
125733,47D7D,300,1.0,2.0,X,0.0,0.37,0.41,0.011,0.08,1.0,5.0,37.0,1480.0,1520.0,1663.967529296875,1672.0,0.0,1529.0
125732,DCC51,300,3.0,3.0,V,0.01,0.29,0.32,0.012,0.03,15.0,2.0,15.0,1486.0,1536.0,0.0,1653.0,3992.0,1547.0
125731,DCC51,300,2.0,3.0,V,0.01,0.29,0.32,0.012,0.03,5.0,4.0,70.0,1486.0,1536.0,1650.0592041015625,1652.0,1093.0,1546.0
125730,DCC51,300,1.0,3.0,V,0.01,0.29,0.32,0.012,0.03,23.0,14.0,54.0,1486.0,1536.0,0.0,1665.0,6245.0,1545.0
125729,7FEAB,300,4.0,4.0,X,0.02,0.19,0.21,0.009,0.02,19.0,6.0,19.0,1506.0,1546.0,1660.4853515625,1671.0,5199.0,1556.0
125728,7FEAB,300,3.0,4.0,X,0.02,0.19,0.21,0.009,0.02,22.0,5.0,36.0,1506.0,1546.0,1658.8016357421875,1670.0,6027.0,1553.0
125727,7FEAB,300,2.0,4.0,X,0.02,0.19,0.21,0.009,0.02,14.0,2.0,14.0,1506.0,1546.0,0.0,1667.0,3711.0,1548.0
125726,7FEAB,300,1.0,4.0,X,0.02,0.19,0.21,0.009,0.02,4.0,4.0,69.0,1506.0,1546.0,1689.84130859375,1685.0,824.0,1552.0
125725,5F0F6,300,5.0,5.0,X,0.005,0.42,0.44,0.0,0.028,22.0,14.0,53.0,1487.0,1527.0,1638.738525390625,1643.0,5879.0,1533.0
125724,5F0F6,300,4.0,5.0,X,0.005,0.42,0.44,0.0,0.028,18.0,6.0,18.0,1487.0,1527.0,1637.999755859375,1639.0,4924.0,1527.0
125723,5F0F6,300,3.0,5.0,X,0.005,0.42,0.44,0.0,0.028,21.0,5.0,35.0,1487.0,1527.0,1636.143310546875,1640.0,5748.0,1527.0
125722,80160,300,2.0,5.0,X,0.015,0.4,0.45,0.0,0.02,13.0,2.0,13.0,1487.0,1522.0,1642.009521484375,1650.0,3418.0,1534.0
125721,80160,300,1.0,5.0,X,0.015,0.4,0.45,0.0,0.02,3.0,4.0,68.0,1487.0,1522.0,1655.1827392578125,1663.0,516.0,1526.0
125720,B131E,300,10.0,10.0,X,0.02,0.46,0.49,0.005,0.02,21.0,14.0,52.0,1483.0,1518.0,1628.541259765625,1646.0,5584.0,1536.0
125719,B131E,300,9.0,10.0,X,0.02,0.46,0.49,0.005,0.02,17.0,6.0,17.0,1483.0,1518.0,1624.14111328125,1635.0,4634.0,1530.0
125718,A2DFA,300,8.0,10.0,X,0.005,0.43,0.5,0.0,0.0,20.0,5.0,34.0,1480.0,1525.0,1614.3271484375,1617.0,5462.0,1530.0
125717,A2DFA,300,7.0,10.0,X,0.005,0.43,0.5,0.0,0.0,12.0,2.0,12.0,1480.0,1525.0,1612.8802490234375,1615.0,3152.0,1527.0
125716,A2DFA,300,6.0,10.0,X,0.005,0.43,0.5,0.0,0.0,2.0,4.0,67.0,1480.0,1525.0,1610.066650390625,1611.0,267.0,1533.0
125715,A2DFA,300,5.0,10.0,X,0.005,0.43,0.5,0.0,0.0,20.0,14.0,51.0,1480.0,1525.0,1615.309814453125,1614.0,5336.0,1532.0
125714,A2DFA,300,4.0,10.0,X,0.005,0.43,0.5,0.0,0.0,16.0,6.0,16.0,1480.0,1525.0,1613.9818115234375,1620.0,4372.0,1533.0
125713,A2DFA,300,3.0,10.0,X,0.005,0.43,0.5,0.0,0.0,19.0,5.0,33.0,1480.0,1525.0,1618.25830078125,1620.0,5192.0,1537.0
125712,A2DFA,300,2.0,10.0,X,0.005,0.43,0.5,0.0,0.0,11.0,2.0,11.0,1480.0,1525.0,1618.00634765625,1620.0,2887.0,1529.0
125711,A2DFA,300,1.0,10.0,X,0.005,0.43,0.5,0.0,0.0,1.0,4.0,66.0,1480.0,1525.0,1659.8658447265625,1665.0,0.0,1530.0
125710,A7B3C,300,6.0,6.0,X,0.025,0.2,0.23,0.01,0.01,19.0,14.0,50.0,1504.0,1549.0,1653.9564208984375,1682.0,5065.0,1559.0
125709,A7B3C,300,5.0,6.0,X,0.025,0.2,0.23,0.01,0.01,15.0,6.0,15.0,1504.0,1549.0,1653.8275146484375,1661.0,4113.0,1561.0
125708,A7B3C,300,4.0,6.0,X,0.025,0.2,0.23,0.01,0.01,18.0,5.0,32.0,1504.0,1549.0,1658.503662109375,1655.0,4932.0,1554.0
125707,9C4F0,300,3.0,6.0,X,0.015,0.18,0.23,0.01,0.0,10.0,2.0,10.0,1504.0,1544.0,1652.89794921875,1654.0,2628.0,1557.0
125706,9C4F0,300,2.0,6.0,X,0.015,0.18,0.23,0.01,0.0,18.0,14.0,49.0,1504.0,1544.0,1656.115478515625,1653.0,4846.0,1557.0
125705,9C4F0,300,1.0,6.0,X,0.015,0.18,0.23,0.01,0.0,14.0,6.0,14.0,1504.0,1544.0,1673.139892578125,1675.0,3882.0,1559.0
125704,66364,300,4.0,4.0,X,0.02,0.18,0.21,0.01,0.02,17.0,5.0,31.0,1502.0,1542.0,1655.704345703125,1658.0,4704.0,1549.0
125703,9E44C,300,3.0,4.0,X,0.02,0.18,0.2,0.01,0.02,9.0,2.0,9.0,1500.0,1540.0,1650.5802001953125,1654.0,2399.0,1553.0
125702,9E44C,300,2.0,4.0,X,0.02,0.18,0.2,0.01,0.02,17.0,4.0,65.0,1500.0,1540.0,1649.0615234375,1651.0,4624.0,1552.0
125701,9E44C,300,1.0,4.0,X,0.02,0.18,0.2,0.01,0.02,17.0,14.0,48.0,1500.0,1540.0,1667.2384033203125,1669.0,4550.0,1556.0
125700,000DC,300,4.0,4.0,V,0.006,0.43,0.46,0.015,0.055,13.0,6.0,13.0,1470.0,1515.0,1623.208984375,1626.0,3594.0,1530.0
125699,EA23B,300,3.0,4.0,V,0.01,0.36,0.4,0.013,0.05,16.0,5.0,30.0,1480.0,1540.0,1652.72216796875,1658.0,4412.0,1545.0
125698,28B54,300,2.0,4.0,B,0.01,0.32,0.35,0.0,0.015,8.0,2.0,8.0,1490.0,1535.0,1658.941650390625,1658.0,2107.0,1527.0
125697,36AD7,300,1.0,4.0,X,0.01,0.47,0.52,0.0,0.02,16.0,4.0,64.0,1474.0,1530.0,1662.7623291015625,1666.0,4342.0,1533.0
125696,980AE,300,5.0,5.0,B,0.015,0.29,0.31,0.0,0.0,16.0,14.0,47.0,1494.0,1534.0,1642.8846435546875,1653.0,4281.0,1544.0
125695,980AE,300,4.0,5.0,B,0.015,0.29,0.31,0.0,0.0,12.0,6.0,12.0,1494.0,1534.0,1642.7786865234375,1653.0,3324.0,1544.0
125694,980AE,300,3.0,5.0,B,0.015,0.29,0.31,0.0,0.0,15.0,5.0,29.0,1494.0,1534.0,1643.58984375,1641.0,4151.0,1541.0
125693,980AE,300,2.0,5.0,B,0.015,0.29,0.31,0.0,0.0,7.0,2.0,7.0,1494.0,1534.0,1643.7529296875,1652.0,1847.0,1541.0
125692,44732,300,1.0,5.0,X,0.02,0.42,0.44,0.0,0.02,15.0,4.0,63.0,1483.0,1523.0,1654.64306640625,1656.0,4091.0,1528.0
125691,CA2FD,300,6.0,6.0,X,0.02,0.15,0.17,0.009,0.02,15.0,14.0,46.0,1507.0,1552.0,1668.33935546875,1672.0,4024.0,1566.0
125690,CA2FD,300,5.0,6.0,X,0.02,0.15,0.17,0.009,0.02,11.0,6.0,11.0,1507.0,1552.0,1669.0816650390625,1685.0,3068.0,1545.0
125689,CA2FD,300,4.0,6.0,X,0.02,0.15,0.17,0.009,0.02,14.0,5.0,28.0,1507.0,1552.0,1668.830810546875,1679.0,3893.0,1552.0
125688,CA2FD,300,3.0,6.0,X,0.02,0.15,0.17,0.009,0.02,6.0,2.0,6.0,1507.0,1552.0,1669.3458251953125,1673.0,1583.0,1548.0
125687,CA2FD,300,2.0,6.0,X,0.02,0.15,0.17,0.009,0.02,14.0,4.0,62.0,1507.0,1552.0,1667.2679443359375,1666.0,3823.0,1545.0
125685,E1B6A,300,7.0,7.0,X,0.02,0.18,0.2,0.0,0.015,10.0,6.0,10.0,1501.0,1546.0,1657.0794677734375,1664.0,2808.0,1551.0
125684,E1B6A,300,6.0,7.0,X,0.02,0.18,0.2,0.0,0.015,13.0,5.0,27.0,1501.0,1546.0,1657.156982421875,1662.0,3629.0,1538.0
125683,A63F7,300,5.0,7.0,V,0.01,0.41,0.43,0.014,0.02,5.0,2.0,5.0,1475.0,1525.0,1636.7960205078125,1645.0,1315.0,1530.0
125682,A63F7,300,4.0,7.0,V,0.01,0.41,0.43,0.014,0.02,13.0,4.0,61.0,1475.0,1525.0,1640.7720947265625,1642.0,3556.0,1527.0
125681,1E6E6,300,3.0,7.0,X,0.025,0.19,0.23,0.01,0.015,13.0,14.0,44.0,1505.0,1545.0,1660.4749755859375,1660.0,3563.0,1545.0
125680,57414,300,2.0,7.0,X,0.01,0.38,0.43,0.0,0.02,9.0,6.0,9.0,1486.0,1526.0,1651.0313720703125,1660.0,2523.0,1536.0
125679,57414,300,1.0,7.0,X,0.01,0.38,0.43,0.0,0.02,12.0,5.0,26.0,1486.0,1526.0,1661.4293212890625,1664.0,3328.0,1537.0
125678,889AE,300,4.0,4.0,B,0.02,0.16,0.18,0.012,0.01,4.0,2.0,4.0,1507.0,1532.0,1643.755126953125,1642.0,876.0,1536.0
125677,889AE,300,3.0,4.0,B,0.02,0.16,0.18,0.012,0.01,12.0,4.0,60.0,1507.0,1532.0,1640.4033203125,1642.0,3115.0,1541.0
125676,889AE,300,2.0,4.0,B,0.02,0.16,0.18,0.012,0.01,12.0,14.0,43.0,1507.0,1532.0,1637.8507080078125,1641.0,3118.0,1541.0
125675,889AE,300,1.0,4.0,B,0.02,0.16,0.18,0.012,0.01,8.0,6.0,8.0,1507.0,1532.0,1677.9334716796875,1683.0,2077.0,1546.0
125674,C635C,300,5.0,5.0,X,0.0,0.9,0.94,0.0,0.0,11.0,5.0,25.0,1460.0,1485.0,1605.28271484375,1617.0,2904.0,1496.0
125673,C635C,300,4.0,5.0,X,0.0,0.9,0.94,0.0,0.0,3.0,2.0,3.0,1460.0,1485.0,1618.8507080078125,1618.0,582.0,1498.0
125672,C635C,300,3.0,5.0,X,0.0,0.9,0.94,0.0,0.0,11.0,4.0,59.0,1460.0,1485.0,1606.9083251953125,1618.0,2831.0,1497.0
125671,C635C,300,2.0,5.0,X,0.0,0.9,0.94,0.0,0.0,11.0,14.0,42.0,1460.0,1485.0,1608.301513671875,1608.0,2832.0,1477.0
125670,C635C,300,1.0,5.0,X,0.0,0.9,0.94,0.0,0.0,7.0,6.0,7.0,1460.0,1485.0,1619.565185546875,1626.0,1790.0,1494.0
125669,80160,300,7.0,7.0,X,0.015,0.4,0.45,0.0,0.02,10.0,5.0,24.0,1487.0,1522.0,1640.1951904296875,1653.0,2617.0,1532.0
125668,FA128,300,6.0,7.0,X,0.02,0.18,0.21,0.009,0.02,2.0,2.0,2.0,1504.0,1544.0,1674.918212890625,1672.0,309.0,1545.0
125667,FA128,300,5.0,7.0,X,0.02,0.18,0.21,0.009,0.02,10.0,4.0,58.0,1504.0,1544.0,1658.1558837890625,1670.0,2559.0,1538.0
125666,77C04,300,4.0,7.0,X,0.02,0.17,0.22,0.01,0.01,10.0,14.0,41.0,1502.0,1547.0,1668.253173828125,1673.0,2570.0,1547.0
125665,77C04,300,3.0,7.0,X,0.02,0.17,0.22,0.01,0.01,6.0,6.0,6.0,1502.0,1547.0,1660.5489501953125,1662.0,1518.0,1544.0
125664,77C04,300,2.0,7.0,X,0.02,0.17,0.22,0.01,0.01,9.0,5.0,23.0,1502.0,1547.0,1659.9454345703125,1670.0,2340.0,1554.0
125663,77C04,300,1.0,7.0,X,0.02,0.17,0.22,0.01,0.01,1.0,2.0,1.0,1502.0,1547.0,1713.9326171875,1728.0,0.0,1541.0
125662,889AE,300,4.0,4.0,B,0.02,0.16,0.18,0.012,0.01,9.0,4.0,57.0,1507.0,1532.0,1643.117919921875,1645.0,2251.0,1542.0
125661,889AE,300,3.0,4.0,B,0.02,0.16,0.18,0.012,0.01,9.0,14.0,40.0,1507.0,1532.0,1637.600341796875,1647.0,2260.0,1548.0
125660,889AE,300,2.0,4.0,B,0.02,0.16,0.18,0.012,0.01,5.0,6.0,5.0,1507.0,1532.0,1640.392333984375,1641.0,1213.0,1544.0
125659,889AE,300,1.0,4.0,B,0.02,0.16,0.18,0.012,0.01,8.0,5.0,22.0,1507.0,1532.0,1667.8118896484375,1666.0,2026.0,1550.0
125658,0BFF6,300,5.0,5.0,X,0.0,0.93,1.0,0.006,0.0,8.0,4.0,56.0,1462.0,1488.0,1608.0919189453125,1605.0,2015.0,1496.0
125657,0BFF6,300,4.0,5.0,X,0.0,0.93,1.0,0.006,0.0,8.0,14.0,39.0,1462.0,1488.0,1608.640869140625,1612.0,2011.0,1498.0
125656,0BFF6,300,3.0,5.0,X,0.0,0.93,1.0,0.006,0.0,4.0,6.0,4.0,1462.0,1488.0,1602.6180419921875,1610.0,958.0,1499.0
125655,0BFF6,300,2.0,5.0,X,0.0,0.93,1.0,0.006,0.0,7.0,5.0,21.0,1462.0,1488.0,1601.5968017578125,1599.0,1774.0,1490.0
125654,0BFF6,300,1.0,5.0,X,0.0,0.93,1.0,0.006,0.0,7.0,4.0,55.0,1462.0,1488.0,1616.48388671875,1619.0,1746.0,1495.0
125653,5E13D,300,3.0,3.0,X,0.005,0.55,0.57,0.007,0.0,7.0,14.0,38.0,1486.0,1541.0,1680.6253662109375,1712.0,1728.0,1564.0
125652,5E13D,300,2.0,3.0,X,0.005,0.55,0.57,0.007,0.0,3.0,6.0,3.0,1486.0,1541.0,1683.6390380859375,1701.0,674.0,1554.0
125651,5E13D,300,1.0,3.0,X,0.005,0.55,0.57,0.007,0.0,6.0,5.0,20.0,1486.0,1541.0,1683.0028076171875,1712.0,1485.0,1547.0
125650,4E04A,300,3.0,3.0,X,0.005,0.55,0.59,0.007,0.0,6.0,4.0,54.0,1486.0,1541.0,1680.3836669921875,1713.0,1469.0,1554.0
125649,4E04A,300,2.0,3.0,X,0.005,0.55,0.59,0.007,0.0,5.0,1.0,70.0,1486.0,1541.0,1677.044921875,1697.0,1301.0,1554.0
125648,4E04A,300,1.0,3.0,X,0.005,0.55,0.59,0.007,0.0,6.0,14.0,37.0,1486.0,1541.0,1685.51806640625,1698.0,1400.0,1554.0
125647,4E04A,300,3.0,3.0,X,0.005,0.55,0.59,0.007,0.0,2.0,6.0,2.0,1486.0,1541.0,1690.873779296875,1707.0,346.0,1559.0
125646,4E04A,300,2.0,3.0,X,0.005,0.55,0.59,0.007,0.0,5.0,5.0,19.0,1486.0,1541.0,1670.276611328125,1693.0,1161.0,1542.0
125645,4E04A,300,1.0,3.0,X,0.005,0.55,0.59,0.007,0.0,5.0,4.0,53.0,1486.0,1541.0,1682.9765625,1713.0,1144.0,1548.0
125644,4E04A,300,3.0,3.0,X,0.005,0.55,0.59,0.007,0.0,4.0,1.0,69.0,1486.0,1541.0,1682.004638671875,1710.0,968.0,1544.0
125643,4E04A,300,2.0,3.0,X,0.005,0.55,0.59,0.007,0.0,5.0,14.0,36.0,1486.0,1541.0,1682.7320556640625,1694.0,1066.0,1551.0
125642,4E04A,300,1.0,3.0,X,0.005,0.55,0.59,0.007,0.0,1.0,6.0,1.0,1486.0,1541.0,1708.866943359375,1736.0,0.0,1550.0
125641,DE12C,300,6.0,6.0,X,0.02,0.53,0.55,0.0,0.02,4.0,5.0,18.0,1486.0,1536.0,1644.73876953125,1649.0,819.0,1543.0
125640,DE12C,300,5.0,6.0,X,0.02,0.53,0.55,0.0,0.02,4.0,4.0,52.0,1486.0,1536.0,1644.9503173828125,1646.0,807.0,1544.0
125639,DE12C,300,4.0,6.0,X,0.02,0.53,0.55,0.0,0.02,4.0,14.0,35.0,1486.0,1536.0,1651.3145751953125,1650.0,809.0,1547.0
125638,DE12C,300,3.0,6.0,X,0.02,0.53,0.55,0.0,0.02,3.0,1.0,68.0,1486.0,1536.0,1651.029052734375,1650.0,580.0,1536.0
125637,11307,300,2.0,6.0,X,0.01,0.45,0.5,0.0,0.02,3.0,5.0,17.0,1480.0,1520.0,1632.0367431640625,1634.0,585.0,1528.0
125636,28B54,300,1.0,1.0,B,0.01,0.32,0.35,0.0,0.015,3.0,4.0,51.0,1490.0,1535.0,1655.0223388671875,1669.0,575.0,1537.0
125635,28B54,300,2.0,3.0,B,0.01,0.32,0.35,0.0,0.015,3.0,14.0,34.0,1490.0,1535.0,1651.810791015625,1650.0,526.0,1545.0
125634,28B54,300,1.0,3.0,B,0.01,0.32,0.35,0.0,0.015,2.0,1.0,67.0,1490.0,1535.0,1669.56884765625,1673.0,309.0,1537.0
125633,28B54,300,4.0,7.0,B,0.01,0.32,0.35,0.0,0.015,2.0,5.0,16.0,1490.0,1535.0,1651.6810302734375,1656.0,240.0,1548.0
125632,28B54,300,3.0,7.0,B,0.01,0.32,0.35,0.0,0.015,2.0,4.0,50.0,1490.0,1535.0,1646.126220703125,1643.0,231.0,1540.0
125631,28B54,300,2.0,7.0,B,0.01,0.32,0.35,0.0,0.015,2.0,14.0,33.0,1490.0,1535.0,1646.235107421875,1651.0,226.0,1544.0
125630,28B54,300,1.0,7.0,B,0.01,0.32,0.35,0.0,0.015,1.0,1.0,66.0,1490.0,1535.0,1684.4110107421875,1681.0,0.0,1530.0
125629,A0D69,300,3.0,3.0,X,0.02,0.18,0.21,0.0,0.0,1.0,5.0,15.0,1510.0,1550.0,1673.383544921875,1695.0,0.0,1566.0
125628,A0D69,300,2.0,3.0,X,0.02,0.18,0.21,0.0,0.0,1.0,4.0,49.0,1510.0,1550.0,1672.397705078125,1673.0,0.0,1549.0
125627,A0D69,300,1.0,3.0,X,0.02,0.18,0.21,0.0,0.0,1.0,14.0,32.0,1510.0,1550.0,1703.1456298828125,1717.0,0.0,1553.0
125626,3B7FC,150,1.0,1.0,X,0.005,0.46,0.5,0.0,0.015,31.0,1.0,65.0,1480.0,1525.0,1641.46875,1631.0,9349.0,1526.0
125625,3B7FC,150,3.0,5.0,X,0.005,0.46,0.5,0.0,0.015,14.0,5.0,14.0,1480.0,1525.0,1616.3880615234375,1626.0,4049.0,1539.0
125624,3B7FC,150,2.0,5.0,X,0.005,0.46,0.5,0.0,0.015,26.0,4.0,48.0,1480.0,1525.0,1606.4102783203125,1612.0,7572.0,1537.0
125623,3B7FC,150,1.0,5.0,X,0.005,0.46,0.5,0.0,0.015,20.0,8.0,20.0,1480.0,1525.0,1647.35888671875,1650.0,5759.0,1534.0
125622,AB910,150,10.0,10.0,X,0.02,0.4,0.45,0.0,0.02,31.0,14.0,31.0,1483.0,1538.0,1645.658203125,1643.0,9165.0,1547.0
125621,AB910,150,9.0,10.0,X,0.02,0.4,0.45,0.0,0.02,30.0,1.0,64.0,1483.0,1538.0,1642.019287109375,1647.0,8990.0,1551.0
125620,AB910,150,8.0,10.0,X,0.02,0.4,0.45,0.0,0.02,13.0,5.0,13.0,1483.0,1538.0,1642.4324951171875,1653.0,3759.0,1551.0
125619,AB910,150,7.0,10.0,X,0.02,0.4,0.45,0.0,0.02,25.0,4.0,47.0,1483.0,1538.0,1642.727294921875,1652.0,7285.0,1552.0
125618,AB910,150,6.0,10.0,X,0.02,0.4,0.45,0.0,0.02,19.0,8.0,19.0,1483.0,1538.0,1642.586669921875,1653.0,5475.0,1551.0
125617,AB910,150,5.0,10.0,X,0.02,0.4,0.45,0.0,0.02,30.0,14.0,30.0,1483.0,1538.0,1641.8521728515625,1649.0,8892.0,1546.0
125616,AB910,150,4.0,10.0,X,0.02,0.4,0.45,0.0,0.02,29.0,1.0,63.0,1483.0,1538.0,1642.40869140625,1655.0,8720.0,1539.0
125615,AB910,150,3.0,10.0,X,0.02,0.4,0.45,0.0,0.02,12.0,5.0,12.0,1483.0,1538.0,1641.438232421875,1641.0,3493.0,1536.0
125614,AB910,150,2.0,10.0,X,0.02,0.4,0.45,0.0,0.02,24.0,4.0,46.0,1483.0,1538.0,1639.6937255859375,1647.0,7009.0,1543.0
125613,AB910,150,1.0,10.0,X,0.02,0.4,0.45,0.0,0.02,18.0,8.0,18.0,1483.0,1538.0,1658.5296630859375,1659.0,5203.0,1536.0
125612,8E733,150,6.0,6.0,X,0.02,0.17,0.19,0.01,0.02,29.0,14.0,29.0,1506.0,1551.0,1652.06982421875,1664.0,8620.0,1561.0
125611,8E733,150,5.0,6.0,X,0.02,0.17,0.19,0.01,0.02,28.0,1.0,62.0,1506.0,1551.0,1655.014892578125,1656.0,8447.0,1558.0
125610,8E733,150,4.0,6.0,X,0.02,0.17,0.19,0.01,0.02,11.0,5.0,11.0,1506.0,1551.0,1654.0584716796875,1656.0,3226.0,1561.0
125609,8E733,150,3.0,6.0,X,0.02,0.17,0.19,0.01,0.02,23.0,4.0,45.0,1506.0,1551.0,1649.771240234375,1651.0,6755.0,1551.0
125608,80160,150,2.0,6.0,X,0.015,0.4,0.45,0.0,0.02,17.0,8.0,17.0,1487.0,1542.0,1647.9937744140625,1641.0,4917.0,1550.0
125607,80160,150,1.0,6.0,X,0.015,0.4,0.45,0.0,0.02,28.0,14.0,28.0,1487.0,1542.0,1663.8377685546875,1660.0,8333.0,1551.0
125606,E483A,150,4.0,4.0,X,0.02,0.21,0.23,0.009,0.025,27.0,1.0,61.0,1500.0,1545.0,1650.09228515625,1659.0,8146.0,1558.0
125605,05ED3,150,3.0,4.0,X,0.01,0.25,0.28,0.009,0.02,10.0,5.0,10.0,1498.0,1538.0,1642.85546875,1645.0,2918.0,1545.0
125604,F7AB5,150,2.0,4.0,X,0.015,0.42,0.44,0.0,0.02,22.0,4.0,44.0,1481.0,1526.0,1629.3153076171875,1632.0,6427.0,1542.0
125603,57414,150,1.0,4.0,X,0.01,0.38,0.43,0.0,0.02,16.0,8.0,16.0,1486.0,1531.0,1652.30029296875,1659.0,4615.0,1535.0
125602,FC47C,150,4.0,4.0,X,0.015,0.45,0.48,0.0,0.01,27.0,14.0,27.0,1482.0,1537.0,1644.398681640625,1652.0,8024.0,1549.0
125601,FC47C,150,3.0,4.0,X,0.015,0.45,0.48,0.0,0.01,26.0,1.0,60.0,1482.0,1537.0,1643.519775390625,1642.0,7837.0,1548.0
125600,FC47C,150,2.0,4.0,X,0.015,0.45,0.48,0.0,0.01,9.0,5.0,9.0,1482.0,1537.0,1644.0924072265625,1644.0,2604.0,1548.0
125599,FC47C,150,1.0,4.0,X,0.015,0.45,0.48,0.0,0.01,21.0,4.0,43.0,1482.0,1537.0,1660.2711181640625,1662.0,6129.0,1537.0
125598,4D097,150,7.0,7.0,X,0.015,0.51,0.55,0.0,0.01,15.0,8.0,15.0,1487.0,1537.0,1645.697509765625,1648.0,4319.0,1539.0
125597,4D097,150,6.0,7.0,X,0.015,0.51,0.55,0.0,0.01,26.0,14.0,26.0,1487.0,1537.0,1641.7127685546875,1642.0,7721.0,1542.0
125596,4D097,150,5.0,7.0,X,0.015,0.51,0.55,0.0,0.01,25.0,1.0,59.0,1487.0,1537.0,1644.394775390625,1645.0,7543.0,1542.0
125595,4D097,150,4.0,7.0,X,0.015,0.51,0.55,0.0,0.01,8.0,5.0,8.0,1487.0,1537.0,1642.5390625,1641.0,2318.0,1534.0
125594,4D097,150,3.0,7.0,X,0.015,0.51,0.55,0.0,0.01,20.0,4.0,42.0,1487.0,1537.0,1644.5950927734375,1643.0,5840.0,1536.0
125593,4D097,150,2.0,7.0,X,0.015,0.51,0.55,0.0,0.01,14.0,8.0,14.0,1487.0,1537.0,1648.89208984375,1649.0,4016.0,1542.0
125592,4D097,150,1.0,7.0,X,0.015,0.51,0.55,0.0,0.01,25.0,14.0,25.0,1487.0,1537.0,1663.847412109375,1655.0,7419.0,1526.0
125591,EB567,150,3.0,3.0,V,0.01,0.35,0.38,0.016,0.04,24.0,1.0,58.0,1480.0,1540.0,1648.440673828125,1665.0,7242.0,1544.0
125590,EB567,150,2.0,3.0,V,0.01,0.35,0.38,0.016,0.04,7.0,5.0,7.0,1480.0,1540.0,1647.796875,1654.0,2015.0,1538.0
125589,47D7D,150,1.0,3.0,X,0.0,0.37,0.41,0.011,0.08,19.0,4.0,41.0,1480.0,1520.0,1631.3203125,1630.0,5546.0,1522.0
125588,47D7D,150,2.0,5.0,X,0.0,0.37,0.41,0.011,0.08,13.0,8.0,13.0,1480.0,1520.0,1627.8453369140625,1634.0,3674.0,1528.0
125587,9A58C,150,1.0,5.0,X,0.0,0.37,0.45,0.008,0.08,24.0,14.0,24.0,1480.0,1520.0,1643.8697509765625,1645.0,7085.0,1528.0
125586,FB6D2,150,6.0,6.0,X,0.01,0.46,0.5,0.0,0.02,23.0,1.0,57.0,1480.0,1525.0,1611.360595703125,1619.0,6914.0,1542.0
125585,F9D23,150,5.0,6.0,X,0.01,0.5,0.54,0.0,0.02,6.0,5.0,6.0,1482.0,1527.0,1625.1077880859375,1622.0,1737.0,1544.0
125584,F9D23,150,4.0,6.0,X,0.01,0.5,0.54,0.0,0.02,6.0,5.0,6.0,1482.0,1527.0,1622.5242919921875,1622.0,1622.0,1540.0
125583,B131E,150,3.0,6.0,X,0.02,0.46,0.49,0.005,0.02,12.0,8.0,12.0,1483.0,1528.0,1638.1019287109375,1638.0,3388.0,1541.0
125582,43C5C,150,2.0,6.0,X,0.005,0.5,0.53,0.0,0.02,23.0,14.0,23.0,1487.0,1532.0,1640.7318115234375,1639.0,6796.0,1537.0
125581,43C5C,150,1.0,6.0,X,0.005,0.5,0.53,0.0,0.02,22.0,1.0,56.0,1487.0,1532.0,1656.186279296875,1662.0,6554.0,1543.0
125580,27A7C,150,2.0,2.0,X,0.02,0.43,0.47,0.0,0.015,17.0,4.0,39.0,1480.0,1530.0,1649.0648193359375,1655.0,4958.0,1536.0
125579,27A7C,150,1.0,2.0,X,0.02,0.43,0.47,0.0,0.015,5.0,5.0,5.0,1480.0,1530.0,1651.0015869140625,1652.0,1261.0,1538.0
125578,27A7C,150,5.0,6.0,X,0.02,0.43,0.47,0.0,0.015,11.0,8.0,11.0,1480.0,1530.0,1637.356689453125,1646.0,3019.0,1540.0
125577,27A7C,150,4.0,6.0,X,0.02,0.43,0.47,0.0,0.015,22.0,14.0,22.0,1480.0,1530.0,1635.652587890625,1639.0,6403.0,1532.0
125576,27A7C,150,3.0,6.0,X,0.02,0.43,0.47,0.0,0.015,21.0,1.0,55.0,1480.0,1530.0,1635.02392578125,1637.0,6227.0,1535.0
125575,11307,150,2.0,6.0,X,0.01,0.45,0.5,0.0,0.02,16.0,4.0,38.0,1480.0,1525.0,1620.2275390625,1620.0,4636.0,1526.0
125574,2556F,150,1.0,6.0,X,0.01,0.48,0.53,0.008,0.0,4.0,5.0,4.0,1486.0,1531.0,1650.3336181640625,1647.0,930.0,1529.0
125573,BB21B,150,3.0,3.0,V,0.0,0.45,0.48,0.018,0.05,10.0,8.0,10.0,1472.0,1517.0,1619.4320068359375,1643.0,2701.0,1527.0
125572,BB21B,150,2.0,3.0,V,0.0,0.45,0.48,0.018,0.05,21.0,14.0,21.0,1472.0,1517.0,1620.10595703125,1624.0,6102.0,1515.0
125571,BB21B,150,1.0,3.0,V,0.0,0.45,0.48,0.018,0.05,20.0,1.0,54.0,1472.0,1517.0,1636.3157958984375,1638.0,5925.0,1519.0
125570,CA2FD,150,6.0,6.0,X,0.02,0.15,0.17,0.009,0.02,15.0,4.0,37.0,1507.0,1551.0,1663.85400390625,1680.0,4333.0,1566.0
125569,CA2FD,150,5.0,6.0,X,0.02,0.15,0.17,0.009,0.02,3.0,5.0,3.0,1507.0,1551.0,1666.122314453125,1685.0,638.0,1557.0
125568,CA2FD,150,4.0,6.0,X,0.02,0.15,0.17,0.009,0.02,9.0,8.0,9.0,1507.0,1551.0,1656.5546875,1658.0,2412.0,1547.0
125567,CA2FD,150,3.0,6.0,X,0.02,0.15,0.17,0.009,0.02,20.0,14.0,20.0,1507.0,1551.0,1658.5792236328125,1663.0,5830.0,1546.0
125566,3EFD8,150,2.0,6.0,X,0.005,0.33,0.36,0.0,0.02,19.0,1.0,53.0,1490.0,1540.0,1649.154541015625,1653.0,5646.0,1556.0
125565,AB910,150,1.0,6.0,X,0.02,0.4,0.45,0.0,0.02,14.0,4.0,36.0,1483.0,1538.0,1664.4073486328125,1664.0,4042.0,1537.0
125564,F4A5E,150,6.0,6.0,V,0.01,0.35,0.37,0.01,0.045,2.0,5.0,2.0,1482.0,1542.0,1664.82373046875,1672.0,306.0,1547.0
125563,B7DF0,150,5.0,6.0,X,0.015,0.38,0.42,0.0,0.02,8.0,8.0,8.0,1486.0,1531.0,1634.192626953125,1638.0,2073.0,1533.0
125562,B7DF0,150,4.0,6.0,X,0.015,0.38,0.42,0.0,0.02,19.0,14.0,19.0,1486.0,1531.0,1621.521484375,1622.0,5486.0,1519.0
125561,B7DF0,150,3.0,6.0,X,0.015,0.38,0.42,0.0,0.02,18.0,1.0,52.0,1486.0,1531.0,1632.633544921875,1634.0,5295.0,1531.0
125560,A72C7,150,2.0,6.0,X,0.015,0.41,0.43,0.0,0.015,13.0,4.0,35.0,1481.0,1536.0,1636.452392578125,1640.0,3693.0,1532.0
125559,D2F4A,150,1.0,6.0,V,0.01,0.36,0.38,0.012,0.02,1.0,5.0,1.0,1481.0,1536.0,1701.5164794921875,1704.0,0.0,1556.0
125558,FC47C,150,10.0,10.0,X,0.015,0.45,0.48,0.0,0.01,7.0,8.0,7.0,1482.0,1537.0,1646.8985595703125,1650.0,1765.0,1542.0
125557,FC47C,150,9.0,10.0,X,0.015,0.45,0.48,0.0,0.01,6.0,3.0,65.0,1482.0,1537.0,1644.5347900390625,1644.0,1442.0,1537.0
125556,FC47C,150,8.0,10.0,X,0.015,0.45,0.48,0.0,0.01,18.0,14.0,18.0,1482.0,1537.0,1645.9404296875,1643.0,5114.0,1541.0
125555,FC47C,150,7.0,10.0,X,0.015,0.45,0.48,0.0,0.01,17.0,1.0,51.0,1482.0,1537.0,1643.5595703125,1648.0,4935.0,1534.0
125554,FC47C,150,6.0,10.0,X,0.015,0.45,0.48,0.0,0.01,12.0,4.0,34.0,1482.0,1537.0,1644.501708984375,1645.0,3337.0,1541.0
125553,FC47C,150,5.0,10.0,X,0.015,0.45,0.48,0.0,0.01,6.0,8.0,6.0,1482.0,1537.0,1643.693359375,1647.0,1468.0,1536.0
125552,FC47C,150,4.0,10.0,X,0.015,0.45,0.48,0.0,0.01,5.0,3.0,64.0,1482.0,1537.0,1644.64599609375,1646.0,1156.0,1538.0
125551,FC47C,150,3.0,10.0,X,0.015,0.45,0.48,0.0,0.01,17.0,14.0,17.0,1482.0,1537.0,1643.329345703125,1647.0,4819.0,1539.0
125550,FC47C,150,2.0,10.0,X,0.015,0.45,0.48,0.0,0.01,16.0,1.0,50.0,1482.0,1537.0,1644.4793701171875,1644.0,4633.0,1539.0
125549,FC47C,150,1.0,10.0,X,0.015,0.45,0.48,0.0,0.01,11.0,4.0,33.0,1482.0,1537.0,1659.396728515625,1668.0,3038.0,1538.0
125548,4D097,150,10.0,10.0,X,0.015,0.51,0.55,0.0,0.01,5.0,8.0,5.0,1487.0,1537.0,1643.410400390625,1647.0,1176.0,1540.0
125547,4D097,150,9.0,10.0,X,0.015,0.51,0.55,0.0,0.01,4.0,3.0,63.0,1487.0,1537.0,1641.61083984375,1644.0,851.0,1545.0
125546,4D097,150,8.0,10.0,X,0.015,0.51,0.55,0.0,0.01,16.0,14.0,16.0,1487.0,1537.0,1642.94482421875,1647.0,4525.0,1534.0
125545,4D097,150,7.0,10.0,X,0.015,0.51,0.55,0.0,0.01,15.0,1.0,49.0,1487.0,1537.0,1640.5172119140625,1645.0,4348.0,1542.0
125544,4D097,150,6.0,10.0,X,0.015,0.51,0.55,0.0,0.01,10.0,4.0,32.0,1487.0,1537.0,1642.2464599609375,1645.0,2757.0,1534.0
125543,4D097,150,5.0,10.0,X,0.015,0.51,0.55,0.0,0.01,4.0,8.0,4.0,1487.0,1537.0,1646.8231201171875,1643.0,875.0,1540.0
125542,4D097,150,4.0,10.0,X,0.015,0.51,0.55,0.0,0.01,3.0,3.0,62.0,1487.0,1537.0,1640.0777587890625,1644.0,557.0,1530.0
125541,4D097,150,3.0,10.0,X,0.015,0.51,0.55,0.0,0.01,15.0,14.0,15.0,1487.0,1537.0,1643.45263671875,1644.0,4225.0,1536.0
125540,4D097,150,2.0,10.0,X,0.015,0.51,0.55,0.0,0.01,14.0,1.0,48.0,1487.0,1537.0,1641.62451171875,1640.0,4040.0,1537.0
125539,4D097,150,1.0,10.0,X,0.015,0.51,0.55,0.0,0.01,9.0,4.0,31.0,1487.0,1537.0,1655.4088134765625,1652.0,2442.0,1538.0
125538,E198F,150,5.0,5.0,X,0.0,0.07,0.1,0.0,0.27,3.0,8.0,3.0,1509.0,1549.0,1633.734130859375,1658.0,580.0,1575.0
125537,E198F,150,4.0,5.0,X,0.0,0.07,0.1,0.0,0.27,2.0,3.0,61.0,1509.0,1549.0,1631.13134765625,1642.0,266.0,1560.0
125536,E198F,150,3.0,5.0,X,0.0,0.07,0.1,0.0,0.27,14.0,14.0,14.0,1509.0,1549.0,1627.668212890625,1630.0,3938.0,1546.0
125535,E198F,150,2.0,5.0,X,0.0,0.07,0.1,0.0,0.27,13.0,1.0,47.0,1509.0,1549.0,1627.4237060546875,1634.0,3753.0,1557.0
125533,7FEAB,150,6.0,6.0,X,0.02,0.19,0.21,0.009,0.02,2.0,8.0,2.0,1506.0,1551.0,1685.91943359375,1693.0,303.0,1537.0
125532,7FEAB,150,5.0,6.0,X,0.02,0.19,0.21,0.009,0.02,1.0,3.0,60.0,1506.0,1551.0,1686.4454345703125,1698.0,0.0,1537.0
125531,7FEAB,150,4.0,6.0,X,0.02,0.19,0.21,0.009,0.02,13.0,14.0,13.0,1506.0,1551.0,1675.1314697265625,1679.0,3672.0,1551.0
125530,D398B,150,3.0,6.0,X,0.02,0.2,0.22,0.009,0.02,12.0,1.0,46.0,1506.0,1551.0,1661.6304931640625,1663.0,3471.0,1541.0
125529,D398B,150,2.0,6.0,X,0.02,0.2,0.22,0.009,0.02,7.0,4.0,29.0,1506.0,1551.0,1663.0689697265625,1663.0,1875.0,1547.0
125528,D398B,150,1.0,6.0,X,0.02,0.2,0.22,0.009,0.02,1.0,8.0,1.0,1506.0,1551.0,1707.3031005859375,1708.0,0.0,1551.0
125527,47D7D,150,8.0,8.0,X,0.0,0.37,0.41,0.011,0.08,12.0,14.0,12.0,1480.0,1520.0,1618.2850341796875,1622.0,3407.0,1530.0
125526,47D7D,150,7.0,8.0,X,0.0,0.37,0.41,0.011,0.08,10.0,7.0,65.0,1480.0,1520.0,1617.4468994140625,1620.0,2814.0,1524.0
125525,47D7D,150,6.0,8.0,X,0.0,0.37,0.41,0.011,0.08,11.0,1.0,45.0,1480.0,1520.0,1616.057373046875,1625.0,3162.0,1527.0
125524,47D7D,150,5.0,8.0,X,0.0,0.37,0.41,0.011,0.08,6.0,4.0,28.0,1480.0,1520.0,1620.9129638671875,1621.0,1567.0,1521.0
125523,47D7D,150,4.0,8.0,X,0.0,0.37,0.41,0.011,0.08,4.0,3.0,59.0,1480.0,1520.0,1620.74853515625,1623.0,973.0,1520.0
125522,47D7D,150,3.0,8.0,X,0.0,0.37,0.41,0.011,0.08,11.0,14.0,11.0,1480.0,1520.0,1620.1170654296875,1624.0,3104.0,1519.0
125521,47D7D,150,2.0,8.0,X,0.0,0.37,0.41,0.011,0.08,9.0,7.0,64.0,1480.0,1520.0,1623.187255859375,1623.0,2514.0,1526.0
125520,47D7D,150,1.0,8.0,X,0.0,0.37,0.41,0.011,0.08,10.0,1.0,44.0,1480.0,1520.0,1630.72314453125,1634.0,2862.0,1518.0
125519,47D7D,150,7.0,7.0,X,0.0,0.37,0.41,0.011,0.08,5.0,4.0,27.0,1480.0,1520.0,1617.556640625,1626.0,1216.0,1530.0
125518,47D7D,150,6.0,7.0,X,0.0,0.37,0.41,0.011,0.08,3.0,3.0,58.0,1480.0,1520.0,1627.8868408203125,1629.0,635.0,1527.0
125517,47D7D,150,5.0,7.0,X,0.0,0.37,0.41,0.011,0.08,10.0,14.0,10.0,1480.0,1520.0,1624.2830810546875,1630.0,2770.0,1516.0
125516,47D7D,150,4.0,7.0,X,0.0,0.37,0.41,0.011,0.08,8.0,7.0,63.0,1480.0,1520.0,1625.376953125,1631.0,2169.0,1520.0
125515,47D7D,150,3.0,7.0,X,0.0,0.37,0.41,0.011,0.08,9.0,1.0,43.0,1480.0,1520.0,1618.8343505859375,1618.0,2517.0,1515.0
125514,47D7D,150,2.0,7.0,X,0.0,0.37,0.41,0.011,0.08,4.0,4.0,26.0,1480.0,1520.0,1616.975341796875,1614.0,908.0,1519.0
125513,47D7D,150,1.0,7.0,X,0.0,0.37,0.41,0.011,0.08,2.0,3.0,57.0,1480.0,1520.0,1634.25390625,1647.0,322.0,1515.0
125512,9A58C,150,5.0,5.0,X,0.0,0.37,0.45,0.008,0.08,9.0,14.0,9.0,1480.0,1520.0,1629.588623046875,1646.0,2447.0,1521.0
125511,9A58C,150,4.0,5.0,X,0.0,0.37,0.45,0.008,0.08,7.0,7.0,62.0,1480.0,1520.0,1624.919677734375,1630.0,1853.0,1520.0
125510,9A58C,150,3.0,5.0,X,0.0,0.37,0.45,0.008,0.08,8.0,1.0,42.0,1480.0,1520.0,1624.822998046875,1626.0,2207.0,1516.0
125509,9A58C,150,2.0,5.0,X,0.0,0.37,0.45,0.008,0.08,3.0,4.0,25.0,1480.0,1520.0,1626.43896484375,1629.0,591.0,1526.0
125508,9A58C,150,1.0,5.0,X,0.0,0.37,0.45,0.008,0.08,1.0,3.0,56.0,1480.0,1520.0,1648.8009033203125,1652.0,0.0,1514.0
125507,9A58C,150,5.0,5.0,X,0.0,0.37,0.45,0.008,0.08,8.0,14.0,8.0,1480.0,1520.0,1607.6778564453125,1634.0,2125.0,1536.0
125506,9A58C,150,4.0,5.0,X,0.0,0.37,0.45,0.008,0.08,6.0,7.0,61.0,1480.0,1520.0,1618.2325439453125,1639.0,1544.0,1534.0
125505,9A58C,150,3.0,5.0,X,0.0,0.37,0.45,0.008,0.08,7.0,1.0,41.0,1480.0,1520.0,1616.38671875,1626.0,1896.0,1522.0
125504,9A58C,150,2.0,5.0,X,0.0,0.37,0.45,0.008,0.08,2.0,4.0,24.0,1480.0,1520.0,1625.8424072265625,1624.0,302.0,1522.0
125503,9A58C,150,1.0,5.0,X,0.0,0.37,0.45,0.008,0.08,7.0,14.0,7.0,1480.0,1520.0,1632.2486572265625,1648.0,1908.0,1524.0
125502,A7B3C,150,4.0,4.0,X,0.025,0.2,0.23,0.01,0.01,5.0,2.0,67.0,1504.0,1549.0,1649.0584716796875,1648.0,1265.0,1542.0
125501,A7B3C,150,3.0,4.0,X,0.025,0.2,0.23,0.01,0.01,5.0,7.0,60.0,1504.0,1549.0,1648.3275146484375,1649.0,1255.0,1549.0
125500,A7B3C,150,2.0,4.0,X,0.025,0.2,0.23,0.01,0.01,6.0,1.0,40.0,1504.0,1549.0,1649.0928955078125,1652.0,1591.0,1555.0
125499,A7B3C,150,1.0,4.0,X,0.025,0.2,0.23,0.01,0.01,1.0,4.0,23.0,1504.0,1549.0,1680.867431640625,1684.0,0.0,1558.0
125498,8F8C3,150,3.0,3.0,X,0.015,0.19,0.22,0.009,0.025,6.0,14.0,6.0,1502.0,1557.0,1662.854248046875,1665.0,1604.0,1556.0
125497,9E44C,150,2.0,3.0,X,0.02,0.18,0.2,0.01,0.02,4.0,2.0,66.0,1500.0,1540.0,1649.6300048828125,1662.0,953.0,1550.0
125496,AA222,150,1.0,3.0,X,0.018,0.19,0.22,0.0,0.025,4.0,7.0,59.0,1502.0,1542.0,1661.36376953125,1672.0,962.0,1540.0
125495,7F484,150,3.0,3.0,X,0.02,0.15,0.17,0.008,0.02,5.0,1.0,39.0,1512.0,1557.0,1667.8740234375,1672.0,1318.0,1559.0
125494,7BE94,150,2.0,3.0,X,0.02,0.15,0.17,0.008,0.02,5.0,3.0,55.0,1509.0,1554.0,1651.482666015625,1654.0,1327.0,1554.0
125493,7BE94,150,1.0,3.0,X,0.02,0.15,0.17,0.008,0.02,5.0,14.0,5.0,1509.0,1554.0,1672.7047119140625,1675.0,1310.0,1555.0
125492,CA2FD,150,3.0,6.0,X,0.02,0.15,0.17,0.009,0.02,3.0,2.0,65.0,1507.0,1551.0,1663.1304931640625,1671.0,632.0,1546.0
125491,CA2FD,150,2.0,6.0,X,0.02,0.15,0.17,0.009,0.02,3.0,7.0,58.0,1507.0,1551.0,1659.678955078125,1656.0,631.0,1543.0
125490,CE16F,150,1.0,6.0,X,0.02,0.15,0.17,0.008,0.02,4.0,1.0,38.0,1507.0,1551.0,1678.3941650390625,1676.0,990.0,1545.0
125489,4B82B,150,4.0,4.0,X,0.02,0.3,0.33,0.006,0.02,4.0,3.0,54.0,1495.0,1545.0,1658.1712646484375,1661.0,998.0,1548.0
125488,4B82B,150,3.0,4.0,X,0.02,0.3,0.33,0.006,0.02,1.0,4.0,22.0,1495.0,1545.0,1663.9639892578125,1672.0,0.0,1549.0
125487,4B82B,150,2.0,4.0,X,0.02,0.3,0.33,0.006,0.02,4.0,14.0,4.0,1495.0,1545.0,1654.298828125,1652.0,939.0,1549.0
125486,4B82B,150,1.0,4.0,X,0.02,0.3,0.33,0.006,0.02,2.0,2.0,64.0,1495.0,1545.0,1674.2943115234375,1675.0,291.0,1551.0
125485,59F71,150,7.0,7.0,X,0.02,0.19,0.22,0.008,0.0,2.0,7.0,57.0,1502.0,1547.0,1645.973876953125,1655.0,293.0,1542.0
125484,F10E0,150,6.0,7.0,X,0.02,0.15,0.18,0.008,0.0,3.0,1.0,37.0,1511.0,1552.0,1644.7855224609375,1644.0,648.0,1547.0
125483,68448,150,5.0,7.0,X,0.02,0.15,0.17,0.008,0.02,3.0,3.0,53.0,1507.0,1551.0,1661.88818359375,1661.0,656.0,1550.0
125482,E7999,150,4.0,7.0,X,0.02,0.16,0.18,0.012,0.01,3.0,14.0,3.0,1506.0,1551.0,1674.768310546875,1679.0,648.0,1552.0
125481,E7999,150,3.0,7.0,X,0.02,0.16,0.18,0.012,0.01,1.0,2.0,63.0,1506.0,1551.0,1674.054443359375,1671.0,0.0,1550.0
125480,E7999,150,2.0,7.0,X,0.02,0.16,0.18,0.012,0.01,1.0,7.0,56.0,1506.0,1551.0,1674.2794189453125,1674.0,0.0,1559.0
125479,E7999,150,1.0,7.0,X,0.02,0.16,0.18,0.012,0.01,2.0,1.0,36.0,1506.0,1551.0,1689.7593994140625,1687.0,362.0,1554.0
125478,4A0F0,150,2.0,2.0,X,0.0,0.39,0.43,0.0,0.03,2.0,3.0,52.0,1488.0,1533.0,1627.5325927734375,1629.0,362.0,1531.0
125477,F9D23,150,1.0,2.0,X,0.01,0.5,0.54,0.0,0.02,2.0,14.0,2.0,1482.0,1527.0,1639.567626953125,1660.0,341.0,1541.0
125476,4A0F0,150,4.0,5.0,X,0.0,0.39,0.43,0.0,0.03,1.0,4.0,21.0,1488.0,1533.0,1643.3980712890625,1626.0,0.0,1507.0
125475,A0D69,150,3.0,5.0,X,0.02,0.18,0.21,0.0,0.0,1.0,1.0,35.0,1510.0,1555.0,1671.22119140625,1685.0,0.0,1567.0
125474,2737C,150,2.0,5.0,X,0.005,0.45,0.49,0.0,0.015,1.0,3.0,51.0,1480.0,1525.0,1628.1934814453125,1639.0,0.0,1531.0
125473,8ECFF,150,1.0,5.0,X,0.01,0.46,0.48,0.0,0.02,1.0,14.0,1.0,1476.0,1521.0,1662.105712890625,1668.0,0.0,1540.0
125472,57414,300,5.0,5.0,X,0.01,0.38,0.43,0.0,0.02,20.0,2.0,62.0,1486.0,1526.0,1640.076171875,1656.0,6117.0,1544.0
125471,57414,300,4.0,5.0,X,0.01,0.38,0.43,0.0,0.02,18.0,1.0,34.0,1486.0,1526.0,1644.80078125,1654.0,5461.0,1540.0
125470,57414,300,3.0,6.0,X,0.01,0.38,0.43,0.0,0.02,20.0,7.0,55.0,1486.0,1526.0,1637.343505859375,1642.0,6118.0,1534.0
125469,B3CD5,300,2.0,6.0,X,0.015,0.41,0.44,0.0,0.02,19.0,4.0,20.0,1484.0,1519.0,1629.99462890625,1638.0,5903.0,1526.0
125468,B3CD5,300,1.0,6.0,X,0.015,0.41,0.44,0.0,0.02,18.0,3.0,50.0,1484.0,1519.0,1652.030517578125,1653.0,5494.0,1521.0
125467,889AE,300,4.0,4.0,B,0.02,0.16,0.18,0.012,0.01,19.0,2.0,61.0,1507.0,1532.0,1638.205810546875,1642.0,5798.0,1553.0
125466,889AE,300,3.0,4.0,B,0.02,0.16,0.18,0.012,0.01,17.0,1.0,33.0,1507.0,1532.0,1646.26953125,1642.0,5143.0,1534.0
125465,889AE,300,2.0,4.0,B,0.02,0.16,0.18,0.012,0.01,19.0,7.0,54.0,1507.0,1532.0,1638.8223876953125,1642.0,5814.0,
125464,889AE,300,1.0,4.0,B,0.02,0.16,0.18,0.012,0.01,18.0,4.0,19.0,1507.0,1532.0,1670.4420166015625,1671.0,5596.0,1546.0
125463,7FEAB,300,5.0,5.0,X,0.02,0.19,0.21,0.009,0.02,17.0,3.0,49.0,1506.0,1546.0,1659.710205078125,1677.0,5187.0,1550.0
125462,7FEAB,300,4.0,5.0,X,0.02,0.19,0.21,0.009,0.02,18.0,2.0,60.0,1506.0,1546.0,1660.0892333984375,1669.0,5544.0,1540.0
125461,7FEAB,300,3.0,5.0,X,0.02,0.19,0.21,0.009,0.02,16.0,1.0,32.0,1506.0,1546.0,1656.828369140625,1667.0,4878.0,1546.0
125460,7FEAB,300,2.0,5.0,X,0.02,0.19,0.21,0.009,0.02,18.0,7.0,53.0,1506.0,1546.0,1658.5372314453125,1665.0,5546.0,1541.0
125459,7FEAB,300,1.0,5.0,X,0.02,0.19,0.21,0.009,0.02,17.0,4.0,18.0,1506.0,1546.0,1690.8812255859375,1694.0,5332.0,1549.0
125458,E1B6A,300,6.0,6.0,X,0.02,0.18,0.2,0.0,0.015,16.0,3.0,48.0,1501.0,1546.0,1655.622802734375,1657.0,4923.0,1544.0
125457,E1B6A,300,5.0,6.0,X,0.02,0.18,0.2,0.0,0.015,17.0,2.0,59.0,1501.0,1546.0,1656.3065185546875,1658.0,5277.0,1551.0
125456,E0B89,300,4.0,6.0,X,0.02,0.22,0.25,0.01,0.015,15.0,1.0,31.0,1501.0,1546.0,1663.7001953125,1671.0,4613.0,1548.0
125455,E0B89,300,3.0,6.0,X,0.02,0.22,0.25,0.01,0.015,17.0,7.0,52.0,1501.0,1546.0,1662.7874755859375,1663.0,5277.0,1547.0
125454,E0B89,300,2.0,6.0,X,0.02,0.22,0.25,0.01,0.015,16.0,4.0,17.0,1501.0,1546.0,1661.0660400390625,1665.0,5060.0,1536.0
125453,E0B89,300,1.0,6.0,X,0.02,0.22,0.25,0.01,0.015,15.0,3.0,47.0,1501.0,1546.0,1683.1319580078125,1676.0,4644.0,1545.0
125452,9A58C,300,6.0,6.0,X,0.0,0.37,0.45,0.008,0.08,16.0,2.0,58.0,1480.0,1520.0,1624.5517578125,1633.0,4994.0,1525.0
125451,9A58C,300,5.0,6.0,X,0.0,0.37,0.45,0.008,0.08,14.0,1.0,30.0,1480.0,1520.0,1624.5155029296875,1625.0,4326.0,1526.0
125450,9A58C,300,4.0,6.0,X,0.0,0.37,0.45,0.008,0.08,16.0,7.0,51.0,1480.0,1520.0,1613.8380126953125,1622.0,4990.0,1525.0
125449,9A58C,300,3.0,6.0,X,0.0,0.37,0.45,0.008,0.08,15.0,4.0,16.0,1480.0,1520.0,1617.016357421875,1620.0,4764.0,1516.0
125448,9A58C,300,2.0,6.0,X,0.0,0.37,0.45,0.008,0.08,14.0,3.0,46.0,1480.0,1520.0,1616.5941162109375,1617.0,4338.0,1520.0
125447,9A58C,300,1.0,6.0,X,0.0,0.37,0.45,0.008,0.08,15.0,2.0,57.0,1480.0,1520.0,1634.60205078125,1636.0,4697.0,1527.0
125446,E86A6,300,1.0,6.0,X,0.018,0.28,0.31,0.007,0.015,13.0,1.0,29.0,1497.0,1537.0,1665.0654296875,1670.0,4036.0,1546.0
125445,9A58C,300,2.0,8.0,X,0.0,0.37,0.45,0.008,0.08,13.0,1.0,29.0,1480.0,1520.0,1619.0982666015625,1623.0,3917.0,1532.0
125444,47D7D,300,1.0,8.0,X,0.0,0.37,0.41,0.011,0.08,14.0,4.0,15.0,1480.0,1520.0,1637.9246826171875,1636.0,4411.0,1518.0
125443,9A58C,300,8.0,8.0,X,0.0,0.37,0.45,0.008,0.08,13.0,3.0,45.0,1480.0,1520.0,1621.266845703125,1623.0,3991.0,1530.0
125442,9A58C,300,7.0,8.0,X,0.0,0.37,0.45,0.008,0.08,14.0,2.0,56.0,1480.0,1520.0,1626.351318359375,1628.0,4348.0,1528.0
125441,9A58C,300,6.0,8.0,X,0.0,0.37,0.45,0.008,0.08,14.0,7.0,49.0,1480.0,1520.0,1625.61083984375,1622.0,4410.0,1530.0
125440,9A58C,300,5.0,8.0,X,0.0,0.37,0.45,0.008,0.08,12.0,1.0,28.0,1480.0,1520.0,1630.61279296875,1637.0,3625.0,1524.0
125439,9A58C,300,4.0,8.0,X,0.0,0.37,0.45,0.008,0.08,13.0,4.0,14.0,1480.0,1520.0,1628.429931640625,1635.0,4117.0,1530.0
125438,9A58C,300,3.0,8.0,X,0.0,0.37,0.45,0.008,0.08,12.0,3.0,44.0,1480.0,1520.0,1623.0577392578125,1633.0,3697.0,1524.0
125437,9A58C,300,2.0,8.0,X,0.0,0.37,0.45,0.008,0.08,13.0,2.0,55.0,1480.0,1520.0,1625.345703125,1630.0,4049.0,1529.0
125436,9A58C,300,1.0,8.0,X,0.0,0.37,0.45,0.008,0.08,13.0,7.0,48.0,1480.0,1520.0,1638.24560546875,1658.0,4089.0,1531.0
125435,EA23B,300,4.0,4.0,V,0.01,0.36,0.4,0.013,0.05,11.0,1.0,27.0,1480.0,1540.0,1651.94482421875,1662.0,3247.0,1547.0
125434,EA23B,300,3.0,4.0,V,0.01,0.36,0.4,0.013,0.05,12.0,4.0,13.0,1480.0,1540.0,1651.8338623046875,1655.0,3749.0,1542.0
125433,EA23B,300,2.0,4.0,V,0.01,0.36,0.4,0.013,0.05,11.0,3.0,43.0,1480.0,1540.0,1654.5704345703125,1655.0,3334.0,1544.0
125432,28B54,300,1.0,4.0,B,0.01,0.32,0.35,0.0,0.015,12.0,2.0,54.0,1490.0,1535.0,1670.9534912109375,1669.0,3677.0,1533.0
125431,2556F,300,7.0,7.0,X,0.01,0.48,0.53,0.008,0.0,12.0,7.0,47.0,1486.0,1516.0,1623.86669921875,1630.0,3733.0,1528.0
125430,2556F,300,6.0,7.0,X,0.01,0.48,0.53,0.008,0.0,10.0,1.0,26.0,1486.0,1516.0,1623.2393798828125,1625.0,2941.0,1525.0
125429,2556F,300,5.0,7.0,X,0.01,0.48,0.53,0.008,0.0,11.0,4.0,12.0,1486.0,1516.0,1625.7833251953125,1624.0,3429.0,1517.0
125428,2556F,300,4.0,7.0,X,0.01,0.48,0.53,0.008,0.0,10.0,3.0,42.0,1486.0,1516.0,1623.117919921875,1626.0,3011.0,1520.0
125427,2556F,300,3.0,7.0,X,0.01,0.48,0.53,0.008,0.0,11.0,2.0,53.0,1486.0,1516.0,1623.911865234375,1626.0,3362.0,1535.0
125426,2556F,300,2.0,7.0,X,0.01,0.48,0.53,0.008,0.0,11.0,7.0,46.0,1486.0,1516.0,1624.12451171875,1629.0,3415.0,1533.0
125425,2556F,300,1.0,7.0,X,0.01,0.48,0.53,0.008,0.0,9.0,1.0,25.0,1486.0,1516.0,1646.21240234375,1643.0,2635.0,1534.0
125424,2D42F,300,5.0,5.0,B,0.005,0.36,0.39,0.0,0.01,10.0,4.0,11.0,1492.0,1547.0,1669.3104248046875,1670.0,3140.0,1562.0
125423,2D42F,300,4.0,5.0,B,0.005,0.36,0.39,0.0,0.01,9.0,3.0,41.0,1492.0,1547.0,1667.453125,1672.0,2731.0,1551.0
125422,2D42F,300,3.0,5.0,B,0.005,0.36,0.39,0.0,0.01,10.0,2.0,52.0,1492.0,1547.0,1670.767578125,1670.0,3076.0,1563.0
125421,2D42F,300,2.0,5.0,B,0.005,0.36,0.39,0.0,0.01,10.0,7.0,45.0,1492.0,1547.0,1670.85205078125,1674.0,3129.0,1558.0
125420,2D42F,300,1.0,5.0,B,0.005,0.36,0.39,0.0,0.01,8.0,1.0,24.0,1492.0,1547.0,1689.2142333984375,1686.0,2354.0,1546.0
125419,2D42F,300,5.0,5.0,B,0.005,0.36,0.39,0.0,0.01,9.0,4.0,10.0,1492.0,1547.0,1676.7890625,1682.0,2857.0,1558.0
125418,2D42F,300,4.0,5.0,B,0.005,0.36,0.39,0.0,0.01,8.0,3.0,40.0,1492.0,1547.0,1679.7869873046875,1677.0,2445.0,1559.0
125417,2D42F,300,3.0,5.0,B,0.005,0.36,0.39,0.0,0.01,9.0,2.0,51.0,1492.0,1547.0,1679.6688232421875,1680.0,2800.0,1560.0
125416,2D42F,300,2.0,5.0,B,0.005,0.36,0.39,0.0,0.01,9.0,7.0,44.0,1492.0,1547.0,1675.58349609375,1678.0,2854.0,1563.0
125415,2D42F,300,1.0,5.0,B,0.005,0.36,0.39,0.0,0.01,7.0,1.0,23.0,1492.0,1547.0,1696.99755859375,1697.0,2080.0,1564.0
125414,2D42F,300,5.0,7.0,B,0.005,0.36,0.39,0.0,0.01,8.0,4.0,9.0,1492.0,1547.0,1678.7862548828125,1686.0,2544.0,1550.0
125413,2D42F,300,4.0,7.0,B,0.005,0.36,0.39,0.0,0.01,7.0,3.0,39.0,1492.0,1547.0,1676.8477783203125,1677.0,2137.0,1543.0
125412,2D42F,300,3.0,7.0,B,0.005,0.36,0.39,0.0,0.01,8.0,2.0,50.0,1492.0,1547.0,1676.0792236328125,1683.0,2492.0,1540.0
125411,2D42F,300,2.0,7.0,B,0.005,0.36,0.39,0.0,0.01,8.0,7.0,43.0,1492.0,1547.0,1675.583251953125,1680.0,2538.0,1553.0
125410,2D42F,300,3.0,5.0,B,0.005,0.36,0.39,0.0,0.01,6.0,1.0,22.0,1492.0,1547.0,1670.806396484375,1685.0,1610.0,1554.0
125409,2D42F,300,5.0,7.0,B,0.005,0.36,0.39,0.0,0.01,6.0,3.0,38.0,1492.0,1547.0,1672.084716796875,1680.0,1756.0,1536.0
125408,2D42F,300,4.0,7.0,B,0.005,0.36,0.39,0.0,0.01,7.0,4.0,8.0,1492.0,1547.0,1669.801025390625,1676.0,2053.0,1574.0
125407,2D42F,300,3.0,7.0,B,0.005,0.36,0.39,0.0,0.01,7.0,2.0,49.0,1492.0,1547.0,1669.8427734375,1669.0,2044.0,1552.0
125406,2D42F,300,2.0,7.0,B,0.005,0.36,0.39,0.0,0.01,7.0,7.0,42.0,1492.0,1547.0,1666.230224609375,1667.0,2105.0,1544.0
125405,2D42F,300,1.0,7.0,B,0.005,0.36,0.39,0.0,0.01,5.0,1.0,21.0,1492.0,1547.0,1687.9095458984375,1689.0,1333.0,1560.0
125404,2D42F,300,7.0,7.0,B,0.005,0.36,0.39,0.0,0.01,5.0,3.0,37.0,1492.0,1547.0,1669.30712890625,1670.0,1473.0,1557.0
125403,2D42F,300,6.0,7.0,B,0.005,0.36,0.39,0.0,0.01,6.0,4.0,7.0,1492.0,1547.0,1670.199951171875,1668.0,1776.0,1564.0
125402,2D42F,300,5.0,7.0,B,0.005,0.36,0.39,0.0,0.01,6.0,2.0,48.0,1492.0,1547.0,1676.1285400390625,1669.0,1775.0,1566.0
125401,2D42F,300,4.0,7.0,B,0.005,0.36,0.39,0.0,0.01,6.0,7.0,41.0,1492.0,1547.0,1668.4273681640625,1677.0,1834.0,1562.0
125400,2D42F,300,3.0,7.0,B,0.005,0.36,0.39,0.0,0.01,4.0,1.0,20.0,1492.0,1547.0,1666.147216796875,1674.0,1056.0,1563.0
125399,2D42F,300,2.0,7.0,B,0.005,0.36,0.39,0.0,0.01,4.0,3.0,36.0,1492.0,1547.0,1673.99609375,1675.0,1179.0,1562.0
125398,2D42F,300,1.0,7.0,B,0.005,0.36,0.39,0.0,0.01,5.0,4.0,6.0,1492.0,1547.0,1690.49365234375,1693.0,1478.0,1554.0
125397,2D42F,300,7.0,7.0,B,0.005,0.36,0.39,0.0,0.01,5.0,2.0,47.0,1492.0,1547.0,1676.7694091796875,1674.0,1479.0,1570.0
125396,2D42F,300,6.0,7.0,B,0.005,0.36,0.39,0.0,0.01,5.0,7.0,40.0,1492.0,1547.0,1665.8944091796875,1670.0,1541.0,1564.0
125395,2D42F,300,5.0,7.0,B,0.005,0.36,0.39,0.0,0.01,3.0,1.0,19.0,1492.0,1547.0,1666.2874755859375,1665.0,754.0,1558.0
125394,2D42F,300,4.0,7.0,B,0.005,0.36,0.39,0.0,0.01,3.0,3.0,35.0,1492.0,1547.0,1666.7615966796875,1665.0,900.0,1562.0
125393,2D42F,300,3.0,7.0,B,0.005,0.36,0.39,0.0,0.01,4.0,4.0,5.0,1492.0,1547.0,1669.0172119140625,1664.0,1205.0,1545.0
125392,2D42F,300,2.0,7.0,B,0.005,0.36,0.39,0.0,0.01,4.0,2.0,46.0,1492.0,1547.0,1663.4835205078125,1669.0,1203.0,1538.0
125391,2D42F,300,1.0,7.0,B,0.005,0.36,0.39,0.0,0.01,4.0,7.0,39.0,1492.0,1547.0,1688.0860595703125,1688.0,1242.0,1545.0
125390,05E76,300,2.0,2.0,X,0.005,0.94,0.99,0.0,0.0,2.0,1.0,18.0,1463.0,1503.0,1611.1793212890625,1612.0,336.0,1512.0
125389,0F9E0,300,5.0,6.0,X,0.01,0.75,0.88,0.0,0.01,2.0,3.0,34.0,1470.0,1510.0,1620.943115234375,1659.0,473.0,1525.0
125388,CB239,300,4.0,6.0,V,0.0,0.69,0.73,0.012,0.06,3.0,4.0,4.0,1474.0,1509.0,1616.935791015625,1620.0,779.0,1513.0
125387,11307,300,3.0,6.0,X,0.01,0.45,0.5,0.0,0.02,3.0,2.0,45.0,1480.0,1520.0,1633.305419921875,1633.0,774.0,1521.0
125386,A2DFA,300,2.0,6.0,X,0.005,0.43,0.5,0.0,0.0,3.0,7.0,38.0,1480.0,1525.0,1624.0611572265625,1627.0,813.0,1536.0
125385,A2DFA,300,1.0,6.0,X,0.005,0.43,0.5,0.0,0.0,1.0,1.0,17.0,1480.0,1525.0,1660.25537109375,1664.0,0.0,1540.0
125384,F7C5E,300,2.0,2.0,X,0.015,0.27,0.29,0.009,0.0,2.0,4.0,3.0,1501.0,1551.0,1696.8751220703125,1748.0,415.0,1575.0
125383,F7C5E,300,1.0,2.0,X,0.015,0.27,0.29,0.009,0.0,1.0,3.0,33.0,1501.0,1551.0,1716.9822998046875,1713.0,0.0,1571.0
125382,4A0F0,300,3.0,3.0,X,0.0,0.39,0.43,0.0,0.03,2.0,2.0,44.0,1488.0,1528.0,1638.4375,1656.0,349.0,1534.0
125381,CA2FD,300,2.0,3.0,X,0.02,0.15,0.17,0.009,0.02,2.0,8.0,65.0,1507.0,1552.0,1666.683837890625,1674.0,352.0,1542.0
125380,C2394,300,1.0,3.0,X,0.02,0.17,0.22,0.01,0.01,2.0,7.0,37.0,1502.0,1537.0,1671.22509765625,1670.0,362.0,1536.0
125379,E0B89,300,6.0,6.0,X,0.02,0.22,0.25,0.01,0.015,2.0,1.0,16.0,1501.0,1546.0,1663.44287109375,1666.0,279.0,1560.0
125378,E0B89,300,5.0,6.0,X,0.02,0.22,0.25,0.01,0.015,1.0,4.0,2.0,1501.0,1546.0,1682.181884765625,1694.0,0.0,1563.0
125377,E0B89,300,4.0,6.0,X,0.02,0.22,0.25,0.01,0.015,1.0,2.0,43.0,1501.0,1546.0,1676.2847900390625,1681.0,0.0,1552.0
125376,FE1F9,300,3.0,6.0,B,0.005,0.33,0.36,0.0,0.015,1.0,8.0,64.0,1491.0,1531.0,1649.6634521484375,1648.0,0.0,1528.0
125375,7B0D4,300,2.0,6.0,X,0.01,0.47,0.5,0.0,0.02,1.0,7.0,36.0,1483.0,1523.0,1642.5064697265625,1648.0,0.0,1540.0
125374,7B0D4,300,1.0,6.0,X,0.01,0.47,0.5,0.0,0.02,1.0,1.0,15.0,1483.0,1523.0,1670.3409423828125,1673.0,0.0,1534.0
125373,81834,300,1.0,7.0,X,0.015,0.43,0.47,0.0,0.0,1.0,4.0,1.0,1483.0,1528.0,1692.987060546875,1696.0,0.0,1538.0
125372,BF6EC,300,6.0,6.0,X,0.02,0.19,0.23,0.009,0.015,10.0,2.0,42.0,1504.0,1549.0,1663.0513916015625,1664.0,2577.0,1561.0
125371,1E6E6,300,5.0,6.0,X,0.025,0.19,0.23,0.01,0.015,8.0,8.0,63.0,1505.0,1545.0,1654.91552734375,1657.0,2120.0,1562.0
125370,1E6E6,300,4.0,6.0,X,0.025,0.19,0.23,0.01,0.015,10.0,3.0,32.0,1505.0,1545.0,1647.9061279296875,1647.0,2526.0,1562.0
125369,1E6E6,300,3.0,6.0,X,0.025,0.19,0.23,0.01,0.015,10.0,7.0,35.0,1505.0,1545.0,1653.681640625,1657.0,2575.0,1552.0
125368,5692D,300,2.0,6.0,X,0.01,0.39,0.41,0.0,0.01,10.0,1.0,14.0,1486.0,1521.0,1630.9139404296875,1643.0,2514.0,1532.0
125367,734B0,300,1.0,6.0,X,0.01,0.4,0.43,0.0,0.02,9.0,2.0,41.0,1486.0,1526.0,1660.512451171875,1658.0,2280.0,1539.0
125366,248B5,300,6.0,6.0,X,0.02,0.21,0.23,0.009,0.02,9.0,3.0,31.0,1506.0,1551.0,1669.800537109375,1681.0,2294.0,1556.0
125365,248B5,300,5.0,6.0,X,0.02,0.21,0.23,0.009,0.02,7.0,8.0,62.0,1506.0,1551.0,1668.198974609375,1655.0,1775.0,1551.0
125364,248B5,300,4.0,6.0,X,0.02,0.21,0.23,0.009,0.02,9.0,7.0,34.0,1506.0,1551.0,1669.61083984375,1669.0,2289.0,1550.0
125363,248B5,300,3.0,6.0,X,0.02,0.21,0.23,0.009,0.02,9.0,1.0,13.0,1506.0,1551.0,1669.3592529296875,1670.0,2222.0,1554.0
125362,248B5,300,2.0,6.0,X,0.02,0.21,0.23,0.009,0.02,8.0,2.0,40.0,1506.0,1551.0,1670.8306884765625,1674.0,1990.0,1563.0
125361,248B5,300,1.0,6.0,X,0.02,0.21,0.23,0.009,0.02,8.0,3.0,30.0,1506.0,1551.0,1685.652099609375,1685.0,2004.0,1552.0
125360,7FEAB,300,7.0,7.0,X,0.02,0.19,0.21,0.009,0.02,6.0,8.0,61.0,1506.0,1546.0,1655.8460693359375,1665.0,1478.0,1564.0
125359,7FEAB,300,6.0,7.0,X,0.02,0.19,0.21,0.009,0.02,8.0,7.0,33.0,1506.0,1546.0,1655.5352783203125,1662.0,2011.0,1544.0
125358,7FEAB,300,5.0,7.0,X,0.02,0.19,0.21,0.009,0.02,8.0,1.0,12.0,1506.0,1546.0,1656.0491943359375,1658.0,1953.0,1556.0
125357,7FEAB,300,4.0,7.0,X,0.02,0.19,0.21,0.009,0.02,7.0,2.0,39.0,1506.0,1546.0,1657.947509765625,1657.0,1718.0,1556.0
125356,7FEAB,300,3.0,7.0,X,0.02,0.19,0.21,0.009,0.02,7.0,3.0,29.0,1506.0,1546.0,1658.3516845703125,1656.0,1732.0,1548.0
125355,7FEAB,300,2.0,7.0,X,0.02,0.19,0.21,0.009,0.02,5.0,8.0,60.0,1506.0,1546.0,1656.9569091796875,1658.0,1213.0,1547.0
125354,7FEAB,300,1.0,7.0,X,0.02,0.19,0.21,0.009,0.02,7.0,7.0,32.0,1506.0,1546.0,1689.08544921875,1687.0,1743.0,1547.0
125353,D398B,300,7.0,7.0,X,0.02,0.2,0.22,0.009,0.02,7.0,1.0,11.0,1506.0,1551.0,1665.9080810546875,1675.0,1683.0,1567.0
125352,D398B,300,6.0,7.0,X,0.02,0.2,0.22,0.009,0.02,6.0,2.0,38.0,1506.0,1551.0,1664.2509765625,1665.0,1450.0,1566.0
125351,D398B,300,5.0,7.0,X,0.02,0.2,0.22,0.009,0.02,6.0,3.0,28.0,1506.0,1551.0,1665.2073974609375,1665.0,1461.0,1560.0
125350,D398B,300,4.0,7.0,X,0.02,0.2,0.22,0.009,0.02,4.0,8.0,59.0,1506.0,1551.0,1664.930419921875,1667.0,945.0,1559.0
125349,D398B,300,3.0,7.0,X,0.02,0.2,0.22,0.009,0.02,6.0,7.0,31.0,1506.0,1551.0,1673.496337890625,1672.0,1472.0,1561.0
125348,D398B,300,2.0,5.0,X,0.02,0.2,0.22,0.009,0.02,6.0,1.0,10.0,1506.0,1551.0,1667.7529296875,1668.0,1397.0,1560.0
125347,D398B,300,1.0,5.0,X,0.02,0.2,0.22,0.009,0.02,5.0,2.0,37.0,1506.0,1551.0,1688.9935302734375,1694.0,1161.0,1547.0
125346,F7C5E,300,4.0,4.0,X,0.015,0.27,0.29,0.009,0.0,5.0,3.0,27.0,1501.0,1551.0,1692.42431640625,1705.0,1154.0,1552.0
125345,F7C5E,300,3.0,4.0,X,0.015,0.27,0.29,0.009,0.0,3.0,8.0,58.0,1501.0,1551.0,1683.455078125,1694.0,623.0,1552.0
125344,F7C5E,300,2.0,4.0,X,0.015,0.27,0.29,0.009,0.0,5.0,7.0,30.0,1501.0,1551.0,1686.39453125,1686.0,1111.0,1567.0
125343,F7C5E,300,1.0,4.0,X,0.015,0.27,0.29,0.009,0.0,5.0,1.0,9.0,1501.0,1551.0,1707.4351806640625,1693.0,1046.0,1562.0
125342,37728,300,5.0,5.0,X,0.015,0.21,0.23,0.008,0.02,4.0,2.0,36.0,1504.0,1544.0,1655.957275390625,1663.0,812.0,1555.0
125341,A7B3C,300,4.0,5.0,X,0.025,0.2,0.23,0.01,0.01,4.0,3.0,26.0,1504.0,1549.0,1665.2479248046875,1662.0,826.0,1560.0
125340,A7B3C,300,3.0,5.0,X,0.025,0.2,0.23,0.01,0.01,2.0,8.0,57.0,1504.0,1549.0,1662.70166015625,1666.0,301.0,1556.0
125339,9C4F0,300,2.0,5.0,X,0.015,0.2,0.23,0.01,0.0,4.0,7.0,29.0,1504.0,1544.0,1654.864013671875,1657.0,819.0,1540.0
125338,15493,300,1.0,5.0,X,0.01,0.38,0.43,0.0,0.0,4.0,7.0,29.0,1485.0,1525.0,1664.6729736328125,1662.0,768.0,1541.0
125337,1697B,300,3.0,3.0,X,0.02,0.18,0.22,0.009,0.015,3.0,2.0,35.0,1501.0,1536.0,1647.1396484375,1650.0,519.0,1552.0
125336,E60DC,300,2.0,3.0,X,0.02,0.18,0.2,0.01,0.0,3.0,3.0,25.0,1504.0,1539.0,1652.4188232421875,1650.0,527.0,1561.0
125335,E60DC,300,1.0,3.0,X,0.02,0.18,0.2,0.01,0.0,1.0,8.0,56.0,1504.0,1539.0,1690.673095703125,1689.0,0.0,1554.0
125334,A0C37,300,3.0,3.0,X,0.02,0.15,0.17,0.006,0.02,3.0,1.0,7.0,1504.0,1544.0,1648.0255126953125,1652.0,468.0,1554.0
125333,48809,300,2.0,3.0,X,0.02,0.15,0.17,0.01,0.01,3.0,7.0,28.0,1503.0,1543.0,1650.779052734375,1651.0,473.0,1556.0
125332,48809,300,1.0,3.0,X,0.02,0.15,0.17,0.01,0.01,2.0,2.0,34.0,1503.0,1543.0,1671.1461181640625,1673.0,231.0,1548.0
125331,258E9,300,7.0,7.0,X,0.01,0.32,0.35,0.0,0.0,2.0,3.0,24.0,1488.0,1528.0,1635.849365234375,1632.0,245.0,1539.0
125330,258E9,300,6.0,7.0,X,0.01,0.32,0.35,0.0,0.0,2.0,1.0,6.0,1488.0,1528.0,1629.5416259765625,1631.0,246.0,1535.0
125329,E1B6A,300,5.0,7.0,X,0.02,0.18,0.2,0.0,0.015,2.0,7.0,27.0,1501.0,1546.0,1656.155517578125,1652.0,243.0,1553.0
125328,E1B6A,300,4.0,7.0,X,0.02,0.18,0.2,0.0,0.015,1.0,2.0,33.0,1501.0,1546.0,1675.2005615234375,1671.0,0.0,1538.0
125327,44D42,300,3.0,7.0,V,0.01,0.34,0.37,0.01,0.02,1.0,3.0,23.0,1489.0,1534.0,1666.201416015625,1695.0,0.0,1554.0
125326,5AF4D,300,2.0,7.0,V,0.006,0.43,0.46,0.015,0.06,1.0,1.0,5.0,1470.0,1515.0,1639.941650390625,1654.0,0.0,1511.0
125325,5AF4D,300,1.0,7.0,V,0.006,0.43,0.46,0.015,0.06,1.0,7.0,26.0,1470.0,1515.0,1670.643798828125,1670.0,0.0,1524.0
125324,4D097,150,1.0,1.0,X,0.015,0.51,0.55,0.0,0.01,33.0,8.0,55.0,1487.0,1537.0,1658.66162109375,1650.0,9037.0,1535.0
125323,FC47C,150,11.0,11.0,X,0.015,0.45,0.48,0.0,0.01,32.0,2.0,32.0,1482.0,1537.0,1645.7738037109375,1652.0,8658.0,1543.0
125322,FC47C,150,10.0,11.0,X,0.015,0.45,0.48,0.0,0.01,11.0,3.0,22.0,1482.0,1537.0,1642.987060546875,1654.0,2551.0,1532.0
125321,FC47C,150,9.0,11.0,X,0.015,0.45,0.48,0.0,0.01,4.0,1.0,4.0,1482.0,1537.0,1641.94677734375,1642.0,816.0,1534.0
125320,FC47C,150,8.0,11.0,X,0.015,0.45,0.48,0.0,0.01,20.0,7.0,25.0,1482.0,1537.0,1641.4427490234375,1639.0,4965.0,1533.0
125319,FC47C,150,7.0,11.0,X,0.015,0.45,0.48,0.0,0.01,32.0,8.0,54.0,1482.0,1537.0,1642.4222412109375,1647.0,8743.0,1542.0
125318,FC47C,150,6.0,11.0,X,0.015,0.45,0.48,0.0,0.01,31.0,2.0,31.0,1482.0,1537.0,1642.3297119140625,1641.0,8358.0,1535.0
125317,FC47C,150,5.0,11.0,X,0.015,0.45,0.48,0.0,0.01,10.0,3.0,21.0,1482.0,1537.0,1641.332275390625,1640.0,2259.0,1530.0
125316,FC47C,150,4.0,11.0,X,0.015,0.45,0.48,0.0,0.01,3.0,1.0,3.0,1482.0,1537.0,1646.81884765625,1656.0,530.0,1537.0
125315,FC47C,150,3.0,11.0,X,0.015,0.45,0.48,0.0,0.01,19.0,7.0,24.0,1482.0,1537.0,1639.5869140625,1644.0,4664.0,1536.0
125314,FC47C,150,2.0,11.0,X,0.015,0.45,0.48,0.0,0.01,31.0,8.0,53.0,1482.0,1537.0,1639.7406005859375,1638.0,8447.0,1537.0
125313,EDD03,150,1.0,11.0,B,0.017,0.36,0.39,0.0,0.015,30.0,2.0,30.0,1490.0,1535.0,1648.6693115234375,1652.0,8071.0,1550.0
125312,4A0F0,150,11.0,11.0,X,0.0,0.39,0.43,0.0,0.03,9.0,3.0,20.0,1488.0,1533.0,1622.371826171875,1634.0,1965.0,1543.0
125311,4A0F0,150,10.0,11.0,X,0.0,0.39,0.43,0.0,0.03,2.0,1.0,2.0,1488.0,1533.0,1631.5382080078125,1637.0,240.0,1540.0
125310,4A0F0,150,9.0,11.0,X,0.0,0.39,0.43,0.0,0.03,18.0,7.0,23.0,1488.0,1533.0,1620.940673828125,1622.0,4397.0,1538.0
125309,4A0F0,150,8.0,11.0,X,0.0,0.39,0.43,0.0,0.03,30.0,8.0,52.0,1488.0,1533.0,1620.591064453125,1626.0,8191.0,1540.0
125308,4A0F0,150,7.0,11.0,X,0.0,0.39,0.43,0.0,0.03,29.0,2.0,29.0,1488.0,1533.0,1621.0401611328125,1622.0,7818.0,1531.0
125307,4A0F0,150,6.0,11.0,X,0.0,0.39,0.43,0.0,0.03,8.0,3.0,19.0,1488.0,1533.0,1620.84716796875,1623.0,1719.0,1529.0
125306,4A0F0,150,5.0,11.0,X,0.0,0.39,0.43,0.0,0.03,1.0,1.0,1.0,1488.0,1533.0,1644.480712890625,1657.0,0.0,1536.0
125305,4A0F0,150,4.0,11.0,X,0.0,0.39,0.43,0.0,0.03,17.0,7.0,22.0,1488.0,1533.0,1616.8006591796875,1618.0,4157.0,1529.0
125304,4A0F0,150,3.0,11.0,X,0.0,0.39,0.43,0.0,0.03,29.0,8.0,51.0,1488.0,1533.0,1620.4803466796875,1623.0,7942.0,1543.0
125303,4A0F0,150,2.0,11.0,X,0.0,0.39,0.43,0.0,0.03,28.0,2.0,28.0,1488.0,1533.0,1620.1031494140625,1615.0,7564.0,1530.0
125302,4A0F0,150,1.0,11.0,X,0.0,0.39,0.43,0.0,0.03,7.0,3.0,18.0,1488.0,1533.0,1643.7596435546875,1629.0,1468.0,1531.0
125301,3B7FC,150,6.0,6.0,X,0.005,0.46,0.5,0.0,0.015,16.0,7.0,21.0,1480.0,1533.0,1629.382080078125,1627.0,3944.0,1536.0
125300,3B7FC,150,5.0,6.0,X,0.005,0.46,0.5,0.0,0.015,28.0,8.0,50.0,1480.0,1525.0,1618.4608154296875,1626.0,7735.0,1539.0
125299,3B7FC,150,4.0,6.0,X,0.005,0.46,0.5,0.0,0.015,27.0,2.0,27.0,1480.0,1525.0,1618.077392578125,1621.0,7351.0,1534.0
125298,3B7FC,150,3.0,6.0,X,0.005,0.46,0.5,0.0,0.015,6.0,3.0,17.0,1480.0,1525.0,1616.9365234375,1620.0,1246.0,1529.0
125297,3B7FC,150,2.0,6.0,X,0.005,0.46,0.5,0.0,0.015,15.0,7.0,20.0,1480.0,1525.0,1617.2562255859375,1620.0,3726.0,1533.0
125296,B131E,150,1.0,6.0,X,0.02,0.46,0.49,0.005,0.02,27.0,8.0,49.0,1483.0,1525.0,1641.16943359375,1640.0,7518.0,1547.0
125295,3B7FC,150,10.0,10.0,X,0.005,0.46,0.5,0.0,0.015,26.0,2.0,26.0,1480.0,1528.0,1623.446044921875,1626.0,7144.0,1534.0
125294,3B7FC,150,9.0,10.0,X,0.005,0.46,0.5,0.0,0.015,5.0,3.0,16.0,1480.0,1525.0,1616.9365234375,1620.0,1033.0,1532.0
125293,3B7FC,150,8.0,10.0,X,0.005,0.46,0.5,0.0,0.015,14.0,7.0,19.0,1480.0,1525.0,1619.8809814453125,1619.0,3510.0,1529.0
125292,3B7FC,150,7.0,10.0,X,0.005,0.46,0.5,0.0,0.015,26.0,8.0,48.0,1480.0,1525.0,1618.578369140625,1627.0,7301.0,1536.0
125291,3B7FC,150,6.0,10.0,X,0.005,0.46,0.5,0.0,0.015,25.0,2.0,25.0,1480.0,1525.0,1622.0078125,1619.0,6927.0,1532.0
125290,3B7FC,150,5.0,10.0,X,0.005,0.46,0.5,0.0,0.015,4.0,3.0,15.0,1480.0,1525.0,1622.0078125,1620.0,825.0,1531.0
125289,3B7FC,150,4.0,10.0,X,0.005,0.46,0.5,0.0,0.015,13.0,7.0,18.0,1480.0,1525.0,1618.396728515625,1626.0,3307.0,1533.0
125288,3B7FC,150,3.0,10.0,X,0.005,0.46,0.5,0.0,0.015,25.0,8.0,47.0,1480.0,1525.0,1617.827392578125,1627.0,7092.0,1528.0
125287,3B7FC,150,2.0,10.0,X,0.005,0.46,0.5,0.0,0.015,24.0,2.0,24.0,1480.0,1525.0,1618.173095703125,1619.0,6706.0,1530.0
125286,3B7FC,150,1.0,10.0,X,0.005,0.46,0.5,0.0,0.015,3.0,3.0,14.0,1480.0,1525.0,1644.392333984375,1641.0,598.0,1529.0
125285,E198F,150,3.0,3.0,X,0.0,0.07,0.1,0.0,0.27,12.0,7.0,17.0,1509.0,1525.0,1624.61572265625,1635.0,3066.0,1560.0
125284,E198F,150,2.0,3.0,X,0.0,0.07,0.1,0.0,0.27,11.0,14.0,54.0,1509.0,1549.0,1627.0340576171875,1631.0,2864.0,1553.0
125283,E198F,150,1.0,3.0,X,0.0,0.07,0.1,0.0,0.27,24.0,8.0,46.0,1509.0,1549.0,1639.1947021484375,1644.0,6798.0,1549.0
125282,DE12C,150,9.0,9.0,X,0.02,0.53,0.55,0.0,0.02,23.0,2.0,23.0,1486.0,1549.0,1651.704345703125,1653.0,6417.0,1541.0
125281,4D097,150,8.0,9.0,X,0.015,0.51,0.55,0.0,0.01,2.0,3.0,13.0,1487.0,1531.0,1633.462646484375,1642.0,298.0,1538.0
125280,4D097,150,7.0,9.0,X,0.015,0.51,0.55,0.0,0.01,11.0,7.0,16.0,1487.0,1537.0,1643.1514892578125,1641.0,2771.0,1542.0
125279,4D097,150,6.0,9.0,X,0.015,0.51,0.55,0.0,0.01,10.0,14.0,53.0,1487.0,1537.0,1641.8182373046875,1642.0,2574.0,1543.0
125278,4D097,150,5.0,9.0,X,0.015,0.51,0.55,0.0,0.01,23.0,8.0,45.0,1487.0,1537.0,1641.2646484375,1644.0,6497.0,1543.0
125277,4D097,150,4.0,9.0,X,0.015,0.51,0.55,0.0,0.01,22.0,2.0,22.0,1487.0,1537.0,1644.0035400390625,1641.0,6112.0,1547.0
125276,4D097,150,3.0,9.0,X,0.015,0.51,0.55,0.0,0.01,1.0,3.0,12.0,1487.0,1537.0,1654.0675048828125,1667.0,0.0,1532.0
125275,4D097,150,2.0,9.0,X,0.015,0.51,0.55,0.0,0.01,11.0,7.0,15.0,1487.0,1537.0,1636.9700927734375,1636.0,3028.0,1534.0
125274,4D097,150,1.0,9.0,X,0.015,0.51,0.55,0.0,0.01,10.0,14.0,52.0,1487.0,1537.0,1657.0220947265625,1660.0,2512.0,1545.0
125273,47D7D,150,1.0,9.0,X,0.0,0.37,0.41,0.011,0.08,23.0,8.0,44.0,1480.0,1520.0,1641.931396484375,1625.0,6706.0,
125272,47D7D,150,6.0,6.0,X,0.0,0.37,0.41,0.011,0.08,21.0,2.0,21.0,1480.0,1520.0,1622.20556640625,1627.0,6127.0,
125271,47D7D,150,5.0,6.0,X,0.0,0.37,0.41,0.011,0.08,10.0,7.0,14.0,1480.0,1520.0,1622.6435546875,1625.0,2801.0,
125270,47D7D,150,4.0,6.0,X,0.0,0.37,0.41,0.011,0.08,9.0,14.0,51.0,1480.0,1520.0,1625.636962890625,1631.0,2462.0,
125269,47D7D,150,3.0,6.0,X,0.0,0.37,0.41,0.011,0.08,22.0,8.0,43.0,1480.0,1520.0,1624.1129150390625,1628.0,6476.0,
125268,47D7D,150,2.0,6.0,X,0.0,0.37,0.41,0.011,0.08,11.0,3.0,11.0,1480.0,1520.0,1623.196533203125,1620.0,3168.0,
125267,47D7D,150,2.0,6.0,X,0.0,0.37,0.41,0.011,0.08,20.0,2.0,20.0,1480.0,1520.0,1620.1705322265625,1637.0,5635.0,
125266,47D7D,150,1.0,6.0,X,0.0,0.37,0.41,0.011,0.08,9.0,7.0,13.0,1480.0,1520.0,1632.076416015625,1633.0,2308.0,1534.0
125265,47D7D,150,6.0,6.0,X,0.0,0.37,0.41,0.011,0.08,8.0,14.0,50.0,1480.0,1520.0,1622.363525390625,1627.0,2077.0,1539.0
125264,47D7D,150,5.0,6.0,X,0.0,0.37,0.41,0.011,0.08,21.0,8.0,42.0,1480.0,1520.0,1632.85986328125,1636.0,5991.0,1532.0
125263,9A58C,150,4.0,6.0,X,0.0,0.37,0.45,0.008,0.08,10.0,3.0,10.0,1480.0,1520.0,1627.9090576171875,1629.0,2691.0,1528.0
125262,9A58C,150,3.0,6.0,X,0.0,0.37,0.45,0.008,0.08,19.0,2.0,19.0,1480.0,1520.0,1625.592041015625,1626.0,5317.0,1531.0
125261,9A58C,150,2.0,6.0,X,0.0,0.37,0.45,0.008,0.08,8.0,7.0,12.0,1480.0,1520.0,1625.4490966796875,1628.0,1979.0,1528.0
125260,9A58C,150,1.0,6.0,X,0.0,0.37,0.45,0.008,0.08,7.0,14.0,49.0,1480.0,1520.0,1635.475341796875,1640.0,1748.0,1527.0
125259,BB21B,150,6.0,6.0,V,0.0,0.45,0.48,0.018,0.05,20.0,8.0,41.0,1472.0,1517.0,1626.335205078125,1651.0,5634.0,1531.0
125258,BB21B,150,5.0,6.0,V,0.0,0.45,0.48,0.018,0.05,9.0,3.0,9.0,1472.0,1517.0,1614.9949951171875,1637.0,2337.0,1523.0
125257,BB21B,150,4.0,6.0,V,0.0,0.45,0.48,0.018,0.05,18.0,2.0,18.0,1472.0,1517.0,1610.6353759765625,1635.0,4971.0,1527.0
125256,BB21B,150,3.0,6.0,V,0.0,0.45,0.48,0.018,0.05,7.0,7.0,11.0,1472.0,1517.0,1612.0965576171875,1635.0,1646.0,1530.0
125255,E1B6A,150,2.0,6.0,X,0.02,0.18,0.2,0.0,0.015,6.0,14.0,48.0,1501.0,1546.0,1656.0447998046875,1660.0,1423.0,1550.0
125254,6CBE8,150,1.0,6.0,B,0.01,0.36,0.38,0.0,0.02,19.0,8.0,40.0,1486.0,1531.0,1653.1407470703125,1651.0,5353.0,1537.0
125253,2CC2D,150,5.0,5.0,X,0.015,0.08,0.11,0.0,0.0,8.0,3.0,8.0,1522.0,1557.0,1664.51416015625,1667.0,2061.0,1569.0
125252,2CC2D,150,4.0,5.0,X,0.015,0.08,0.11,0.0,0.0,17.0,2.0,17.0,1522.0,1557.0,1660.5087890625,1663.0,4696.0,1559.0
125251,E0B89,150,3.0,5.0,X,0.02,0.22,0.25,0.01,0.015,6.0,7.0,10.0,1501.0,1541.0,1650.8983154296875,1651.0,1366.0,1554.0
125250,E0B89,150,2.0,5.0,X,0.02,0.22,0.25,0.01,0.015,5.0,14.0,47.0,1501.0,1541.0,1643.087646484375,1639.0,1135.0,1546.0
125249,43C5C,150,1.0,5.0,X,0.005,0.5,0.53,0.0,0.02,18.0,8.0,39.0,1487.0,1532.0,1657.5228271484375,1660.0,5057.0,1543.0
125248,59A4E,150,8.0,8.0,X,0.01,0.19,0.21,0.01,0.02,7.0,3.0,7.0,1503.0,1543.0,1653.660888671875,1657.0,1757.0,1555.0
125247,59A4E,150,7.0,8.0,X,0.01,0.19,0.21,0.01,0.02,16.0,2.0,16.0,1503.0,1543.0,1651.96240234375,1657.0,4394.0,1561.0
125246,D398B,150,6.0,8.0,X,0.02,0.2,0.22,0.009,0.02,5.0,7.0,9.0,1506.0,1551.0,1659.50244140625,1661.0,1063.0,1557.0
125245,D398B,150,5.0,8.0,X,0.02,0.2,0.22,0.009,0.02,4.0,14.0,46.0,1506.0,1551.0,1659.757080078125,1656.0,847.0,1545.0
125244,D398B,150,4.0,8.0,X,0.02,0.2,0.22,0.009,0.02,17.0,8.0,38.0,1506.0,1551.0,1660.2802734375,1659.0,4768.0,1552.0
125243,D398B,150,3.0,8.0,X,0.02,0.2,0.22,0.009,0.02,6.0,3.0,6.0,1506.0,1551.0,1659.1798095703125,1657.0,1473.0,1543.0
125242,D398B,150,2.0,8.0,X,0.02,0.2,0.22,0.009,0.02,15.0,2.0,15.0,1506.0,1551.0,1658.171142578125,1667.0,4097.0,1545.0
125241,E483A,150,1.0,8.0,X,0.02,0.21,0.23,0.009,0.025,4.0,7.0,8.0,1500.0,1545.0,1668.2327880859375,1668.0,776.0,1538.0
125240,1E6E6,150,7.0,7.0,X,0.025,0.19,0.23,0.01,0.015,3.0,14.0,45.0,1505.0,1550.0,1653.718017578125,1665.0,558.0,1558.0
125239,1E6E6,150,6.0,7.0,X,0.025,0.19,0.23,0.01,0.015,16.0,8.0,37.0,1505.0,1550.0,1654.12353515625,1653.0,4579.0,1555.0
125238,8E733,150,5.0,7.0,X,0.02,0.17,0.19,0.01,0.02,5.0,3.0,5.0,1506.0,1551.0,1654.267578125,1664.0,1294.0,1562.0
125237,8E733,150,4.0,7.0,X,0.02,0.17,0.19,0.01,0.02,14.0,2.0,14.0,1506.0,1551.0,1651.1807861328125,1656.0,3927.0,1557.0
125236,8E733,150,3.0,7.0,X,0.02,0.17,0.19,0.01,0.02,3.0,7.0,7.0,1506.0,1551.0,1652.6473388671875,1657.0,604.0,1551.0
125235,7F484,150,2.0,7.0,X,0.02,0.15,0.17,0.008,0.02,2.0,14.0,44.0,1512.0,1557.0,1664.028076171875,1662.0,285.0,1554.0
125234,59F71,150,1.0,7.0,X,0.02,0.19,0.22,0.008,0.0,15.0,8.0,36.0,1502.0,1547.0,1674.756591796875,1664.0,4302.0,1553.0
125233,F10E0,150,8.0,8.0,X,0.02,0.15,0.18,0.008,0.0,4.0,3.0,4.0,1511.0,1552.0,1645.0963134765625,1648.0,1008.0,1556.0
125232,F10E0,150,7.0,8.0,X,0.02,0.15,0.18,0.008,0.0,13.0,2.0,13.0,1511.0,1552.0,1640.150146484375,1640.0,3645.0,1550.0
125231,FB109,150,6.0,8.0,X,0.02,0.18,0.2,0.008,0.02,2.0,7.0,6.0,1507.0,1552.0,1657.4822998046875,1655.0,323.0,1547.0
125230,87A17,150,5.0,8.0,X,0.022,0.2,0.22,0.0,0.02,1.0,14.0,43.0,1505.0,1555.0,1677.9949951171875,1679.0,0.0,1554.0
125229,E7999,150,4.0,8.0,X,0.02,0.16,0.18,0.012,0.01,14.0,8.0,35.0,1506.0,1551.0,1668.84228515625,1667.0,4015.0,1555.0
125228,E7999,150,3.0,8.0,X,0.02,0.16,0.18,0.012,0.01,3.0,3.0,3.0,1506.0,1551.0,1671.4630126953125,1665.0,725.0,1547.0
125227,E7999,150,2.0,8.0,X,0.02,0.16,0.18,0.012,0.01,12.0,2.0,12.0,1506.0,1551.0,1664.650390625,1668.0,3329.0,1552.0
125226,E7999,150,1.0,8.0,X,0.02,0.16,0.18,0.012,0.01,1.0,7.0,5.0,1506.0,1551.0,1711.4368896484375,1709.0,0.0,1553.0
125225,5692D,150,6.0,6.0,X,0.01,0.39,0.41,0.0,0.01,3.0,5.0,61.0,1486.0,1531.0,1632.8525390625,1639.0,802.0,1548.0
125224,57414,150,5.0,6.0,X,0.01,0.38,0.43,0.0,0.02,13.0,8.0,34.0,1486.0,1531.0,1636.2940673828125,1636.0,3703.0,1538.0
125223,F7AB5,150,4.0,6.0,X,0.015,0.42,0.44,0.0,0.02,2.0,3.0,2.0,1481.0,1526.0,1647.73486328125,1650.0,405.0,1530.0
125222,F7AB5,150,3.0,6.0,X,0.015,0.42,0.44,0.0,0.02,1.0,14.0,42.0,1481.0,1526.0,1640.51318359375,1643.0,0.0,1539.0
125221,F7AB5,150,3.0,7.0,X,0.015,0.42,0.44,0.0,0.02,11.0,2.0,11.0,1481.0,1526.0,1635.93212890625,1639.0,2871.0,1548.0
125220,3EFD8,150,2.0,7.0,X,0.005,0.33,0.36,0.0,0.02,2.0,5.0,60.0,1490.0,1540.0,1647.9088134765625,1655.0,405.0,1558.0
125219,80160,150,1.0,7.0,X,0.015,0.4,0.45,0.0,0.02,12.0,8.0,33.0,1487.0,1542.0,1665.7952880859375,1667.0,3285.0,1541.0
125218,7C0D8,150,1.0,1.0,V,0.005,0.14,0.17,0.007,0.0,1.0,3.0,1.0,1497.0,1532.0,1684.9617919921875,1687.0,0.0,1539.0
125217,889AE,300,3.0,3.0,B,0.02,0.16,0.18,0.012,0.01,12.0,14.0,41.0,1507.0,1532.0,1637.1981201171875,1643.0,2969.0,1543.0
125216,889AE,300,2.0,3.0,B,0.02,0.16,0.18,0.012,0.01,10.0,2.0,10.0,1507.0,1532.0,1639.2689208984375,1651.0,2486.0,1530.0
125215,889AE,300,1.0,3.0,B,0.02,0.16,0.18,0.012,0.01,1.0,5.0,59.0,1507.0,1532.0,1685.5858154296875,1694.0,0.0,1558.0
125214,4E04A,300,3.0,3.0,X,0.005,0.55,0.59,0.007,0.0,4.0,7.0,4.0,1486.0,1541.0,1678.9345703125,1692.0,955.0,1554.0
125213,4E04A,300,2.0,3.0,X,0.005,0.55,0.59,0.007,0.0,11.0,14.0,40.0,1486.0,1541.0,1667.92431640625,1690.0,2645.0,1562.0
125212,4E04A,300,1.0,3.0,X,0.005,0.55,0.59,0.007,0.0,11.0,8.0,32.0,1486.0,1541.0,1690.931396484375,1687.0,2712.0,1561.0
125211,4E04A,300,3.0,3.0,X,0.005,0.55,0.59,0.007,0.0,9.0,2.0,9.0,1486.0,1541.0,1681.34619140625,1707.0,2099.0,1577.0
125210,4E04A,300,2.0,3.0,X,0.005,0.55,0.59,0.007,0.0,3.0,7.0,3.0,1486.0,1541.0,1677.4346923828125,1694.0,641.0,1538.0
125209,4E04A,300,1.0,3.0,X,0.005,0.55,0.59,0.007,0.0,10.0,14.0,39.0,1486.0,1541.0,1691.12890625,1694.0,2385.0,1558.0
125208,4E04A,300,3.0,3.0,X,0.005,0.55,0.59,0.007,0.0,10.0,8.0,31.0,1486.0,1541.0,1681.5283203125,1703.0,2442.0,1555.0
125207,4E04A,300,2.0,3.0,X,0.005,0.55,0.59,0.007,0.0,8.0,2.0,8.0,1486.0,1541.0,1674.3883056640625,1692.0,1842.0,1548.0
125206,4E04A,300,1.0,3.0,X,0.005,0.55,0.59,0.007,0.0,9.0,5.0,58.0,1486.0,1541.0,1685.5330810546875,1695.0,2137.0,1556.0
125205,CC49C,300,3.0,3.0,X,0.005,0.55,0.58,0.007,0.0,9.0,14.0,38.0,1486.0,1541.0,1679.52001953125,1681.0,2115.0,1540.0
125204,CC49C,300,2.0,3.0,X,0.005,0.55,0.58,0.007,0.0,2.0,7.0,2.0,1486.0,1541.0,1674.156494140625,1676.0,248.0,1543.0
125203,CC49C,300,1.0,3.0,X,0.005,0.55,0.58,0.007,0.0,9.0,8.0,30.0,1486.0,1541.0,1690.1278076171875,1690.0,2115.0,1550.0
125202,F5743,300,3.0,3.0,V,0.0,0.69,0.72,0.008,0.055,7.0,2.0,7.0,1476.0,1501.0,1614.525390625,1615.0,1517.0,1509.0
125201,F5743,300,2.0,3.0,V,0.0,0.69,0.72,0.008,0.055,8.0,5.0,57.0,1476.0,1501.0,1612.7642822265625,1615.0,1802.0,1518.0
125200,DFA45,300,1.0,3.0,X,0.005,0.37,0.44,0.008,0.08,1.0,7.0,1.0,1483.0,1528.0,1689.9847412109375,1690.0,0.0,1537.0
125199,345B1,300,9.0,9.0,X,0.015,0.51,0.53,0.0,0.005,8.0,14.0,37.0,1488.0,1523.0,1635.4884033203125,1650.0,1760.0,1536.0
125198,2556F,300,8.0,9.0,X,0.01,0.48,0.53,0.008,0.0,8.0,8.0,29.0,1486.0,1516.0,1627.3421630859375,1626.0,1834.0,1525.0
125197,2556F,300,7.0,9.0,X,0.01,0.48,0.53,0.008,0.0,6.0,2.0,6.0,1486.0,1516.0,1624.277099609375,1631.0,1242.0,1529.0
125196,2556F,300,6.0,9.0,X,0.01,0.48,0.53,0.008,0.0,7.0,5.0,56.0,1486.0,1516.0,1624.3612060546875,1624.0,1552.0,1523.0
125195,A2DFA,300,5.0,9.0,X,0.005,0.43,0.5,0.0,0.0,7.0,14.0,36.0,1480.0,1525.0,1626.468017578125,1627.0,1521.0,1542.0
125194,A2DFA,300,4.0,9.0,X,0.005,0.43,0.5,0.0,0.0,7.0,8.0,28.0,1480.0,1525.0,1619.3851318359375,1627.0,1591.0,1522.0
125193,A2DFA,300,3.0,9.0,X,0.005,0.43,0.5,0.0,0.0,5.0,2.0,5.0,1480.0,1525.0,1617.469970703125,1636.0,986.0,1524.0
125192,D9D2B,300,2.0,9.0,X,0.005,0.46,0.48,0.0,0.02,6.0,5.0,55.0,1480.0,1525.0,1642.16650390625,1660.0,1287.0,1536.0
125191,A0D69,300,1.0,9.0,X,0.02,0.18,0.21,0.0,0.0,6.0,14.0,35.0,1510.0,1550.0,1686.2763671875,1689.0,1275.0,1560.0
125190,9A58C,300,7.0,7.0,X,0.0,0.37,0.45,0.008,0.08,6.0,8.0,27.0,1480.0,1520.0,1628.4111328125,1630.0,1329.0,1524.0
125189,9A58C,300,6.0,7.0,X,0.0,0.37,0.45,0.008,0.08,4.0,2.0,4.0,1480.0,1520.0,1616.4244384765625,1620.0,719.0,1523.0
125188,9A58C,300,5.0,7.0,X,0.0,0.37,0.45,0.008,0.08,5.0,5.0,54.0,1480.0,1520.0,1615.267333984375,1629.0,1020.0,1532.0
125187,9A58C,300,4.0,7.0,X,0.0,0.37,0.45,0.008,0.08,5.0,14.0,34.0,1480.0,1520.0,1610.4837646484375,1615.0,1010.0,1520.0
125186,9A58C,300,3.0,7.0,X,0.0,0.37,0.45,0.008,0.08,5.0,8.0,26.0,1480.0,1520.0,1613.9241943359375,1616.0,1071.0,1527.0
125185,9A58C,300,2.0,7.0,X,0.0,0.37,0.45,0.008,0.08,3.0,2.0,3.0,1480.0,1520.0,1617.97314453125,1623.0,473.0,1527.0
125184,9A58C,300,1.0,7.0,X,0.0,0.37,0.45,0.008,0.08,4.0,5.0,53.0,1480.0,1520.0,1645.0560302734375,1637.0,769.0,1533.0
125183,47D7D,300,7.0,7.0,X,0.0,0.37,0.41,0.011,0.08,4.0,14.0,33.0,1480.0,1520.0,1611.682861328125,1627.0,771.0,1529.0
125182,47D7D,300,6.0,7.0,X,0.0,0.37,0.41,0.011,0.08,4.0,8.0,25.0,1480.0,1520.0,1612.1278076171875,1623.0,834.0,1529.0
125181,83A35,300,5.0,7.0,X,0.005,0.37,0.45,0.0,0.08,2.0,2.0,2.0,1480.0,1520.0,1625.8648681640625,1629.0,230.0,1532.0
125180,83A35,300,4.0,7.0,X,0.005,0.37,0.45,0.0,0.08,3.0,5.0,52.0,1480.0,1520.0,1625.306640625,1631.0,539.0,1522.0
125179,9A58C,300,3.0,7.0,X,0.0,0.37,0.45,0.008,0.08,3.0,14.0,32.0,1480.0,1520.0,1626.799072265625,1640.0,534.0,1527.0
125178,9A58C,300,2.0,7.0,X,0.0,0.37,0.45,0.008,0.08,3.0,8.0,24.0,1480.0,1520.0,1624.5963134765625,1630.0,597.0,1527.0
125177,9A58C,300,1.0,7.0,X,0.0,0.37,0.45,0.008,0.08,1.0,2.0,1.0,1480.0,1520.0,1667.829345703125,1678.0,0.0,1528.0
125176,4A0F0,300,8.0,8.0,X,0.0,0.39,0.43,0.0,0.03,2.0,4.0,37.0,1488.0,1528.0,1640.307861328125,1648.0,237.0,1536.0
125175,4A0F0,300,7.0,8.0,X,0.0,0.39,0.43,0.0,0.03,2.0,5.0,51.0,1488.0,1528.0,1640.072021484375,1641.0,248.0,1538.0
125174,4A0F0,300,6.0,8.0,X,0.0,0.39,0.43,0.0,0.03,2.0,14.0,31.0,1488.0,1528.0,1637.5150146484375,1640.0,243.0,1528.0
125173,4A0F0,300,5.0,8.0,X,0.0,0.39,0.43,0.0,0.03,2.0,8.0,23.0,1488.0,1528.0,1640.7080078125,1644.0,307.0,1539.0
125172,4A0F0,300,4.0,8.0,X,0.0,0.39,0.43,0.0,0.03,1.0,4.0,36.0,1488.0,1528.0,1655.582275390625,1660.0,0.0,1533.0
125171,4A0F0,300,3.0,8.0,X,0.0,0.39,0.43,0.0,0.03,1.0,5.0,50.0,1488.0,1528.0,1655.582275390625,1658.0,0.0,1546.0
125170,4A0F0,300,2.0,8.0,X,0.0,0.39,0.43,0.0,0.03,1.0,14.0,30.0,1488.0,1528.0,1655.582275390625,1656.0,0.0,1530.0
125169,4A0F0,300,1.0,8.0,X,0.0,0.39,0.43,0.0,0.03,1.0,8.0,22.0,1488.0,1528.0,1668.9154052734375,1659.0,0.0,1548.0
125168,A0D69,300,8.0,8.0,X,0.02,0.18,0.21,0.0,0.0,6.0,1.0,62.0,1510.0,1550.0,1655.930419921875,1668.0,1619.0,1563.0
125167,A0D69,300,7.0,8.0,X,0.02,0.18,0.21,0.0,0.0,5.0,4.0,35.0,1510.0,1550.0,1655.1512451171875,1650.0,1111.0,1559.0
125166,A0D69,300,6.0,8.0,X,0.02,0.18,0.21,0.0,0.0,6.0,5.0,49.0,1510.0,1550.0,1658.8045654296875,1655.0,1701.0,1563.0
125165,A0D69,300,5.0,8.0,X,0.02,0.18,0.21,0.0,0.0,6.0,8.0,21.0,1510.0,1550.0,1655.235107421875,1654.0,1924.0,1557.0
125164,A0D69,300,4.0,8.0,X,0.02,0.18,0.21,0.0,0.0,5.0,1.0,61.0,1510.0,1550.0,1660.05078125,1653.0,1416.0,1559.0
125163,A0D69,300,3.0,8.0,X,0.02,0.18,0.21,0.0,0.0,2.0,14.0,29.0,1510.0,1550.0,1656.871826171875,1658.0,282.0,1559.0
125162,A0D69,300,2.0,8.0,X,0.02,0.18,0.21,0.0,0.0,4.0,4.0,34.0,1510.0,1550.0,1662.2159423828125,1664.0,854.0,1553.0
125161,A0D69,300,1.0,8.0,X,0.02,0.18,0.21,0.0,0.0,5.0,5.0,48.0,1510.0,1550.0,1680.730224609375,1683.0,1443.0,1555.0
125160,B0EC5,300,7.0,7.0,V,0.01,0.36,0.39,0.015,0.02,5.0,8.0,20.0,1480.0,1530.0,1643.1729736328125,1650.0,1656.0,1537.0
125159,B7DF0,300,6.0,7.0,X,0.015,0.38,0.42,0.0,0.02,4.0,1.0,60.0,1486.0,1531.0,1645.111572265625,1655.0,1137.0,1541.0
125158,36AD7,300,5.0,7.0,X,0.01,0.47,0.52,0.0,0.02,1.0,14.0,28.0,1474.0,1530.0,1653.2674560546875,1664.0,0.0,1535.0
125157,000DC,300,4.0,7.0,V,0.006,0.43,0.46,0.015,0.055,3.0,4.0,33.0,1470.0,1515.0,1622.0594482421875,1630.0,565.0,1530.0
125156,000DC,300,3.0,7.0,V,0.006,0.43,0.46,0.015,0.055,4.0,5.0,47.0,1470.0,1515.0,1623.5025634765625,1630.0,1132.0,1526.0
125155,000DC,300,2.0,7.0,V,0.006,0.43,0.46,0.015,0.055,4.0,8.0,19.0,1470.0,1515.0,1624.593017578125,1636.0,1308.0,1520.0
125154,000DC,300,1.0,7.0,V,0.006,0.43,0.46,0.015,0.055,3.0,1.0,59.0,1470.0,1515.0,1651.1961669921875,1645.0,711.0,1545.0
125153,000DC,300,1.0,7.0,V,0.006,0.43,0.46,0.015,0.055,3.0,4.0,33.0,1470.0,1515.0,1647.70947265625,1665.0,674.0,1523.0
125152,5146B,300,9.0,9.0,X,0.005,0.45,0.48,0.0,0.0,3.0,5.0,46.0,1481.0,1526.0,1642.921630859375,1654.0,691.0,1536.0
125151,5146B,300,8.0,9.0,X,0.005,0.45,0.48,0.0,0.0,3.0,14.0,26.0,1481.0,1526.0,1655.0072021484375,1657.0,559.0,1539.0
125150,5146B,300,7.0,9.0,X,0.005,0.45,0.48,0.0,0.0,3.0,8.0,18.0,1481.0,1526.0,1654.4892578125,1652.0,819.0,1545.0
125149,5146B,300,6.0,9.0,X,0.005,0.45,0.48,0.0,0.0,2.0,1.0,58.0,1481.0,1526.0,1653.628173828125,1654.0,296.0,1534.0
125148,D033D,300,5.0,9.0,X,0.02,0.47,0.49,0.009,0.0,2.0,4.0,32.0,1480.0,1515.0,1630.318115234375,1632.0,299.0,1533.0
125147,D033D,300,4.0,9.0,X,0.02,0.47,0.49,0.009,0.0,2.0,5.0,45.0,1480.0,1515.0,1625.112060546875,1623.0,364.0,1520.0
125146,D033D,300,3.0,9.0,X,0.02,0.47,0.49,0.009,0.0,2.0,14.0,25.0,1480.0,1515.0,1622.5784912109375,1628.0,241.0,1521.0
125145,D033D,300,2.0,9.0,X,0.02,0.47,0.49,0.009,0.0,2.0,8.0,17.0,1480.0,1515.0,1628.6236572265625,1630.0,505.0,1534.0
125144,980AE,300,1.0,9.0,B,0.015,0.29,0.31,0.0,0.0,1.0,1.0,57.0,1494.0,1534.0,1681.0682373046875,1679.0,0.0,1543.0
125143,E1B6A,300,4.0,4.0,X,0.02,0.18,0.2,0.0,0.015,1.0,4.0,31.0,1501.0,1546.0,1675.569580078125,1675.0,0.0,1568.0
125142,EA23B,300,3.0,4.0,V,0.01,0.36,0.4,0.013,0.05,1.0,14.0,24.0,1480.0,1540.0,1660.2918701171875,1666.0,0.0,1549.0
125141,EA23B,300,2.0,4.0,V,0.01,0.36,0.4,0.013,0.05,1.0,5.0,44.0,1480.0,1540.0,1655.7457275390625,1659.0,0.0,1529.0
125140,6CBE8,300,1.0,4.0,B,0.01,0.36,0.38,0.0,0.02,1.0,8.0,16.0,1486.0,1526.0,1665.0736083984375,1646.0,0.0,1547.0
125139,6CBE8,300,1.0,4.0,B,0.01,0.36,0.38,0.0,0.02,14.0,8.0,15.0,1486.0,1526.0,1651.620361328125,1650.0,3229.0,
125138,5AF4D,300,5.0,5.0,V,0.006,0.43,0.46,0.015,0.06,14.0,14.0,23.0,1470.0,1515.0,1631.670654296875,1634.0,3236.0,
125137,5AF4D,300,4.0,4.0,V,0.006,0.43,0.46,0.015,0.06,14.0,5.0,43.0,1470.0,1515.0,1621.8336181640625,1632.0,3457.0,1528.0
125136,5AF4D,300,3.0,4.0,V,0.006,0.43,0.46,0.015,0.06,3.0,1.0,56.0,1470.0,1515.0,1621.7640380859375,1628.0,532.0,1526.0
125135,5AF4D,300,2.0,4.0,V,0.006,0.43,0.46,0.015,0.06,13.0,8.0,14.0,1470.0,1515.0,1624.846435546875,1631.0,3386.0,1531.0
125134,5AF4D,300,1.0,4.0,V,0.006,0.43,0.46,0.015,0.06,13.0,14.0,22.0,1470.0,1515.0,1656.783447265625,1659.0,3225.0,1522.0
125133,B3CD5,300,7.0,7.0,X,0.015,0.41,0.44,0.0,0.02,13.0,5.0,42.0,1484.0,1519.0,1631.0556640625,1642.0,3219.0,1528.0
125132,E483A,300,6.0,7.0,X,0.02,0.21,0.23,0.009,0.025,2.0,1.0,55.0,1500.0,1540.0,1655.797607421875,1654.0,293.0,1544.0
125131,3D92C,300,5.0,7.0,X,0.01,0.39,0.41,0.0,0.02,13.0,4.0,30.0,1485.0,1520.0,1629.0283203125,1631.0,3218.0,1540.0
125130,3D92C,300,4.0,7.0,X,0.01,0.39,0.41,0.0,0.02,12.0,8.0,13.0,1485.0,1520.0,1634.665771484375,1638.0,3100.0,1531.0
125129,3D92C,300,3.0,7.0,X,0.01,0.39,0.41,0.0,0.02,12.0,14.0,21.0,1485.0,1520.0,1625.6864013671875,1628.0,2945.0,1515.0
125128,57414,300,2.0,7.0,X,0.01,0.38,0.43,0.0,0.02,12.0,5.0,41.0,1486.0,1526.0,1652.4549560546875,1649.0,2918.0,1541.0
125127,57414,300,1.0,7.0,X,0.01,0.38,0.43,0.0,0.02,1.0,1.0,54.0,1486.0,1526.0,1680.8563232421875,1695.0,0.0,1527.0
125126,5F0F6,300,7.0,7.0,X,0.005,0.42,0.44,0.0,0.028,12.0,4.0,29.0,1487.0,1527.0,1643.013916015625,1658.0,2938.0,1542.0
125125,5F0F6,300,6.0,7.0,X,0.005,0.42,0.44,0.0,0.028,2.0,3.0,46.0,1487.0,1527.0,1637.0738525390625,1640.0,386.0,1533.0
125124,5F0F6,300,5.0,7.0,X,0.005,0.42,0.44,0.0,0.028,11.0,14.0,20.0,1487.0,1527.0,1646.31591796875,1658.0,2648.0,1528.0
125123,7F484,300,4.0,7.0,X,0.02,0.15,0.17,0.008,0.02,11.0,5.0,40.0,1512.0,1557.0,1676.152099609375,1688.0,2641.0,1558.0
125122,FA128,300,3.0,7.0,X,0.02,0.18,0.21,0.009,0.02,11.0,8.0,12.0,1504.0,1544.0,1658.812744140625,1678.0,2627.0,1547.0
125121,FA128,300,2.0,7.0,X,0.02,0.18,0.21,0.009,0.02,11.0,4.0,28.0,1504.0,1544.0,1656.8570556640625,1657.0,2609.0,1547.0
125120,37C6E,300,1.0,7.0,X,0.02,0.17,0.2,0.009,0.02,1.0,3.0,45.0,1502.0,1542.0,1692.130859375,1701.0,0.0,1560.0
125119,0BFF6,300,3.0,3.0,X,0.0,0.93,1.0,0.006,0.0,10.0,14.0,19.0,1462.0,1488.0,1608.7154541015625,1612.0,2253.0,1496.0
125118,0BFF6,300,2.0,3.0,X,0.0,0.93,1.0,0.006,0.0,10.0,5.0,39.0,1462.0,1488.0,1608.4776611328125,1611.0,2230.0,1501.0
125117,0BFF6,300,1.0,3.0,X,0.0,0.93,1.0,0.006,0.0,10.0,8.0,11.0,1462.0,1488.0,1614.527099609375,1618.0,2229.0,1491.0
125116,EA23B,300,7.0,7.0,V,0.01,0.36,0.4,0.013,0.05,10.0,4.0,27.0,1480.0,1540.0,1649.44091796875,1660.0,2245.0,1544.0
125115,EA23B,300,6.0,7.0,V,0.01,0.36,0.4,0.013,0.05,9.0,14.0,18.0,1480.0,1540.0,1644.7484130859375,1648.0,2011.0,1544.0
125114,EA23B,300,5.0,7.0,V,0.01,0.36,0.4,0.013,0.05,9.0,5.0,38.0,1480.0,1540.0,1644.7484130859375,1647.0,2013.0,1545.0
125113,EA23B,300,4.0,7.0,V,0.01,0.36,0.4,0.013,0.05,9.0,8.0,10.0,1480.0,1540.0,1644.826416015625,1648.0,2008.0,1547.0
125112,EA23B,300,3.0,7.0,V,0.01,0.36,0.4,0.013,0.05,9.0,4.0,26.0,1480.0,1540.0,1644.826416015625,1647.0,2016.0,1548.0
125111,EA23B,300,2.0,7.0,V,0.01,0.36,0.4,0.013,0.05,8.0,14.0,17.0,1480.0,1540.0,1644.826416015625,1645.0,1778.0,1539.0
125110,EA23B,300,1.0,7.0,V,0.01,0.36,0.4,0.013,0.05,8.0,5.0,37.0,1480.0,1540.0,1667.2615966796875,1668.0,1771.0,1546.0
125109,7C2F1,300,4.0,4.0,X,0.0,0.37,0.45,0.0,0.08,8.0,8.0,9.0,1480.0,1520.0,1619.32568359375,1638.0,1760.0,1538.0
125108,258E9,300,3.0,4.0,X,0.01,0.32,0.35,0.0,0.0,8.0,4.0,25.0,1488.0,1528.0,1632.6763916015625,1636.0,1768.0,1538.0
125107,258E9,300,2.0,5.0,X,0.01,0.32,0.35,0.0,0.0,7.0,14.0,16.0,1488.0,1528.0,1631.789794921875,1642.0,1529.0,1544.0
125106,258E9,300,1.0,5.0,X,0.01,0.32,0.35,0.0,0.0,7.0,5.0,36.0,1488.0,1528.0,1659.734375,1659.0,1525.0,1539.0
125105,EEE12,300,9.0,9.0,X,0.0,0.69,0.72,0.0,0.02,7.0,8.0,8.0,1475.0,1510.0,1627.4642333984375,1627.0,1514.0,1516.0
125104,EEE12,300,8.0,9.0,X,0.0,0.69,0.72,0.0,0.02,7.0,4.0,24.0,1475.0,1510.0,1623.1409912109375,1619.0,1526.0,1517.0
125103,DE12C,300,7.0,9.0,X,0.02,0.53,0.55,0.0,0.02,6.0,14.0,15.0,1486.0,1536.0,1655.012939453125,1660.0,1286.0,1544.0
125102,DE12C,300,6.0,9.0,X,0.02,0.53,0.55,0.0,0.02,2.0,3.0,44.0,1486.0,1536.0,1653.28955078125,1656.0,291.0,1535.0
125101,5146B,300,5.0,9.0,X,0.005,0.45,0.48,0.0,0.0,6.0,5.0,35.0,1481.0,1526.0,1658.631591796875,1671.0,1202.0,1534.0
125100,5146B,300,4.0,9.0,X,0.005,0.45,0.48,0.0,0.0,6.0,8.0,7.0,1481.0,1526.0,1653.991455078125,1656.0,1199.0,1537.0
125099,5146B,300,3.0,9.0,X,0.005,0.45,0.48,0.0,0.0,6.0,4.0,23.0,1481.0,1526.0,1654.56787109375,1658.0,1211.0,1535.0
125098,E1CE3,300,2.0,9.0,X,0.01,0.37,0.39,0.0,0.0,5.0,14.0,14.0,1485.0,1525.0,1640.0048828125,1646.0,977.0,1534.0
125097,E1CE3,300,1.0,9.0,X,0.01,0.37,0.39,0.0,0.0,1.0,3.0,43.0,1485.0,1525.0,1680.9281005859375,1670.0,0.0,1535.0
125096,E1B6A,300,7.0,7.0,X,0.02,0.18,0.2,0.0,0.015,5.0,5.0,34.0,1501.0,1546.0,1653.252685546875,1657.0,922.0,1560.0
125095,E1B6A,300,6.0,7.0,X,0.02,0.18,0.2,0.0,0.015,5.0,8.0,6.0,1501.0,1546.0,1657.1846923828125,1660.0,923.0,1554.0
125094,DCC51,300,5.0,7.0,V,0.01,0.29,0.32,0.012,0.03,5.0,4.0,22.0,1486.0,1536.0,1646.4791259765625,1648.0,920.0,1547.0
125093,A63F7,300,4.0,7.0,V,0.01,0.41,0.43,0.014,0.02,4.0,14.0,13.0,1475.0,1525.0,1632.4598388671875,1630.0,673.0,1539.0
125092,A63F7,300,3.0,7.0,V,0.01,0.41,0.43,0.014,0.02,4.0,5.0,33.0,1475.0,1525.0,1633.689697265625,1637.0,665.0,1536.0
125091,E7641,300,2.0,7.0,X,0.015,0.58,0.62,0.0,0.0,4.0,8.0,5.0,1480.0,1520.0,1621.752197265625,1641.0,659.0,1532.0
125090,E7641,300,1.0,7.0,X,0.015,0.58,0.62,0.0,0.0,4.0,4.0,21.0,1480.0,1520.0,1650.0535888671875,1656.0,677.0,1533.0
125089,BF6EC,300,6.0,6.0,X,0.02,0.19,0.23,0.009,0.015,3.0,14.0,12.0,1504.0,1549.0,1656.9840087890625,1661.0,448.0,1554.0
125088,BF6EC,300,5.0,6.0,X,0.02,0.19,0.23,0.009,0.015,3.0,5.0,32.0,1504.0,1549.0,1659.125,1655.0,449.0,1543.0
125087,E0B89,300,4.0,6.0,X,0.02,0.22,0.25,0.01,0.015,3.0,8.0,4.0,1501.0,1546.0,1657.5108642578125,1671.0,440.0,1558.0
125086,E0B89,300,3.0,6.0,X,0.02,0.22,0.25,0.01,0.015,3.0,4.0,20.0,1501.0,1546.0,1656.7630615234375,1654.0,457.0,1545.0
125085,B0EC5,300,2.0,6.0,V,0.01,0.36,0.39,0.015,0.02,2.0,14.0,11.0,1480.0,1530.0,1639.9248046875,1655.0,232.0,1531.0
125084,31262,300,1.0,6.0,X,0.01,0.46,0.48,0.01,0.0,2.0,5.0,31.0,1480.0,1525.0,1657.5211181640625,1655.0,238.0,1527.0
125083,A2DFA,300,6.0,6.0,X,0.005,0.43,0.5,0.0,0.0,2.0,8.0,3.0,1480.0,1525.0,1624.6309814453125,1638.0,219.0,1536.0
125082,A2DFA,300,5.0,6.0,X,0.005,0.43,0.5,0.0,0.0,2.0,4.0,19.0,1480.0,1525.0,1618.37109375,1621.0,238.0,1531.0
125081,A2DFA,300,4.0,6.0,X,0.005,0.43,0.5,0.0,0.0,1.0,14.0,10.0,1480.0,1525.0,1635.9290771484375,1639.0,0.0,1527.0
125080,A2DFA,300,3.0,6.0,X,0.005,0.43,0.5,0.0,0.0,1.0,5.0,30.0,1480.0,1525.0,1641.1171875,1644.0,0.0,1537.0
125079,A2DFA,300,2.0,6.0,X,0.005,0.43,0.5,0.0,0.0,1.0,8.0,2.0,1480.0,1525.0,1648.4798583984375,1647.0,0.0,1536.0
125078,7B0D4,300,1.0,6.0,X,0.01,0.47,0.5,0.0,0.02,1.0,4.0,18.0,1483.0,1523.0,1675.981689453125,1681.0,0.0,1530.0
125077,B131E,300,4.0,4.0,X,0.02,0.46,0.49,0.005,0.02,7.0,3.0,42.0,1483.0,1518.0,1630.34033203125,1633.0,1715.0,1521.0
125076,B131E,300,3.0,10.0,X,0.02,0.46,0.49,0.005,0.02,29.0,5.0,29.0,1483.0,1518.0,1622.37890625,1625.0,7965.0,1531.0
124974,CA2FD,150,7.0,8.0,X,0.02,0.15,0.17,0.009,0.02,7.0,1.0,39.0,1507.0,1551.0,1660.4012451171875,1659.0,1960.0,1558.0
124780,E0B89,300,3.0,7.0,X,0.02,0.22,0.25,0.01,0.015,8.0,6.0,14.0,1501.0,1546.0,1659.169921875,1670.0,1853.0,1546.0
124779,E0B89,300,2.0,7.0,X,0.02,0.22,0.25,0.01,0.015,8.0,7.0,8.0,1501.0,1546.0,1658.3404541015625,1665.0,1971.0,1547.0
124778,60329,300,1.0,7.0,X,0.02,0.22,0.25,0.01,0.015,8.0,8.0,26.0,1501.0,1536.0,1669.263916015625,1684.0,1841.0,1542.0
124777,F7C5E,300,4.0,4.0,X,0.015,0.27,0.29,0.009,0.0,7.0,14.0,46.0,1501.0,1551.0,1700.6505126953125,1711.0,1614.0,1555.0
124600,FC47C,150,8.0,10.0,X,0.015,0.45,0.48,0.0,0.01,3.0,7.0,43.0,1482.0,1537.0,1641.839111328125,1643.0,589.0,1547.0
122844,E1B6A,300,4.0,7.0,X,0.02,0.18,0.2,0.0,0.015,4.0,15.0,49.0,1501.0,1546.0,1656.8978271484375,1647.0,921.0,1553.0
122843,DCC51,300,3.0,7.0,V,0.01,0.29,0.32,0.012,0.03,6.0,1.0,53.0,1486.0,1536.0,1654.86376953125,1653.0,1771.0,1542.0
122842,BCEE1,300,2.0,7.0,X,0.02,0.23,0.25,0.0,0.017,5.0,6.0,5.0,1497.0,1537.0,1652.2586669921875,1649.0,1258.0,1542.0
122837,9A58C,300,3.0,6.0,X,0.0,0.37,0.45,0.008,0.08,4.0,6.0,4.0,1480.0,1520.0,1625.9908447265625,1630.0,992.0,1520.0
